ISO-10303-21;
HEADER;
FILE_DESCRIPTION(('Open CASCADE Model'),'2;1');
FILE_NAME('Open CASCADE Shape Model','2026-05-04T02:37:12',('Author'),(
    'Open CASCADE'),'Open CASCADE STEP processor 7.8','build123d',
  'Unknown');
FILE_SCHEMA(('AUTOMOTIVE_DESIGN { 1 0 10303 214 1 1 1 1 }'));
ENDSEC;
DATA;
#1 = APPLICATION_PROTOCOL_DEFINITION('international standard',
  'automotive_design',2000,#2);
#2 = APPLICATION_CONTEXT(
  'core data for automotive mechanical design processes');
#3 = SHAPE_DEFINITION_REPRESENTATION(#4,#10);
#4 = PRODUCT_DEFINITION_SHAPE('','',#5);
#5 = PRODUCT_DEFINITION('design','',#6,#9);
#6 = PRODUCT_DEFINITION_FORMATION('','',#7);
#7 = PRODUCT('ASSEMBLY','ASSEMBLY','',(#8));
#8 = PRODUCT_CONTEXT('',#2,'mechanical');
#9 = PRODUCT_DEFINITION_CONTEXT('part definition',#2,'design');
#10 = SHAPE_REPRESENTATION('',(#11,#15,#19),#23);
#11 = AXIS2_PLACEMENT_3D('',#12,#13,#14);
#12 = CARTESIAN_POINT('',(0.,0.,0.));
#13 = DIRECTION('',(0.,0.,1.));
#14 = DIRECTION('',(1.,0.,-0.));
#15 = AXIS2_PLACEMENT_3D('',#16,#17,#18);
#16 = CARTESIAN_POINT('',(0.,0.,15.));
#17 = DIRECTION('',(0.,0.,1.));
#18 = DIRECTION('',(1.,0.,-0.));
#19 = AXIS2_PLACEMENT_3D('',#20,#21,#22);
#20 = CARTESIAN_POINT('',(85.,0.,15.0000001));
#21 = DIRECTION('',(0.,-1.224646799147E-16,-1.));
#22 = DIRECTION('',(1.,0.,0.));
#23 = ( GEOMETRIC_REPRESENTATION_CONTEXT(3) 
GLOBAL_UNCERTAINTY_ASSIGNED_CONTEXT((#27)) GLOBAL_UNIT_ASSIGNED_CONTEXT(
(#24,#25,#26)) REPRESENTATION_CONTEXT('Context #1',
  '3D Context with UNIT and UNCERTAINTY') );
#24 = ( LENGTH_UNIT() NAMED_UNIT(*) SI_UNIT(.MILLI.,.METRE.) );
#25 = ( NAMED_UNIT(*) PLANE_ANGLE_UNIT() SI_UNIT($,.RADIAN.) );
#26 = ( NAMED_UNIT(*) SI_UNIT($,.STERADIAN.) SOLID_ANGLE_UNIT() );
#27 = UNCERTAINTY_MEASURE_WITH_UNIT(LENGTH_MEASURE(2.E-06),#24,
  'distance_accuracy_value','confusion accuracy');
#28 = PRODUCT_RELATED_PRODUCT_CATEGORY('part',$,(#7));
#29 = SHAPE_DEFINITION_REPRESENTATION(#30,#36);
#30 = PRODUCT_DEFINITION_SHAPE('','',#31);
#31 = PRODUCT_DEFINITION('design','',#32,#35);
#32 = PRODUCT_DEFINITION_FORMATION('','',#33);
#33 = PRODUCT('SOLID','SOLID','',(#34));
#34 = PRODUCT_CONTEXT('',#2,'mechanical');
#35 = PRODUCT_DEFINITION_CONTEXT('part definition',#2,'design');
#36 = ADVANCED_BREP_SHAPE_REPRESENTATION('',(#11,#37),#8318);
#37 = MANIFOLD_SOLID_BREP('',#38);
#38 = CLOSED_SHELL('',(#39,#219,#302,#381,#937,#987,#1037,#1087,#1141,
    #1166,#1552,#1577,#1632,#1818,#1873,#2181,#2258,#2546,#2600,#2655,
    #2709,#2875,#2929,#2984,#3058,#3110,#3142,#3197,#3255,#3287,#3313,
    #3339,#3384,#3439,#3508,#3555,#3602,#3627,#3677,#3746,#3793,#3840,
    #3865,#3915,#3921,#3948,#3995,#4022,#4049,#4056,#4062,#4089,#4136,
    #4163,#4190,#4197,#4224,#4251,#4278,#4305,#4355,#4637,#4709,#4819,
    #5052,#5395,#5467,#5577,#5649,#5992,#6225,#6335,#6423,#6656,#6940,
    #6975,#7005,#7040,#7070,#7105,#7139,#7194,#7249,#7304,#7359,#7414,
    #7469,#7505,#7541,#7577,#7612,#7647,#7682,#7717,#7752,#7787,#7842,
    #7897,#7952,#8007,#8062,#8117,#8172,#8227,#8282,#8286,#8290,#8294,
    #8298,#8302,#8306,#8310,#8314));
#39 = ADVANCED_FACE('',(#40,#157,#188),#54,.F.);
#40 = FACE_BOUND('',#41,.F.);
#41 = EDGE_LOOP('',(#42,#77,#105,#133));
#42 = ORIENTED_EDGE('',*,*,#43,.F.);
#43 = EDGE_CURVE('',#44,#46,#48,.T.);
#44 = VERTEX_POINT('',#45);
#45 = CARTESIAN_POINT('',(-40.,-69.5,-12.));
#46 = VERTEX_POINT('',#47);
#47 = CARTESIAN_POINT('',(-40.,-69.5,11.));
#48 = SURFACE_CURVE('',#49,(#53,#65),.PCURVE_S1.);
#49 = LINE('',#50,#51);
#50 = CARTESIAN_POINT('',(-40.,-69.5,-15.));
#51 = VECTOR('',#52,1.);
#52 = DIRECTION('',(0.,0.,1.));
#53 = PCURVE('',#54,#59);
#54 = PLANE('',#55);
#55 = AXIS2_PLACEMENT_3D('',#56,#57,#58);
#56 = CARTESIAN_POINT('',(-40.,-72.5,-15.));
#57 = DIRECTION('',(1.,0.,0.));
#58 = DIRECTION('',(0.,0.,1.));
#59 = DEFINITIONAL_REPRESENTATION('',(#60),#64);
#60 = LINE('',#61,#62);
#61 = CARTESIAN_POINT('',(0.,-3.));
#62 = VECTOR('',#63,1.);
#63 = DIRECTION('',(1.,0.));
#64 = ( GEOMETRIC_REPRESENTATION_CONTEXT(2) 
PARAMETRIC_REPRESENTATION_CONTEXT() REPRESENTATION_CONTEXT('2D SPACE',''
  ) );
#65 = PCURVE('',#66,#71);
#66 = CYLINDRICAL_SURFACE('',#67,3.);
#67 = AXIS2_PLACEMENT_3D('',#68,#69,#70);
#68 = CARTESIAN_POINT('',(-37.,-69.5,-15.));
#69 = DIRECTION('',(0.,0.,1.));
#70 = DIRECTION('',(-1.,-0.,0.));
#71 = DEFINITIONAL_REPRESENTATION('',(#72),#76);
#72 = LINE('',#73,#74);
#73 = CARTESIAN_POINT('',(0.,0.));
#74 = VECTOR('',#75,1.);
#75 = DIRECTION('',(0.,1.));
#76 = ( GEOMETRIC_REPRESENTATION_CONTEXT(2) 
PARAMETRIC_REPRESENTATION_CONTEXT() REPRESENTATION_CONTEXT('2D SPACE',''
  ) );
#77 = ORIENTED_EDGE('',*,*,#78,.T.);
#78 = EDGE_CURVE('',#44,#79,#81,.T.);
#79 = VERTEX_POINT('',#80);
#80 = CARTESIAN_POINT('',(-40.,69.5,-12.));
#81 = SURFACE_CURVE('',#82,(#86,#93),.PCURVE_S1.);
#82 = LINE('',#83,#84);
#83 = CARTESIAN_POINT('',(-40.,-72.5,-12.));
#84 = VECTOR('',#85,1.);
#85 = DIRECTION('',(0.,1.,0.));
#86 = PCURVE('',#54,#87);
#87 = DEFINITIONAL_REPRESENTATION('',(#88),#92);
#88 = LINE('',#89,#90);
#89 = CARTESIAN_POINT('',(3.,0.));
#90 = VECTOR('',#91,1.);
#91 = DIRECTION('',(0.,-1.));
#92 = ( GEOMETRIC_REPRESENTATION_CONTEXT(2) 
PARAMETRIC_REPRESENTATION_CONTEXT() REPRESENTATION_CONTEXT('2D SPACE',''
  ) );
#93 = PCURVE('',#94,#99);
#94 = CYLINDRICAL_SURFACE('',#95,3.);
#95 = AXIS2_PLACEMENT_3D('',#96,#97,#98);
#96 = CARTESIAN_POINT('',(-37.,-72.5,-12.));
#97 = DIRECTION('',(0.,1.,0.));
#98 = DIRECTION('',(-1.,0.,0.));
#99 = DEFINITIONAL_REPRESENTATION('',(#100),#104);
#100 = LINE('',#101,#102);
#101 = CARTESIAN_POINT('',(-0.,0.));
#102 = VECTOR('',#103,1.);
#103 = DIRECTION('',(-0.,1.));
#104 = ( GEOMETRIC_REPRESENTATION_CONTEXT(2) 
PARAMETRIC_REPRESENTATION_CONTEXT() REPRESENTATION_CONTEXT('2D SPACE',''
  ) );
#105 = ORIENTED_EDGE('',*,*,#106,.T.);
#106 = EDGE_CURVE('',#79,#107,#109,.T.);
#107 = VERTEX_POINT('',#108);
#108 = CARTESIAN_POINT('',(-40.,69.5,11.));
#109 = SURFACE_CURVE('',#110,(#114,#121),.PCURVE_S1.);
#110 = LINE('',#111,#112);
#111 = CARTESIAN_POINT('',(-40.,69.5,-15.));
#112 = VECTOR('',#113,1.);
#113 = DIRECTION('',(0.,0.,1.));
#114 = PCURVE('',#54,#115);
#115 = DEFINITIONAL_REPRESENTATION('',(#116),#120);
#116 = LINE('',#117,#118);
#117 = CARTESIAN_POINT('',(0.,-142.));
#118 = VECTOR('',#119,1.);
#119 = DIRECTION('',(1.,0.));
#120 = ( GEOMETRIC_REPRESENTATION_CONTEXT(2) 
PARAMETRIC_REPRESENTATION_CONTEXT() REPRESENTATION_CONTEXT('2D SPACE',''
  ) );
#121 = PCURVE('',#122,#127);
#122 = CYLINDRICAL_SURFACE('',#123,3.);
#123 = AXIS2_PLACEMENT_3D('',#124,#125,#126);
#124 = CARTESIAN_POINT('',(-37.,69.5,-15.));
#125 = DIRECTION('',(0.,0.,1.));
#126 = DIRECTION('',(-1.,-0.,0.));
#127 = DEFINITIONAL_REPRESENTATION('',(#128),#132);
#128 = LINE('',#129,#130);
#129 = CARTESIAN_POINT('',(-0.,0.));
#130 = VECTOR('',#131,1.);
#131 = DIRECTION('',(-0.,1.));
#132 = ( GEOMETRIC_REPRESENTATION_CONTEXT(2) 
PARAMETRIC_REPRESENTATION_CONTEXT() REPRESENTATION_CONTEXT('2D SPACE',''
  ) );
#133 = ORIENTED_EDGE('',*,*,#134,.T.);
#134 = EDGE_CURVE('',#107,#46,#135,.T.);
#135 = SURFACE_CURVE('',#136,(#140,#146),.PCURVE_S1.);
#136 = LINE('',#137,#138);
#137 = CARTESIAN_POINT('',(-40.,-36.25,11.));
#138 = VECTOR('',#139,1.);
#139 = DIRECTION('',(0.,-1.,0.));
#140 = PCURVE('',#54,#141);
#141 = DEFINITIONAL_REPRESENTATION('',(#142),#145);
#142 = B_SPLINE_CURVE_WITH_KNOTS('',1,(#143,#144),.UNSPECIFIED.,.F.,.F.,
  (2,2),(-105.75,33.25),.PIECEWISE_BEZIER_KNOTS.);
#143 = CARTESIAN_POINT('',(26.,-142.));
#144 = CARTESIAN_POINT('',(26.,-3.));
#145 = ( GEOMETRIC_REPRESENTATION_CONTEXT(2) 
PARAMETRIC_REPRESENTATION_CONTEXT() REPRESENTATION_CONTEXT('2D SPACE',''
  ) );
#146 = PCURVE('',#147,#152);
#147 = PLANE('',#148);
#148 = AXIS2_PLACEMENT_3D('',#149,#150,#151);
#149 = CARTESIAN_POINT('',(0.,0.,11.));
#150 = DIRECTION('',(0.,0.,1.));
#151 = DIRECTION('',(1.,0.,-0.));
#152 = DEFINITIONAL_REPRESENTATION('',(#153),#156);
#153 = B_SPLINE_CURVE_WITH_KNOTS('',1,(#154,#155),.UNSPECIFIED.,.F.,.F.,
  (2,2),(-105.75,33.25),.PIECEWISE_BEZIER_KNOTS.);
#154 = CARTESIAN_POINT('',(-40.,69.5));
#155 = CARTESIAN_POINT('',(-40.,-69.5));
#156 = ( GEOMETRIC_REPRESENTATION_CONTEXT(2) 
PARAMETRIC_REPRESENTATION_CONTEXT() REPRESENTATION_CONTEXT('2D SPACE',''
  ) );
#157 = FACE_BOUND('',#158,.F.);
#158 = EDGE_LOOP('',(#159));
#159 = ORIENTED_EDGE('',*,*,#160,.F.);
#160 = EDGE_CURVE('',#161,#161,#163,.T.);
#161 = VERTEX_POINT('',#162);
#162 = CARTESIAN_POINT('',(-40.,-27.5,-5.));
#163 = SURFACE_CURVE('',#164,(#169,#176),.PCURVE_S1.);
#164 = CIRCLE('',#165,4.);
#165 = AXIS2_PLACEMENT_3D('',#166,#167,#168);
#166 = CARTESIAN_POINT('',(-40.,-27.5,-1.));
#167 = DIRECTION('',(1.,0.,2.22044604925E-16));
#168 = DIRECTION('',(2.22044604925E-16,0.,-1.));
#169 = PCURVE('',#54,#170);
#170 = DEFINITIONAL_REPRESENTATION('',(#171),#175);
#171 = CIRCLE('',#172,4.);
#172 = AXIS2_PLACEMENT_2D('',#173,#174);
#173 = CARTESIAN_POINT('',(14.,-45.));
#174 = DIRECTION('',(-1.,0.));
#175 = ( GEOMETRIC_REPRESENTATION_CONTEXT(2) 
PARAMETRIC_REPRESENTATION_CONTEXT() REPRESENTATION_CONTEXT('2D SPACE',''
  ) );
#176 = PCURVE('',#177,#182);
#177 = CYLINDRICAL_SURFACE('',#178,4.);
#178 = AXIS2_PLACEMENT_3D('',#179,#180,#181);
#179 = CARTESIAN_POINT('',(-43.,-27.5,-1.));
#180 = DIRECTION('',(1.,0.,2.22044604925E-16));
#181 = DIRECTION('',(2.22044604925E-16,0.,-1.));
#182 = DEFINITIONAL_REPRESENTATION('',(#183),#187);
#183 = LINE('',#184,#185);
#184 = CARTESIAN_POINT('',(0.,3.));
#185 = VECTOR('',#186,1.);
#186 = DIRECTION('',(1.,0.));
#187 = ( GEOMETRIC_REPRESENTATION_CONTEXT(2) 
PARAMETRIC_REPRESENTATION_CONTEXT() REPRESENTATION_CONTEXT('2D SPACE',''
  ) );
#188 = FACE_BOUND('',#189,.F.);
#189 = EDGE_LOOP('',(#190));
#190 = ORIENTED_EDGE('',*,*,#191,.F.);
#191 = EDGE_CURVE('',#192,#192,#194,.T.);
#192 = VERTEX_POINT('',#193);
#193 = CARTESIAN_POINT('',(-40.,-39.5,-4.));
#194 = SURFACE_CURVE('',#195,(#200,#207),.PCURVE_S1.);
#195 = CIRCLE('',#196,3.);
#196 = AXIS2_PLACEMENT_3D('',#197,#198,#199);
#197 = CARTESIAN_POINT('',(-40.,-39.5,-1.));
#198 = DIRECTION('',(1.,0.,2.22044604925E-16));
#199 = DIRECTION('',(2.22044604925E-16,0.,-1.));
#200 = PCURVE('',#54,#201);
#201 = DEFINITIONAL_REPRESENTATION('',(#202),#206);
#202 = CIRCLE('',#203,3.);
#203 = AXIS2_PLACEMENT_2D('',#204,#205);
#204 = CARTESIAN_POINT('',(14.,-33.));
#205 = DIRECTION('',(-1.,0.));
#206 = ( GEOMETRIC_REPRESENTATION_CONTEXT(2) 
PARAMETRIC_REPRESENTATION_CONTEXT() REPRESENTATION_CONTEXT('2D SPACE',''
  ) );
#207 = PCURVE('',#208,#213);
#208 = CYLINDRICAL_SURFACE('',#209,3.);
#209 = AXIS2_PLACEMENT_3D('',#210,#211,#212);
#210 = CARTESIAN_POINT('',(-43.,-39.5,-1.));
#211 = DIRECTION('',(1.,0.,2.22044604925E-16));
#212 = DIRECTION('',(2.22044604925E-16,0.,-1.));
#213 = DEFINITIONAL_REPRESENTATION('',(#214),#218);
#214 = LINE('',#215,#216);
#215 = CARTESIAN_POINT('',(0.,3.));
#216 = VECTOR('',#217,1.);
#217 = DIRECTION('',(1.,0.));
#218 = ( GEOMETRIC_REPRESENTATION_CONTEXT(2) 
PARAMETRIC_REPRESENTATION_CONTEXT() REPRESENTATION_CONTEXT('2D SPACE',''
  ) );
#219 = ADVANCED_FACE('',(#220),#66,.T.);
#220 = FACE_BOUND('',#221,.T.);
#221 = EDGE_LOOP('',(#222,#223,#252,#280));
#222 = ORIENTED_EDGE('',*,*,#43,.F.);
#223 = ORIENTED_EDGE('',*,*,#224,.T.);
#224 = EDGE_CURVE('',#44,#225,#227,.T.);
#225 = VERTEX_POINT('',#226);
#226 = CARTESIAN_POINT('',(-37.,-72.5,-12.));
#227 = SURFACE_CURVE('',#228,(#233,#240),.PCURVE_S1.);
#228 = CIRCLE('',#229,3.);
#229 = AXIS2_PLACEMENT_3D('',#230,#231,#232);
#230 = CARTESIAN_POINT('',(-37.,-69.5,-12.));
#231 = DIRECTION('',(0.,0.,1.));
#232 = DIRECTION('',(-1.,0.,0.));
#233 = PCURVE('',#66,#234);
#234 = DEFINITIONAL_REPRESENTATION('',(#235),#239);
#235 = LINE('',#236,#237);
#236 = CARTESIAN_POINT('',(0.,3.));
#237 = VECTOR('',#238,1.);
#238 = DIRECTION('',(1.,0.));
#239 = ( GEOMETRIC_REPRESENTATION_CONTEXT(2) 
PARAMETRIC_REPRESENTATION_CONTEXT() REPRESENTATION_CONTEXT('2D SPACE',''
  ) );
#240 = PCURVE('',#241,#246);
#241 = SPHERICAL_SURFACE('',#242,3.);
#242 = AXIS2_PLACEMENT_3D('',#243,#244,#245);
#243 = CARTESIAN_POINT('',(-37.,-69.5,-12.));
#244 = DIRECTION('',(0.,0.,1.));
#245 = DIRECTION('',(-1.,0.,0.));
#246 = DEFINITIONAL_REPRESENTATION('',(#247),#251);
#247 = LINE('',#248,#249);
#248 = CARTESIAN_POINT('',(0.,0.));
#249 = VECTOR('',#250,1.);
#250 = DIRECTION('',(1.,0.));
#251 = ( GEOMETRIC_REPRESENTATION_CONTEXT(2) 
PARAMETRIC_REPRESENTATION_CONTEXT() REPRESENTATION_CONTEXT('2D SPACE',''
  ) );
#252 = ORIENTED_EDGE('',*,*,#253,.T.);
#253 = EDGE_CURVE('',#225,#254,#256,.T.);
#254 = VERTEX_POINT('',#255);
#255 = CARTESIAN_POINT('',(-37.,-72.5,11.));
#256 = SURFACE_CURVE('',#257,(#261,#268),.PCURVE_S1.);
#257 = LINE('',#258,#259);
#258 = CARTESIAN_POINT('',(-37.,-72.5,-15.));
#259 = VECTOR('',#260,1.);
#260 = DIRECTION('',(0.,0.,1.));
#261 = PCURVE('',#66,#262);
#262 = DEFINITIONAL_REPRESENTATION('',(#263),#267);
#263 = LINE('',#264,#265);
#264 = CARTESIAN_POINT('',(1.570796326795,0.));
#265 = VECTOR('',#266,1.);
#266 = DIRECTION('',(0.,1.));
#267 = ( GEOMETRIC_REPRESENTATION_CONTEXT(2) 
PARAMETRIC_REPRESENTATION_CONTEXT() REPRESENTATION_CONTEXT('2D SPACE',''
  ) );
#268 = PCURVE('',#269,#274);
#269 = PLANE('',#270);
#270 = AXIS2_PLACEMENT_3D('',#271,#272,#273);
#271 = CARTESIAN_POINT('',(-40.,-72.5,-15.));
#272 = DIRECTION('',(0.,1.,0.));
#273 = DIRECTION('',(0.,0.,1.));
#274 = DEFINITIONAL_REPRESENTATION('',(#275),#279);
#275 = LINE('',#276,#277);
#276 = CARTESIAN_POINT('',(0.,3.));
#277 = VECTOR('',#278,1.);
#278 = DIRECTION('',(1.,0.));
#279 = ( GEOMETRIC_REPRESENTATION_CONTEXT(2) 
PARAMETRIC_REPRESENTATION_CONTEXT() REPRESENTATION_CONTEXT('2D SPACE',''
  ) );
#280 = ORIENTED_EDGE('',*,*,#281,.F.);
#281 = EDGE_CURVE('',#46,#254,#282,.T.);
#282 = SURFACE_CURVE('',#283,(#288,#295),.PCURVE_S1.);
#283 = CIRCLE('',#284,3.);
#284 = AXIS2_PLACEMENT_3D('',#285,#286,#287);
#285 = CARTESIAN_POINT('',(-37.,-69.5,11.));
#286 = DIRECTION('',(0.,0.,1.));
#287 = DIRECTION('',(-1.,-0.,0.));
#288 = PCURVE('',#66,#289);
#289 = DEFINITIONAL_REPRESENTATION('',(#290),#294);
#290 = LINE('',#291,#292);
#291 = CARTESIAN_POINT('',(0.,26.));
#292 = VECTOR('',#293,1.);
#293 = DIRECTION('',(1.,0.));
#294 = ( GEOMETRIC_REPRESENTATION_CONTEXT(2) 
PARAMETRIC_REPRESENTATION_CONTEXT() REPRESENTATION_CONTEXT('2D SPACE',''
  ) );
#295 = PCURVE('',#147,#296);
#296 = DEFINITIONAL_REPRESENTATION('',(#297),#301);
#297 = CIRCLE('',#298,3.);
#298 = AXIS2_PLACEMENT_2D('',#299,#300);
#299 = CARTESIAN_POINT('',(-37.,-69.5));
#300 = DIRECTION('',(-1.,0.));
#301 = ( GEOMETRIC_REPRESENTATION_CONTEXT(2) 
PARAMETRIC_REPRESENTATION_CONTEXT() REPRESENTATION_CONTEXT('2D SPACE',''
  ) );
#302 = ADVANCED_FACE('',(#303),#94,.T.);
#303 = FACE_BOUND('',#304,.F.);
#304 = EDGE_LOOP('',(#305,#327,#355,#380));
#305 = ORIENTED_EDGE('',*,*,#306,.F.);
#306 = EDGE_CURVE('',#307,#44,#309,.T.);
#307 = VERTEX_POINT('',#308);
#308 = CARTESIAN_POINT('',(-37.,-69.5,-15.));
#309 = SURFACE_CURVE('',#310,(#315,#321),.PCURVE_S1.);
#310 = CIRCLE('',#311,3.);
#311 = AXIS2_PLACEMENT_3D('',#312,#313,#314);
#312 = CARTESIAN_POINT('',(-37.,-69.5,-12.));
#313 = DIRECTION('',(0.,1.,-0.));
#314 = DIRECTION('',(-1.,0.,0.));
#315 = PCURVE('',#94,#316);
#316 = DEFINITIONAL_REPRESENTATION('',(#317),#320);
#317 = B_SPLINE_CURVE_WITH_KNOTS('',1,(#318,#319),.UNSPECIFIED.,.F.,.F.,
  (2,2),(4.712388980385,6.28318530718),.PIECEWISE_BEZIER_KNOTS.);
#318 = CARTESIAN_POINT('',(-1.570796326795,3.));
#319 = CARTESIAN_POINT('',(0.,3.));
#320 = ( GEOMETRIC_REPRESENTATION_CONTEXT(2) 
PARAMETRIC_REPRESENTATION_CONTEXT() REPRESENTATION_CONTEXT('2D SPACE',''
  ) );
#321 = PCURVE('',#241,#322);
#322 = DEFINITIONAL_REPRESENTATION('',(#323),#326);
#323 = B_SPLINE_CURVE_WITH_KNOTS('',1,(#324,#325),.UNSPECIFIED.,.F.,.F.,
  (2,2),(4.712388980385,6.28318530718),.PIECEWISE_BEZIER_KNOTS.);
#324 = CARTESIAN_POINT('',(0.,-1.570796326795));
#325 = CARTESIAN_POINT('',(0.,0.));
#326 = ( GEOMETRIC_REPRESENTATION_CONTEXT(2) 
PARAMETRIC_REPRESENTATION_CONTEXT() REPRESENTATION_CONTEXT('2D SPACE',''
  ) );
#327 = ORIENTED_EDGE('',*,*,#328,.T.);
#328 = EDGE_CURVE('',#307,#329,#331,.T.);
#329 = VERTEX_POINT('',#330);
#330 = CARTESIAN_POINT('',(-37.,69.5,-15.));
#331 = SURFACE_CURVE('',#332,(#336,#343),.PCURVE_S1.);
#332 = LINE('',#333,#334);
#333 = CARTESIAN_POINT('',(-37.,-72.5,-15.));
#334 = VECTOR('',#335,1.);
#335 = DIRECTION('',(0.,1.,0.));
#336 = PCURVE('',#94,#337);
#337 = DEFINITIONAL_REPRESENTATION('',(#338),#342);
#338 = LINE('',#339,#340);
#339 = CARTESIAN_POINT('',(-1.570796326795,0.));
#340 = VECTOR('',#341,1.);
#341 = DIRECTION('',(-0.,1.));
#342 = ( GEOMETRIC_REPRESENTATION_CONTEXT(2) 
PARAMETRIC_REPRESENTATION_CONTEXT() REPRESENTATION_CONTEXT('2D SPACE',''
  ) );
#343 = PCURVE('',#344,#349);
#344 = PLANE('',#345);
#345 = AXIS2_PLACEMENT_3D('',#346,#347,#348);
#346 = CARTESIAN_POINT('',(-40.,-72.5,-15.));
#347 = DIRECTION('',(0.,0.,1.));
#348 = DIRECTION('',(1.,0.,0.));
#349 = DEFINITIONAL_REPRESENTATION('',(#350),#354);
#350 = LINE('',#351,#352);
#351 = CARTESIAN_POINT('',(3.,0.));
#352 = VECTOR('',#353,1.);
#353 = DIRECTION('',(0.,1.));
#354 = ( GEOMETRIC_REPRESENTATION_CONTEXT(2) 
PARAMETRIC_REPRESENTATION_CONTEXT() REPRESENTATION_CONTEXT('2D SPACE',''
  ) );
#355 = ORIENTED_EDGE('',*,*,#356,.T.);
#356 = EDGE_CURVE('',#329,#79,#357,.T.);
#357 = SURFACE_CURVE('',#358,(#363,#369),.PCURVE_S1.);
#358 = CIRCLE('',#359,3.);
#359 = AXIS2_PLACEMENT_3D('',#360,#361,#362);
#360 = CARTESIAN_POINT('',(-37.,69.5,-12.));
#361 = DIRECTION('',(0.,1.,-0.));
#362 = DIRECTION('',(-1.,0.,0.));
#363 = PCURVE('',#94,#364);
#364 = DEFINITIONAL_REPRESENTATION('',(#365),#368);
#365 = B_SPLINE_CURVE_WITH_KNOTS('',1,(#366,#367),.UNSPECIFIED.,.F.,.F.,
  (2,2),(4.712388980385,6.28318530718),.PIECEWISE_BEZIER_KNOTS.);
#366 = CARTESIAN_POINT('',(-1.570796326795,142.));
#367 = CARTESIAN_POINT('',(0.,142.));
#368 = ( GEOMETRIC_REPRESENTATION_CONTEXT(2) 
PARAMETRIC_REPRESENTATION_CONTEXT() REPRESENTATION_CONTEXT('2D SPACE',''
  ) );
#369 = PCURVE('',#370,#375);
#370 = SPHERICAL_SURFACE('',#371,3.);
#371 = AXIS2_PLACEMENT_3D('',#372,#373,#374);
#372 = CARTESIAN_POINT('',(-37.,69.5,-12.));
#373 = DIRECTION('',(0.,0.,1.));
#374 = DIRECTION('',(-1.,0.,0.));
#375 = DEFINITIONAL_REPRESENTATION('',(#376),#379);
#376 = B_SPLINE_CURVE_WITH_KNOTS('',1,(#377,#378),.UNSPECIFIED.,.F.,.F.,
  (2,2),(4.712388980385,6.28318530718),.PIECEWISE_BEZIER_KNOTS.);
#377 = CARTESIAN_POINT('',(0.,-1.570796326795));
#378 = CARTESIAN_POINT('',(0.,0.));
#379 = ( GEOMETRIC_REPRESENTATION_CONTEXT(2) 
PARAMETRIC_REPRESENTATION_CONTEXT() REPRESENTATION_CONTEXT('2D SPACE',''
  ) );
#380 = ORIENTED_EDGE('',*,*,#78,.F.);
#381 = ADVANCED_FACE('',(#382,#539),#147,.T.);
#382 = FACE_BOUND('',#383,.T.);
#383 = EDGE_LOOP('',(#384,#408,#409,#410,#431,#460,#486,#515));
#384 = ORIENTED_EDGE('',*,*,#385,.T.);
#385 = EDGE_CURVE('',#386,#107,#388,.T.);
#386 = VERTEX_POINT('',#387);
#387 = CARTESIAN_POINT('',(-37.,72.5,11.));
#388 = SURFACE_CURVE('',#389,(#394,#401),.PCURVE_S1.);
#389 = CIRCLE('',#390,3.);
#390 = AXIS2_PLACEMENT_3D('',#391,#392,#393);
#391 = CARTESIAN_POINT('',(-37.,69.5,11.));
#392 = DIRECTION('',(0.,0.,1.));
#393 = DIRECTION('',(-1.,-0.,0.));
#394 = PCURVE('',#147,#395);
#395 = DEFINITIONAL_REPRESENTATION('',(#396),#400);
#396 = CIRCLE('',#397,3.);
#397 = AXIS2_PLACEMENT_2D('',#398,#399);
#398 = CARTESIAN_POINT('',(-37.,69.5));
#399 = DIRECTION('',(-1.,0.));
#400 = ( GEOMETRIC_REPRESENTATION_CONTEXT(2) 
PARAMETRIC_REPRESENTATION_CONTEXT() REPRESENTATION_CONTEXT('2D SPACE',''
  ) );
#401 = PCURVE('',#122,#402);
#402 = DEFINITIONAL_REPRESENTATION('',(#403),#407);
#403 = LINE('',#404,#405);
#404 = CARTESIAN_POINT('',(-6.28318530718,26.));
#405 = VECTOR('',#406,1.);
#406 = DIRECTION('',(1.,-0.));
#407 = ( GEOMETRIC_REPRESENTATION_CONTEXT(2) 
PARAMETRIC_REPRESENTATION_CONTEXT() REPRESENTATION_CONTEXT('2D SPACE',''
  ) );
#408 = ORIENTED_EDGE('',*,*,#134,.T.);
#409 = ORIENTED_EDGE('',*,*,#281,.T.);
#410 = ORIENTED_EDGE('',*,*,#411,.T.);
#411 = EDGE_CURVE('',#254,#412,#414,.T.);
#412 = VERTEX_POINT('',#413);
#413 = CARTESIAN_POINT('',(37.,-72.5,11.));
#414 = SURFACE_CURVE('',#415,(#419,#425),.PCURVE_S1.);
#415 = LINE('',#416,#417);
#416 = CARTESIAN_POINT('',(-20.,-72.5,11.));
#417 = VECTOR('',#418,1.);
#418 = DIRECTION('',(1.,0.,0.));
#419 = PCURVE('',#147,#420);
#420 = DEFINITIONAL_REPRESENTATION('',(#421),#424);
#421 = B_SPLINE_CURVE_WITH_KNOTS('',1,(#422,#423),.UNSPECIFIED.,.F.,.F.,
  (2,2),(-17.,57.),.PIECEWISE_BEZIER_KNOTS.);
#422 = CARTESIAN_POINT('',(-37.,-72.5));
#423 = CARTESIAN_POINT('',(37.,-72.5));
#424 = ( GEOMETRIC_REPRESENTATION_CONTEXT(2) 
PARAMETRIC_REPRESENTATION_CONTEXT() REPRESENTATION_CONTEXT('2D SPACE',''
  ) );
#425 = PCURVE('',#269,#426);
#426 = DEFINITIONAL_REPRESENTATION('',(#427),#430);
#427 = B_SPLINE_CURVE_WITH_KNOTS('',1,(#428,#429),.UNSPECIFIED.,.F.,.F.,
  (2,2),(-17.,57.),.PIECEWISE_BEZIER_KNOTS.);
#428 = CARTESIAN_POINT('',(26.,3.));
#429 = CARTESIAN_POINT('',(26.,77.));
#430 = ( GEOMETRIC_REPRESENTATION_CONTEXT(2) 
PARAMETRIC_REPRESENTATION_CONTEXT() REPRESENTATION_CONTEXT('2D SPACE',''
  ) );
#431 = ORIENTED_EDGE('',*,*,#432,.T.);
#432 = EDGE_CURVE('',#412,#433,#435,.T.);
#433 = VERTEX_POINT('',#434);
#434 = CARTESIAN_POINT('',(40.,-69.5,11.));
#435 = SURFACE_CURVE('',#436,(#441,#448),.PCURVE_S1.);
#436 = CIRCLE('',#437,3.);
#437 = AXIS2_PLACEMENT_3D('',#438,#439,#440);
#438 = CARTESIAN_POINT('',(37.,-69.5,11.));
#439 = DIRECTION('',(0.,0.,1.));
#440 = DIRECTION('',(1.,0.,-0.));
#441 = PCURVE('',#147,#442);
#442 = DEFINITIONAL_REPRESENTATION('',(#443),#447);
#443 = CIRCLE('',#444,3.);
#444 = AXIS2_PLACEMENT_2D('',#445,#446);
#445 = CARTESIAN_POINT('',(37.,-69.5));
#446 = DIRECTION('',(1.,0.));
#447 = ( GEOMETRIC_REPRESENTATION_CONTEXT(2) 
PARAMETRIC_REPRESENTATION_CONTEXT() REPRESENTATION_CONTEXT('2D SPACE',''
  ) );
#448 = PCURVE('',#449,#454);
#449 = CYLINDRICAL_SURFACE('',#450,3.);
#450 = AXIS2_PLACEMENT_3D('',#451,#452,#453);
#451 = CARTESIAN_POINT('',(37.,-69.5,-15.));
#452 = DIRECTION('',(0.,0.,1.));
#453 = DIRECTION('',(1.,0.,-0.));
#454 = DEFINITIONAL_REPRESENTATION('',(#455),#459);
#455 = LINE('',#456,#457);
#456 = CARTESIAN_POINT('',(-6.28318530718,26.));
#457 = VECTOR('',#458,1.);
#458 = DIRECTION('',(1.,-0.));
#459 = ( GEOMETRIC_REPRESENTATION_CONTEXT(2) 
PARAMETRIC_REPRESENTATION_CONTEXT() REPRESENTATION_CONTEXT('2D SPACE',''
  ) );
#460 = ORIENTED_EDGE('',*,*,#461,.F.);
#461 = EDGE_CURVE('',#462,#433,#464,.T.);
#462 = VERTEX_POINT('',#463);
#463 = CARTESIAN_POINT('',(40.,69.5,11.));
#464 = SURFACE_CURVE('',#465,(#469,#475),.PCURVE_S1.);
#465 = LINE('',#466,#467);
#466 = CARTESIAN_POINT('',(40.,-36.25,11.));
#467 = VECTOR('',#468,1.);
#468 = DIRECTION('',(0.,-1.,0.));
#469 = PCURVE('',#147,#470);
#470 = DEFINITIONAL_REPRESENTATION('',(#471),#474);
#471 = B_SPLINE_CURVE_WITH_KNOTS('',1,(#472,#473),.UNSPECIFIED.,.F.,.F.,
  (2,2),(-105.75,33.25),.PIECEWISE_BEZIER_KNOTS.);
#472 = CARTESIAN_POINT('',(40.,69.5));
#473 = CARTESIAN_POINT('',(40.,-69.5));
#474 = ( GEOMETRIC_REPRESENTATION_CONTEXT(2) 
PARAMETRIC_REPRESENTATION_CONTEXT() REPRESENTATION_CONTEXT('2D SPACE',''
  ) );
#475 = PCURVE('',#476,#481);
#476 = PLANE('',#477);
#477 = AXIS2_PLACEMENT_3D('',#478,#479,#480);
#478 = CARTESIAN_POINT('',(40.,-72.5,-15.));
#479 = DIRECTION('',(1.,0.,0.));
#480 = DIRECTION('',(0.,0.,1.));
#481 = DEFINITIONAL_REPRESENTATION('',(#482),#485);
#482 = B_SPLINE_CURVE_WITH_KNOTS('',1,(#483,#484),.UNSPECIFIED.,.F.,.F.,
  (2,2),(-105.75,33.25),.PIECEWISE_BEZIER_KNOTS.);
#483 = CARTESIAN_POINT('',(26.,-142.));
#484 = CARTESIAN_POINT('',(26.,-3.));
#485 = ( GEOMETRIC_REPRESENTATION_CONTEXT(2) 
PARAMETRIC_REPRESENTATION_CONTEXT() REPRESENTATION_CONTEXT('2D SPACE',''
  ) );
#486 = ORIENTED_EDGE('',*,*,#487,.T.);
#487 = EDGE_CURVE('',#462,#488,#490,.T.);
#488 = VERTEX_POINT('',#489);
#489 = CARTESIAN_POINT('',(37.,72.5,11.));
#490 = SURFACE_CURVE('',#491,(#496,#503),.PCURVE_S1.);
#491 = CIRCLE('',#492,3.);
#492 = AXIS2_PLACEMENT_3D('',#493,#494,#495);
#493 = CARTESIAN_POINT('',(37.,69.5,11.));
#494 = DIRECTION('',(0.,0.,1.));
#495 = DIRECTION('',(1.,0.,-0.));
#496 = PCURVE('',#147,#497);
#497 = DEFINITIONAL_REPRESENTATION('',(#498),#502);
#498 = CIRCLE('',#499,3.);
#499 = AXIS2_PLACEMENT_2D('',#500,#501);
#500 = CARTESIAN_POINT('',(37.,69.5));
#501 = DIRECTION('',(1.,0.));
#502 = ( GEOMETRIC_REPRESENTATION_CONTEXT(2) 
PARAMETRIC_REPRESENTATION_CONTEXT() REPRESENTATION_CONTEXT('2D SPACE',''
  ) );
#503 = PCURVE('',#504,#509);
#504 = CYLINDRICAL_SURFACE('',#505,3.);
#505 = AXIS2_PLACEMENT_3D('',#506,#507,#508);
#506 = CARTESIAN_POINT('',(37.,69.5,-15.));
#507 = DIRECTION('',(0.,0.,1.));
#508 = DIRECTION('',(1.,0.,-0.));
#509 = DEFINITIONAL_REPRESENTATION('',(#510),#514);
#510 = LINE('',#511,#512);
#511 = CARTESIAN_POINT('',(0.,26.));
#512 = VECTOR('',#513,1.);
#513 = DIRECTION('',(1.,0.));
#514 = ( GEOMETRIC_REPRESENTATION_CONTEXT(2) 
PARAMETRIC_REPRESENTATION_CONTEXT() REPRESENTATION_CONTEXT('2D SPACE',''
  ) );
#515 = ORIENTED_EDGE('',*,*,#516,.F.);
#516 = EDGE_CURVE('',#386,#488,#517,.T.);
#517 = SURFACE_CURVE('',#518,(#522,#528),.PCURVE_S1.);
#518 = LINE('',#519,#520);
#519 = CARTESIAN_POINT('',(-20.,72.5,11.));
#520 = VECTOR('',#521,1.);
#521 = DIRECTION('',(1.,0.,0.));
#522 = PCURVE('',#147,#523);
#523 = DEFINITIONAL_REPRESENTATION('',(#524),#527);
#524 = B_SPLINE_CURVE_WITH_KNOTS('',1,(#525,#526),.UNSPECIFIED.,.F.,.F.,
  (2,2),(-17.,57.),.PIECEWISE_BEZIER_KNOTS.);
#525 = CARTESIAN_POINT('',(-37.,72.5));
#526 = CARTESIAN_POINT('',(37.,72.5));
#527 = ( GEOMETRIC_REPRESENTATION_CONTEXT(2) 
PARAMETRIC_REPRESENTATION_CONTEXT() REPRESENTATION_CONTEXT('2D SPACE',''
  ) );
#528 = PCURVE('',#529,#534);
#529 = PLANE('',#530);
#530 = AXIS2_PLACEMENT_3D('',#531,#532,#533);
#531 = CARTESIAN_POINT('',(-40.,72.5,-15.));
#532 = DIRECTION('',(0.,1.,0.));
#533 = DIRECTION('',(0.,0.,1.));
#534 = DEFINITIONAL_REPRESENTATION('',(#535),#538);
#535 = B_SPLINE_CURVE_WITH_KNOTS('',1,(#536,#537),.UNSPECIFIED.,.F.,.F.,
  (2,2),(-17.,57.),.PIECEWISE_BEZIER_KNOTS.);
#536 = CARTESIAN_POINT('',(26.,3.));
#537 = CARTESIAN_POINT('',(26.,77.));
#538 = ( GEOMETRIC_REPRESENTATION_CONTEXT(2) 
PARAMETRIC_REPRESENTATION_CONTEXT() REPRESENTATION_CONTEXT('2D SPACE',''
  ) );
#539 = FACE_BOUND('',#540,.T.);
#540 = EDGE_LOOP('',(#541,#572,#600,#628,#657,#685,#713,#741,#770,#798,
    #826,#854,#883,#911));
#541 = ORIENTED_EDGE('',*,*,#542,.F.);
#542 = EDGE_CURVE('',#543,#545,#547,.T.);
#543 = VERTEX_POINT('',#544);
#544 = CARTESIAN_POINT('',(-37.,70.5,11.));
#545 = VERTEX_POINT('',#546);
#546 = CARTESIAN_POINT('',(-38.,69.5,11.));
#547 = SURFACE_CURVE('',#548,(#553,#560),.PCURVE_S1.);
#548 = CIRCLE('',#549,1.);
#549 = AXIS2_PLACEMENT_3D('',#550,#551,#552);
#550 = CARTESIAN_POINT('',(-37.,69.5,11.));
#551 = DIRECTION('',(0.,0.,1.));
#552 = DIRECTION('',(-1.,-2.449293598295E-16,0.));
#553 = PCURVE('',#147,#554);
#554 = DEFINITIONAL_REPRESENTATION('',(#555),#559);
#555 = CIRCLE('',#556,1.);
#556 = AXIS2_PLACEMENT_2D('',#557,#558);
#557 = CARTESIAN_POINT('',(-37.,69.5));
#558 = DIRECTION('',(-1.,-2.449293598295E-16));
#559 = ( GEOMETRIC_REPRESENTATION_CONTEXT(2) 
PARAMETRIC_REPRESENTATION_CONTEXT() REPRESENTATION_CONTEXT('2D SPACE',''
  ) );
#560 = PCURVE('',#561,#566);
#561 = CYLINDRICAL_SURFACE('',#562,1.);
#562 = AXIS2_PLACEMENT_3D('',#563,#564,#565);
#563 = CARTESIAN_POINT('',(-37.,69.5,-15.));
#564 = DIRECTION('',(0.,0.,1.));
#565 = DIRECTION('',(-1.,-0.,0.));
#566 = DEFINITIONAL_REPRESENTATION('',(#567),#571);
#567 = LINE('',#568,#569);
#568 = CARTESIAN_POINT('',(-6.28318530718,26.));
#569 = VECTOR('',#570,1.);
#570 = DIRECTION('',(1.,-0.));
#571 = ( GEOMETRIC_REPRESENTATION_CONTEXT(2) 
PARAMETRIC_REPRESENTATION_CONTEXT() REPRESENTATION_CONTEXT('2D SPACE',''
  ) );
#572 = ORIENTED_EDGE('',*,*,#573,.T.);
#573 = EDGE_CURVE('',#543,#574,#576,.T.);
#574 = VERTEX_POINT('',#575);
#575 = CARTESIAN_POINT('',(35.5,70.5,11.));
#576 = SURFACE_CURVE('',#577,(#581,#588),.PCURVE_S1.);
#577 = LINE('',#578,#579);
#578 = CARTESIAN_POINT('',(-20.,70.5,11.));
#579 = VECTOR('',#580,1.);
#580 = DIRECTION('',(1.,0.,0.));
#581 = PCURVE('',#147,#582);
#582 = DEFINITIONAL_REPRESENTATION('',(#583),#587);
#583 = LINE('',#584,#585);
#584 = CARTESIAN_POINT('',(-20.,70.5));
#585 = VECTOR('',#586,1.);
#586 = DIRECTION('',(1.,0.));
#587 = ( GEOMETRIC_REPRESENTATION_CONTEXT(2) 
PARAMETRIC_REPRESENTATION_CONTEXT() REPRESENTATION_CONTEXT('2D SPACE',''
  ) );
#588 = PCURVE('',#589,#594);
#589 = PLANE('',#590);
#590 = AXIS2_PLACEMENT_3D('',#591,#592,#593);
#591 = CARTESIAN_POINT('',(-40.,70.5,-15.));
#592 = DIRECTION('',(0.,1.,0.));
#593 = DIRECTION('',(0.,0.,1.));
#594 = DEFINITIONAL_REPRESENTATION('',(#595),#599);
#595 = LINE('',#596,#597);
#596 = CARTESIAN_POINT('',(26.,20.));
#597 = VECTOR('',#598,1.);
#598 = DIRECTION('',(0.,1.));
#599 = ( GEOMETRIC_REPRESENTATION_CONTEXT(2) 
PARAMETRIC_REPRESENTATION_CONTEXT() REPRESENTATION_CONTEXT('2D SPACE',''
  ) );
#600 = ORIENTED_EDGE('',*,*,#601,.T.);
#601 = EDGE_CURVE('',#574,#602,#604,.T.);
#602 = VERTEX_POINT('',#603);
#603 = CARTESIAN_POINT('',(37.,70.5,11.));
#604 = SURFACE_CURVE('',#605,(#609,#616),.PCURVE_S1.);
#605 = LINE('',#606,#607);
#606 = CARTESIAN_POINT('',(-20.,70.5,11.));
#607 = VECTOR('',#608,1.);
#608 = DIRECTION('',(1.,0.,0.));
#609 = PCURVE('',#147,#610);
#610 = DEFINITIONAL_REPRESENTATION('',(#611),#615);
#611 = LINE('',#612,#613);
#612 = CARTESIAN_POINT('',(-20.,70.5));
#613 = VECTOR('',#614,1.);
#614 = DIRECTION('',(1.,0.));
#615 = ( GEOMETRIC_REPRESENTATION_CONTEXT(2) 
PARAMETRIC_REPRESENTATION_CONTEXT() REPRESENTATION_CONTEXT('2D SPACE',''
  ) );
#616 = PCURVE('',#617,#622);
#617 = PLANE('',#618);
#618 = AXIS2_PLACEMENT_3D('',#619,#620,#621);
#619 = CARTESIAN_POINT('',(-40.,70.5,-15.));
#620 = DIRECTION('',(0.,1.,0.));
#621 = DIRECTION('',(0.,0.,1.));
#622 = DEFINITIONAL_REPRESENTATION('',(#623),#627);
#623 = LINE('',#624,#625);
#624 = CARTESIAN_POINT('',(26.,20.));
#625 = VECTOR('',#626,1.);
#626 = DIRECTION('',(0.,1.));
#627 = ( GEOMETRIC_REPRESENTATION_CONTEXT(2) 
PARAMETRIC_REPRESENTATION_CONTEXT() REPRESENTATION_CONTEXT('2D SPACE',''
  ) );
#628 = ORIENTED_EDGE('',*,*,#629,.F.);
#629 = EDGE_CURVE('',#630,#602,#632,.T.);
#630 = VERTEX_POINT('',#631);
#631 = CARTESIAN_POINT('',(38.,69.5,11.));
#632 = SURFACE_CURVE('',#633,(#638,#645),.PCURVE_S1.);
#633 = CIRCLE('',#634,1.);
#634 = AXIS2_PLACEMENT_3D('',#635,#636,#637);
#635 = CARTESIAN_POINT('',(37.,69.5,11.));
#636 = DIRECTION('',(0.,0.,1.));
#637 = DIRECTION('',(1.,0.,0.));
#638 = PCURVE('',#147,#639);
#639 = DEFINITIONAL_REPRESENTATION('',(#640),#644);
#640 = CIRCLE('',#641,1.);
#641 = AXIS2_PLACEMENT_2D('',#642,#643);
#642 = CARTESIAN_POINT('',(37.,69.5));
#643 = DIRECTION('',(1.,0.));
#644 = ( GEOMETRIC_REPRESENTATION_CONTEXT(2) 
PARAMETRIC_REPRESENTATION_CONTEXT() REPRESENTATION_CONTEXT('2D SPACE',''
  ) );
#645 = PCURVE('',#646,#651);
#646 = CYLINDRICAL_SURFACE('',#647,1.);
#647 = AXIS2_PLACEMENT_3D('',#648,#649,#650);
#648 = CARTESIAN_POINT('',(37.,69.5,-15.));
#649 = DIRECTION('',(0.,0.,1.));
#650 = DIRECTION('',(1.,0.,-0.));
#651 = DEFINITIONAL_REPRESENTATION('',(#652),#656);
#652 = LINE('',#653,#654);
#653 = CARTESIAN_POINT('',(0.,26.));
#654 = VECTOR('',#655,1.);
#655 = DIRECTION('',(1.,0.));
#656 = ( GEOMETRIC_REPRESENTATION_CONTEXT(2) 
PARAMETRIC_REPRESENTATION_CONTEXT() REPRESENTATION_CONTEXT('2D SPACE',''
  ) );
#657 = ORIENTED_EDGE('',*,*,#658,.T.);
#658 = EDGE_CURVE('',#630,#659,#661,.T.);
#659 = VERTEX_POINT('',#660);
#660 = CARTESIAN_POINT('',(38.,68.,11.));
#661 = SURFACE_CURVE('',#662,(#666,#673),.PCURVE_S1.);
#662 = LINE('',#663,#664);
#663 = CARTESIAN_POINT('',(38.,-36.25,11.));
#664 = VECTOR('',#665,1.);
#665 = DIRECTION('',(0.,-1.,0.));
#666 = PCURVE('',#147,#667);
#667 = DEFINITIONAL_REPRESENTATION('',(#668),#672);
#668 = LINE('',#669,#670);
#669 = CARTESIAN_POINT('',(38.,-36.25));
#670 = VECTOR('',#671,1.);
#671 = DIRECTION('',(0.,-1.));
#672 = ( GEOMETRIC_REPRESENTATION_CONTEXT(2) 
PARAMETRIC_REPRESENTATION_CONTEXT() REPRESENTATION_CONTEXT('2D SPACE',''
  ) );
#673 = PCURVE('',#674,#679);
#674 = PLANE('',#675);
#675 = AXIS2_PLACEMENT_3D('',#676,#677,#678);
#676 = CARTESIAN_POINT('',(38.,-72.5,-15.));
#677 = DIRECTION('',(1.,0.,0.));
#678 = DIRECTION('',(0.,0.,1.));
#679 = DEFINITIONAL_REPRESENTATION('',(#680),#684);
#680 = LINE('',#681,#682);
#681 = CARTESIAN_POINT('',(26.,-36.25));
#682 = VECTOR('',#683,1.);
#683 = DIRECTION('',(0.,1.));
#684 = ( GEOMETRIC_REPRESENTATION_CONTEXT(2) 
PARAMETRIC_REPRESENTATION_CONTEXT() REPRESENTATION_CONTEXT('2D SPACE',''
  ) );
#685 = ORIENTED_EDGE('',*,*,#686,.T.);
#686 = EDGE_CURVE('',#659,#687,#689,.T.);
#687 = VERTEX_POINT('',#688);
#688 = CARTESIAN_POINT('',(38.,-68.,11.));
#689 = SURFACE_CURVE('',#690,(#694,#701),.PCURVE_S1.);
#690 = LINE('',#691,#692);
#691 = CARTESIAN_POINT('',(38.,-36.25,11.));
#692 = VECTOR('',#693,1.);
#693 = DIRECTION('',(0.,-1.,0.));
#694 = PCURVE('',#147,#695);
#695 = DEFINITIONAL_REPRESENTATION('',(#696),#700);
#696 = LINE('',#697,#698);
#697 = CARTESIAN_POINT('',(38.,-36.25));
#698 = VECTOR('',#699,1.);
#699 = DIRECTION('',(0.,-1.));
#700 = ( GEOMETRIC_REPRESENTATION_CONTEXT(2) 
PARAMETRIC_REPRESENTATION_CONTEXT() REPRESENTATION_CONTEXT('2D SPACE',''
  ) );
#701 = PCURVE('',#702,#707);
#702 = PLANE('',#703);
#703 = AXIS2_PLACEMENT_3D('',#704,#705,#706);
#704 = CARTESIAN_POINT('',(38.,-72.5,-15.));
#705 = DIRECTION('',(1.,0.,0.));
#706 = DIRECTION('',(0.,0.,1.));
#707 = DEFINITIONAL_REPRESENTATION('',(#708),#712);
#708 = LINE('',#709,#710);
#709 = CARTESIAN_POINT('',(26.,-36.25));
#710 = VECTOR('',#711,1.);
#711 = DIRECTION('',(0.,1.));
#712 = ( GEOMETRIC_REPRESENTATION_CONTEXT(2) 
PARAMETRIC_REPRESENTATION_CONTEXT() REPRESENTATION_CONTEXT('2D SPACE',''
  ) );
#713 = ORIENTED_EDGE('',*,*,#714,.T.);
#714 = EDGE_CURVE('',#687,#715,#717,.T.);
#715 = VERTEX_POINT('',#716);
#716 = CARTESIAN_POINT('',(38.,-69.5,11.));
#717 = SURFACE_CURVE('',#718,(#722,#729),.PCURVE_S1.);
#718 = LINE('',#719,#720);
#719 = CARTESIAN_POINT('',(38.,-36.25,11.));
#720 = VECTOR('',#721,1.);
#721 = DIRECTION('',(0.,-1.,0.));
#722 = PCURVE('',#147,#723);
#723 = DEFINITIONAL_REPRESENTATION('',(#724),#728);
#724 = LINE('',#725,#726);
#725 = CARTESIAN_POINT('',(38.,-36.25));
#726 = VECTOR('',#727,1.);
#727 = DIRECTION('',(0.,-1.));
#728 = ( GEOMETRIC_REPRESENTATION_CONTEXT(2) 
PARAMETRIC_REPRESENTATION_CONTEXT() REPRESENTATION_CONTEXT('2D SPACE',''
  ) );
#729 = PCURVE('',#730,#735);
#730 = PLANE('',#731);
#731 = AXIS2_PLACEMENT_3D('',#732,#733,#734);
#732 = CARTESIAN_POINT('',(38.,-72.5,-15.));
#733 = DIRECTION('',(1.,0.,0.));
#734 = DIRECTION('',(0.,0.,1.));
#735 = DEFINITIONAL_REPRESENTATION('',(#736),#740);
#736 = LINE('',#737,#738);
#737 = CARTESIAN_POINT('',(26.,-36.25));
#738 = VECTOR('',#739,1.);
#739 = DIRECTION('',(0.,1.));
#740 = ( GEOMETRIC_REPRESENTATION_CONTEXT(2) 
PARAMETRIC_REPRESENTATION_CONTEXT() REPRESENTATION_CONTEXT('2D SPACE',''
  ) );
#741 = ORIENTED_EDGE('',*,*,#742,.F.);
#742 = EDGE_CURVE('',#743,#715,#745,.T.);
#743 = VERTEX_POINT('',#744);
#744 = CARTESIAN_POINT('',(37.,-70.5,11.));
#745 = SURFACE_CURVE('',#746,(#751,#758),.PCURVE_S1.);
#746 = CIRCLE('',#747,1.);
#747 = AXIS2_PLACEMENT_3D('',#748,#749,#750);
#748 = CARTESIAN_POINT('',(37.,-69.5,11.));
#749 = DIRECTION('',(0.,-0.,1.));
#750 = DIRECTION('',(1.,2.449293598295E-16,0.));
#751 = PCURVE('',#147,#752);
#752 = DEFINITIONAL_REPRESENTATION('',(#753),#757);
#753 = CIRCLE('',#754,1.);
#754 = AXIS2_PLACEMENT_2D('',#755,#756);
#755 = CARTESIAN_POINT('',(37.,-69.5));
#756 = DIRECTION('',(1.,2.449293598295E-16));
#757 = ( GEOMETRIC_REPRESENTATION_CONTEXT(2) 
PARAMETRIC_REPRESENTATION_CONTEXT() REPRESENTATION_CONTEXT('2D SPACE',''
  ) );
#758 = PCURVE('',#759,#764);
#759 = CYLINDRICAL_SURFACE('',#760,1.);
#760 = AXIS2_PLACEMENT_3D('',#761,#762,#763);
#761 = CARTESIAN_POINT('',(37.,-69.5,-15.));
#762 = DIRECTION('',(0.,0.,1.));
#763 = DIRECTION('',(1.,0.,-0.));
#764 = DEFINITIONAL_REPRESENTATION('',(#765),#769);
#765 = LINE('',#766,#767);
#766 = CARTESIAN_POINT('',(-6.28318530718,26.));
#767 = VECTOR('',#768,1.);
#768 = DIRECTION('',(1.,-0.));
#769 = ( GEOMETRIC_REPRESENTATION_CONTEXT(2) 
PARAMETRIC_REPRESENTATION_CONTEXT() REPRESENTATION_CONTEXT('2D SPACE',''
  ) );
#770 = ORIENTED_EDGE('',*,*,#771,.F.);
#771 = EDGE_CURVE('',#772,#743,#774,.T.);
#772 = VERTEX_POINT('',#773);
#773 = CARTESIAN_POINT('',(35.5,-70.5,11.));
#774 = SURFACE_CURVE('',#775,(#779,#786),.PCURVE_S1.);
#775 = LINE('',#776,#777);
#776 = CARTESIAN_POINT('',(-20.,-70.5,11.));
#777 = VECTOR('',#778,1.);
#778 = DIRECTION('',(1.,0.,0.));
#779 = PCURVE('',#147,#780);
#780 = DEFINITIONAL_REPRESENTATION('',(#781),#785);
#781 = LINE('',#782,#783);
#782 = CARTESIAN_POINT('',(-20.,-70.5));
#783 = VECTOR('',#784,1.);
#784 = DIRECTION('',(1.,0.));
#785 = ( GEOMETRIC_REPRESENTATION_CONTEXT(2) 
PARAMETRIC_REPRESENTATION_CONTEXT() REPRESENTATION_CONTEXT('2D SPACE',''
  ) );
#786 = PCURVE('',#787,#792);
#787 = PLANE('',#788);
#788 = AXIS2_PLACEMENT_3D('',#789,#790,#791);
#789 = CARTESIAN_POINT('',(-40.,-70.5,-15.));
#790 = DIRECTION('',(0.,1.,0.));
#791 = DIRECTION('',(0.,0.,1.));
#792 = DEFINITIONAL_REPRESENTATION('',(#793),#797);
#793 = LINE('',#794,#795);
#794 = CARTESIAN_POINT('',(26.,20.));
#795 = VECTOR('',#796,1.);
#796 = DIRECTION('',(0.,1.));
#797 = ( GEOMETRIC_REPRESENTATION_CONTEXT(2) 
PARAMETRIC_REPRESENTATION_CONTEXT() REPRESENTATION_CONTEXT('2D SPACE',''
  ) );
#798 = ORIENTED_EDGE('',*,*,#799,.F.);
#799 = EDGE_CURVE('',#800,#772,#802,.T.);
#800 = VERTEX_POINT('',#801);
#801 = CARTESIAN_POINT('',(-35.5,-70.5,11.));
#802 = SURFACE_CURVE('',#803,(#807,#814),.PCURVE_S1.);
#803 = LINE('',#804,#805);
#804 = CARTESIAN_POINT('',(-20.,-70.5,11.));
#805 = VECTOR('',#806,1.);
#806 = DIRECTION('',(1.,0.,0.));
#807 = PCURVE('',#147,#808);
#808 = DEFINITIONAL_REPRESENTATION('',(#809),#813);
#809 = LINE('',#810,#811);
#810 = CARTESIAN_POINT('',(-20.,-70.5));
#811 = VECTOR('',#812,1.);
#812 = DIRECTION('',(1.,0.));
#813 = ( GEOMETRIC_REPRESENTATION_CONTEXT(2) 
PARAMETRIC_REPRESENTATION_CONTEXT() REPRESENTATION_CONTEXT('2D SPACE',''
  ) );
#814 = PCURVE('',#815,#820);
#815 = PLANE('',#816);
#816 = AXIS2_PLACEMENT_3D('',#817,#818,#819);
#817 = CARTESIAN_POINT('',(-40.,-70.5,-15.));
#818 = DIRECTION('',(0.,1.,0.));
#819 = DIRECTION('',(0.,0.,1.));
#820 = DEFINITIONAL_REPRESENTATION('',(#821),#825);
#821 = LINE('',#822,#823);
#822 = CARTESIAN_POINT('',(26.,20.));
#823 = VECTOR('',#824,1.);
#824 = DIRECTION('',(0.,1.));
#825 = ( GEOMETRIC_REPRESENTATION_CONTEXT(2) 
PARAMETRIC_REPRESENTATION_CONTEXT() REPRESENTATION_CONTEXT('2D SPACE',''
  ) );
#826 = ORIENTED_EDGE('',*,*,#827,.F.);
#827 = EDGE_CURVE('',#828,#800,#830,.T.);
#828 = VERTEX_POINT('',#829);
#829 = CARTESIAN_POINT('',(-37.,-70.5,11.));
#830 = SURFACE_CURVE('',#831,(#835,#842),.PCURVE_S1.);
#831 = LINE('',#832,#833);
#832 = CARTESIAN_POINT('',(-20.,-70.5,11.));
#833 = VECTOR('',#834,1.);
#834 = DIRECTION('',(1.,0.,0.));
#835 = PCURVE('',#147,#836);
#836 = DEFINITIONAL_REPRESENTATION('',(#837),#841);
#837 = LINE('',#838,#839);
#838 = CARTESIAN_POINT('',(-20.,-70.5));
#839 = VECTOR('',#840,1.);
#840 = DIRECTION('',(1.,0.));
#841 = ( GEOMETRIC_REPRESENTATION_CONTEXT(2) 
PARAMETRIC_REPRESENTATION_CONTEXT() REPRESENTATION_CONTEXT('2D SPACE',''
  ) );
#842 = PCURVE('',#843,#848);
#843 = PLANE('',#844);
#844 = AXIS2_PLACEMENT_3D('',#845,#846,#847);
#845 = CARTESIAN_POINT('',(-40.,-70.5,-15.));
#846 = DIRECTION('',(0.,1.,0.));
#847 = DIRECTION('',(0.,0.,1.));
#848 = DEFINITIONAL_REPRESENTATION('',(#849),#853);
#849 = LINE('',#850,#851);
#850 = CARTESIAN_POINT('',(26.,20.));
#851 = VECTOR('',#852,1.);
#852 = DIRECTION('',(0.,1.));
#853 = ( GEOMETRIC_REPRESENTATION_CONTEXT(2) 
PARAMETRIC_REPRESENTATION_CONTEXT() REPRESENTATION_CONTEXT('2D SPACE',''
  ) );
#854 = ORIENTED_EDGE('',*,*,#855,.F.);
#855 = EDGE_CURVE('',#856,#828,#858,.T.);
#856 = VERTEX_POINT('',#857);
#857 = CARTESIAN_POINT('',(-38.,-69.5,11.));
#858 = SURFACE_CURVE('',#859,(#864,#871),.PCURVE_S1.);
#859 = CIRCLE('',#860,1.);
#860 = AXIS2_PLACEMENT_3D('',#861,#862,#863);
#861 = CARTESIAN_POINT('',(-37.,-69.5,11.));
#862 = DIRECTION('',(0.,0.,1.));
#863 = DIRECTION('',(-1.,0.,0.));
#864 = PCURVE('',#147,#865);
#865 = DEFINITIONAL_REPRESENTATION('',(#866),#870);
#866 = CIRCLE('',#867,1.);
#867 = AXIS2_PLACEMENT_2D('',#868,#869);
#868 = CARTESIAN_POINT('',(-37.,-69.5));
#869 = DIRECTION('',(-1.,0.));
#870 = ( GEOMETRIC_REPRESENTATION_CONTEXT(2) 
PARAMETRIC_REPRESENTATION_CONTEXT() REPRESENTATION_CONTEXT('2D SPACE',''
  ) );
#871 = PCURVE('',#872,#877);
#872 = CYLINDRICAL_SURFACE('',#873,1.);
#873 = AXIS2_PLACEMENT_3D('',#874,#875,#876);
#874 = CARTESIAN_POINT('',(-37.,-69.5,-15.));
#875 = DIRECTION('',(0.,0.,1.));
#876 = DIRECTION('',(-1.,-0.,0.));
#877 = DEFINITIONAL_REPRESENTATION('',(#878),#882);
#878 = LINE('',#879,#880);
#879 = CARTESIAN_POINT('',(0.,26.));
#880 = VECTOR('',#881,1.);
#881 = DIRECTION('',(1.,0.));
#882 = ( GEOMETRIC_REPRESENTATION_CONTEXT(2) 
PARAMETRIC_REPRESENTATION_CONTEXT() REPRESENTATION_CONTEXT('2D SPACE',''
  ) );
#883 = ORIENTED_EDGE('',*,*,#884,.F.);
#884 = EDGE_CURVE('',#885,#856,#887,.T.);
#885 = VERTEX_POINT('',#886);
#886 = CARTESIAN_POINT('',(-38.,-68.,11.));
#887 = SURFACE_CURVE('',#888,(#892,#899),.PCURVE_S1.);
#888 = LINE('',#889,#890);
#889 = CARTESIAN_POINT('',(-38.,-36.25,11.));
#890 = VECTOR('',#891,1.);
#891 = DIRECTION('',(0.,-1.,0.));
#892 = PCURVE('',#147,#893);
#893 = DEFINITIONAL_REPRESENTATION('',(#894),#898);
#894 = LINE('',#895,#896);
#895 = CARTESIAN_POINT('',(-38.,-36.25));
#896 = VECTOR('',#897,1.);
#897 = DIRECTION('',(0.,-1.));
#898 = ( GEOMETRIC_REPRESENTATION_CONTEXT(2) 
PARAMETRIC_REPRESENTATION_CONTEXT() REPRESENTATION_CONTEXT('2D SPACE',''
  ) );
#899 = PCURVE('',#900,#905);
#900 = PLANE('',#901);
#901 = AXIS2_PLACEMENT_3D('',#902,#903,#904);
#902 = CARTESIAN_POINT('',(-38.,-72.5,-15.));
#903 = DIRECTION('',(1.,0.,0.));
#904 = DIRECTION('',(0.,0.,1.));
#905 = DEFINITIONAL_REPRESENTATION('',(#906),#910);
#906 = LINE('',#907,#908);
#907 = CARTESIAN_POINT('',(26.,-36.25));
#908 = VECTOR('',#909,1.);
#909 = DIRECTION('',(0.,1.));
#910 = ( GEOMETRIC_REPRESENTATION_CONTEXT(2) 
PARAMETRIC_REPRESENTATION_CONTEXT() REPRESENTATION_CONTEXT('2D SPACE',''
  ) );
#911 = ORIENTED_EDGE('',*,*,#912,.F.);
#912 = EDGE_CURVE('',#545,#885,#913,.T.);
#913 = SURFACE_CURVE('',#914,(#918,#925),.PCURVE_S1.);
#914 = LINE('',#915,#916);
#915 = CARTESIAN_POINT('',(-38.,-36.25,11.));
#916 = VECTOR('',#917,1.);
#917 = DIRECTION('',(0.,-1.,0.));
#918 = PCURVE('',#147,#919);
#919 = DEFINITIONAL_REPRESENTATION('',(#920),#924);
#920 = LINE('',#921,#922);
#921 = CARTESIAN_POINT('',(-38.,-36.25));
#922 = VECTOR('',#923,1.);
#923 = DIRECTION('',(0.,-1.));
#924 = ( GEOMETRIC_REPRESENTATION_CONTEXT(2) 
PARAMETRIC_REPRESENTATION_CONTEXT() REPRESENTATION_CONTEXT('2D SPACE',''
  ) );
#925 = PCURVE('',#926,#931);
#926 = PLANE('',#927);
#927 = AXIS2_PLACEMENT_3D('',#928,#929,#930);
#928 = CARTESIAN_POINT('',(-38.,-72.5,-15.));
#929 = DIRECTION('',(1.,0.,0.));
#930 = DIRECTION('',(0.,0.,1.));
#931 = DEFINITIONAL_REPRESENTATION('',(#932),#936);
#932 = LINE('',#933,#934);
#933 = CARTESIAN_POINT('',(26.,-36.25));
#934 = VECTOR('',#935,1.);
#935 = DIRECTION('',(0.,1.));
#936 = ( GEOMETRIC_REPRESENTATION_CONTEXT(2) 
PARAMETRIC_REPRESENTATION_CONTEXT() REPRESENTATION_CONTEXT('2D SPACE',''
  ) );
#937 = ADVANCED_FACE('',(#938),#122,.T.);
#938 = FACE_BOUND('',#939,.F.);
#939 = EDGE_LOOP('',(#940,#941,#965,#986));
#940 = ORIENTED_EDGE('',*,*,#106,.F.);
#941 = ORIENTED_EDGE('',*,*,#942,.T.);
#942 = EDGE_CURVE('',#79,#943,#945,.T.);
#943 = VERTEX_POINT('',#944);
#944 = CARTESIAN_POINT('',(-37.,72.5,-12.));
#945 = SURFACE_CURVE('',#946,(#951,#958),.PCURVE_S1.);
#946 = CIRCLE('',#947,3.);
#947 = AXIS2_PLACEMENT_3D('',#948,#949,#950);
#948 = CARTESIAN_POINT('',(-37.,69.5,-12.));
#949 = DIRECTION('',(-0.,0.,-1.));
#950 = DIRECTION('',(-1.,0.,0.));
#951 = PCURVE('',#122,#952);
#952 = DEFINITIONAL_REPRESENTATION('',(#953),#957);
#953 = LINE('',#954,#955);
#954 = CARTESIAN_POINT('',(-0.,3.));
#955 = VECTOR('',#956,1.);
#956 = DIRECTION('',(-1.,0.));
#957 = ( GEOMETRIC_REPRESENTATION_CONTEXT(2) 
PARAMETRIC_REPRESENTATION_CONTEXT() REPRESENTATION_CONTEXT('2D SPACE',''
  ) );
#958 = PCURVE('',#370,#959);
#959 = DEFINITIONAL_REPRESENTATION('',(#960),#964);
#960 = LINE('',#961,#962);
#961 = CARTESIAN_POINT('',(-0.,0.));
#962 = VECTOR('',#963,1.);
#963 = DIRECTION('',(-1.,0.));
#964 = ( GEOMETRIC_REPRESENTATION_CONTEXT(2) 
PARAMETRIC_REPRESENTATION_CONTEXT() REPRESENTATION_CONTEXT('2D SPACE',''
  ) );
#965 = ORIENTED_EDGE('',*,*,#966,.T.);
#966 = EDGE_CURVE('',#943,#386,#967,.T.);
#967 = SURFACE_CURVE('',#968,(#972,#979),.PCURVE_S1.);
#968 = LINE('',#969,#970);
#969 = CARTESIAN_POINT('',(-37.,72.5,-15.));
#970 = VECTOR('',#971,1.);
#971 = DIRECTION('',(0.,0.,1.));
#972 = PCURVE('',#122,#973);
#973 = DEFINITIONAL_REPRESENTATION('',(#974),#978);
#974 = LINE('',#975,#976);
#975 = CARTESIAN_POINT('',(-1.570796326795,0.));
#976 = VECTOR('',#977,1.);
#977 = DIRECTION('',(-0.,1.));
#978 = ( GEOMETRIC_REPRESENTATION_CONTEXT(2) 
PARAMETRIC_REPRESENTATION_CONTEXT() REPRESENTATION_CONTEXT('2D SPACE',''
  ) );
#979 = PCURVE('',#529,#980);
#980 = DEFINITIONAL_REPRESENTATION('',(#981),#985);
#981 = LINE('',#982,#983);
#982 = CARTESIAN_POINT('',(0.,3.));
#983 = VECTOR('',#984,1.);
#984 = DIRECTION('',(1.,0.));
#985 = ( GEOMETRIC_REPRESENTATION_CONTEXT(2) 
PARAMETRIC_REPRESENTATION_CONTEXT() REPRESENTATION_CONTEXT('2D SPACE',''
  ) );
#986 = ORIENTED_EDGE('',*,*,#385,.T.);
#987 = ADVANCED_FACE('',(#988),#177,.F.);
#988 = FACE_BOUND('',#989,.F.);
#989 = EDGE_LOOP('',(#990,#1014,#1035,#1036));
#990 = ORIENTED_EDGE('',*,*,#991,.F.);
#991 = EDGE_CURVE('',#992,#992,#994,.T.);
#992 = VERTEX_POINT('',#993);
#993 = CARTESIAN_POINT('',(-38.,-27.5,-5.));
#994 = SURFACE_CURVE('',#995,(#1000,#1007),.PCURVE_S1.);
#995 = CIRCLE('',#996,4.);
#996 = AXIS2_PLACEMENT_3D('',#997,#998,#999);
#997 = CARTESIAN_POINT('',(-38.,-27.5,-1.));
#998 = DIRECTION('',(1.,0.,2.22044604925E-16));
#999 = DIRECTION('',(2.22044604925E-16,0.,-1.));
#1000 = PCURVE('',#177,#1001);
#1001 = DEFINITIONAL_REPRESENTATION('',(#1002),#1006);
#1002 = LINE('',#1003,#1004);
#1003 = CARTESIAN_POINT('',(0.,5.));
#1004 = VECTOR('',#1005,1.);
#1005 = DIRECTION('',(1.,0.));
#1006 = ( GEOMETRIC_REPRESENTATION_CONTEXT(2) 
PARAMETRIC_REPRESENTATION_CONTEXT() REPRESENTATION_CONTEXT('2D SPACE',''
  ) );
#1007 = PCURVE('',#926,#1008);
#1008 = DEFINITIONAL_REPRESENTATION('',(#1009),#1013);
#1009 = CIRCLE('',#1010,4.);
#1010 = AXIS2_PLACEMENT_2D('',#1011,#1012);
#1011 = CARTESIAN_POINT('',(14.,-45.));
#1012 = DIRECTION('',(-1.,0.));
#1013 = ( GEOMETRIC_REPRESENTATION_CONTEXT(2) 
PARAMETRIC_REPRESENTATION_CONTEXT() REPRESENTATION_CONTEXT('2D SPACE',''
  ) );
#1014 = ORIENTED_EDGE('',*,*,#1015,.F.);
#1015 = EDGE_CURVE('',#161,#992,#1016,.T.);
#1016 = SEAM_CURVE('',#1017,(#1021,#1028),.PCURVE_S1.);
#1017 = LINE('',#1018,#1019);
#1018 = CARTESIAN_POINT('',(-43.,-27.5,-5.));
#1019 = VECTOR('',#1020,1.);
#1020 = DIRECTION('',(1.,0.,2.22044604925E-16));
#1021 = PCURVE('',#177,#1022);
#1022 = DEFINITIONAL_REPRESENTATION('',(#1023),#1027);
#1023 = LINE('',#1024,#1025);
#1024 = CARTESIAN_POINT('',(6.28318530718,-0.));
#1025 = VECTOR('',#1026,1.);
#1026 = DIRECTION('',(0.,1.));
#1027 = ( GEOMETRIC_REPRESENTATION_CONTEXT(2) 
PARAMETRIC_REPRESENTATION_CONTEXT() REPRESENTATION_CONTEXT('2D SPACE',''
  ) );
#1028 = PCURVE('',#177,#1029);
#1029 = DEFINITIONAL_REPRESENTATION('',(#1030),#1034);
#1030 = LINE('',#1031,#1032);
#1031 = CARTESIAN_POINT('',(0.,-0.));
#1032 = VECTOR('',#1033,1.);
#1033 = DIRECTION('',(0.,1.));
#1034 = ( GEOMETRIC_REPRESENTATION_CONTEXT(2) 
PARAMETRIC_REPRESENTATION_CONTEXT() REPRESENTATION_CONTEXT('2D SPACE',''
  ) );
#1035 = ORIENTED_EDGE('',*,*,#160,.T.);
#1036 = ORIENTED_EDGE('',*,*,#1015,.T.);
#1037 = ADVANCED_FACE('',(#1038),#208,.F.);
#1038 = FACE_BOUND('',#1039,.F.);
#1039 = EDGE_LOOP('',(#1040,#1064,#1085,#1086));
#1040 = ORIENTED_EDGE('',*,*,#1041,.F.);
#1041 = EDGE_CURVE('',#1042,#1042,#1044,.T.);
#1042 = VERTEX_POINT('',#1043);
#1043 = CARTESIAN_POINT('',(-38.,-39.5,-4.));
#1044 = SURFACE_CURVE('',#1045,(#1050,#1057),.PCURVE_S1.);
#1045 = CIRCLE('',#1046,3.);
#1046 = AXIS2_PLACEMENT_3D('',#1047,#1048,#1049);
#1047 = CARTESIAN_POINT('',(-38.,-39.5,-1.));
#1048 = DIRECTION('',(1.,0.,2.22044604925E-16));
#1049 = DIRECTION('',(2.22044604925E-16,0.,-1.));
#1050 = PCURVE('',#208,#1051);
#1051 = DEFINITIONAL_REPRESENTATION('',(#1052),#1056);
#1052 = LINE('',#1053,#1054);
#1053 = CARTESIAN_POINT('',(0.,5.));
#1054 = VECTOR('',#1055,1.);
#1055 = DIRECTION('',(1.,0.));
#1056 = ( GEOMETRIC_REPRESENTATION_CONTEXT(2) 
PARAMETRIC_REPRESENTATION_CONTEXT() REPRESENTATION_CONTEXT('2D SPACE',''
  ) );
#1057 = PCURVE('',#926,#1058);
#1058 = DEFINITIONAL_REPRESENTATION('',(#1059),#1063);
#1059 = CIRCLE('',#1060,3.);
#1060 = AXIS2_PLACEMENT_2D('',#1061,#1062);
#1061 = CARTESIAN_POINT('',(14.,-33.));
#1062 = DIRECTION('',(-1.,0.));
#1063 = ( GEOMETRIC_REPRESENTATION_CONTEXT(2) 
PARAMETRIC_REPRESENTATION_CONTEXT() REPRESENTATION_CONTEXT('2D SPACE',''
  ) );
#1064 = ORIENTED_EDGE('',*,*,#1065,.F.);
#1065 = EDGE_CURVE('',#192,#1042,#1066,.T.);
#1066 = SEAM_CURVE('',#1067,(#1071,#1078),.PCURVE_S1.);
#1067 = LINE('',#1068,#1069);
#1068 = CARTESIAN_POINT('',(-43.,-39.5,-4.));
#1069 = VECTOR('',#1070,1.);
#1070 = DIRECTION('',(1.,0.,2.22044604925E-16));
#1071 = PCURVE('',#208,#1072);
#1072 = DEFINITIONAL_REPRESENTATION('',(#1073),#1077);
#1073 = LINE('',#1074,#1075);
#1074 = CARTESIAN_POINT('',(6.28318530718,-0.));
#1075 = VECTOR('',#1076,1.);
#1076 = DIRECTION('',(0.,1.));
#1077 = ( GEOMETRIC_REPRESENTATION_CONTEXT(2) 
PARAMETRIC_REPRESENTATION_CONTEXT() REPRESENTATION_CONTEXT('2D SPACE',''
  ) );
#1078 = PCURVE('',#208,#1079);
#1079 = DEFINITIONAL_REPRESENTATION('',(#1080),#1084);
#1080 = LINE('',#1081,#1082);
#1081 = CARTESIAN_POINT('',(0.,-0.));
#1082 = VECTOR('',#1083,1.);
#1083 = DIRECTION('',(0.,1.));
#1084 = ( GEOMETRIC_REPRESENTATION_CONTEXT(2) 
PARAMETRIC_REPRESENTATION_CONTEXT() REPRESENTATION_CONTEXT('2D SPACE',''
  ) );
#1085 = ORIENTED_EDGE('',*,*,#191,.T.);
#1086 = ORIENTED_EDGE('',*,*,#1065,.T.);
#1087 = ADVANCED_FACE('',(#1088),#269,.F.);
#1088 = FACE_BOUND('',#1089,.F.);
#1089 = EDGE_LOOP('',(#1090,#1118,#1119,#1120));
#1090 = ORIENTED_EDGE('',*,*,#1091,.F.);
#1091 = EDGE_CURVE('',#225,#1092,#1094,.T.);
#1092 = VERTEX_POINT('',#1093);
#1093 = CARTESIAN_POINT('',(37.,-72.5,-12.));
#1094 = SURFACE_CURVE('',#1095,(#1099,#1106),.PCURVE_S1.);
#1095 = LINE('',#1096,#1097);
#1096 = CARTESIAN_POINT('',(-40.,-72.5,-12.));
#1097 = VECTOR('',#1098,1.);
#1098 = DIRECTION('',(1.,0.,0.));
#1099 = PCURVE('',#269,#1100);
#1100 = DEFINITIONAL_REPRESENTATION('',(#1101),#1105);
#1101 = LINE('',#1102,#1103);
#1102 = CARTESIAN_POINT('',(3.,0.));
#1103 = VECTOR('',#1104,1.);
#1104 = DIRECTION('',(0.,1.));
#1105 = ( GEOMETRIC_REPRESENTATION_CONTEXT(2) 
PARAMETRIC_REPRESENTATION_CONTEXT() REPRESENTATION_CONTEXT('2D SPACE',''
  ) );
#1106 = PCURVE('',#1107,#1112);
#1107 = CYLINDRICAL_SURFACE('',#1108,3.);
#1108 = AXIS2_PLACEMENT_3D('',#1109,#1110,#1111);
#1109 = CARTESIAN_POINT('',(-40.,-69.5,-12.));
#1110 = DIRECTION('',(1.,0.,0.));
#1111 = DIRECTION('',(0.,-1.,0.));
#1112 = DEFINITIONAL_REPRESENTATION('',(#1113),#1117);
#1113 = LINE('',#1114,#1115);
#1114 = CARTESIAN_POINT('',(0.,0.));
#1115 = VECTOR('',#1116,1.);
#1116 = DIRECTION('',(0.,1.));
#1117 = ( GEOMETRIC_REPRESENTATION_CONTEXT(2) 
PARAMETRIC_REPRESENTATION_CONTEXT() REPRESENTATION_CONTEXT('2D SPACE',''
  ) );
#1118 = ORIENTED_EDGE('',*,*,#253,.T.);
#1119 = ORIENTED_EDGE('',*,*,#411,.T.);
#1120 = ORIENTED_EDGE('',*,*,#1121,.F.);
#1121 = EDGE_CURVE('',#1092,#412,#1122,.T.);
#1122 = SURFACE_CURVE('',#1123,(#1127,#1134),.PCURVE_S1.);
#1123 = LINE('',#1124,#1125);
#1124 = CARTESIAN_POINT('',(37.,-72.5,-15.));
#1125 = VECTOR('',#1126,1.);
#1126 = DIRECTION('',(0.,0.,1.));
#1127 = PCURVE('',#269,#1128);
#1128 = DEFINITIONAL_REPRESENTATION('',(#1129),#1133);
#1129 = LINE('',#1130,#1131);
#1130 = CARTESIAN_POINT('',(0.,77.));
#1131 = VECTOR('',#1132,1.);
#1132 = DIRECTION('',(1.,0.));
#1133 = ( GEOMETRIC_REPRESENTATION_CONTEXT(2) 
PARAMETRIC_REPRESENTATION_CONTEXT() REPRESENTATION_CONTEXT('2D SPACE',''
  ) );
#1134 = PCURVE('',#449,#1135);
#1135 = DEFINITIONAL_REPRESENTATION('',(#1136),#1140);
#1136 = LINE('',#1137,#1138);
#1137 = CARTESIAN_POINT('',(-1.570796326795,0.));
#1138 = VECTOR('',#1139,1.);
#1139 = DIRECTION('',(-0.,1.));
#1140 = ( GEOMETRIC_REPRESENTATION_CONTEXT(2) 
PARAMETRIC_REPRESENTATION_CONTEXT() REPRESENTATION_CONTEXT('2D SPACE',''
  ) );
#1141 = ADVANCED_FACE('',(#1142),#241,.T.);
#1142 = FACE_BOUND('',#1143,.T.);
#1143 = EDGE_LOOP('',(#1144,#1145,#1165));
#1144 = ORIENTED_EDGE('',*,*,#306,.F.);
#1145 = ORIENTED_EDGE('',*,*,#1146,.T.);
#1146 = EDGE_CURVE('',#307,#225,#1147,.T.);
#1147 = SURFACE_CURVE('',#1148,(#1153,#1159),.PCURVE_S1.);
#1148 = CIRCLE('',#1149,3.);
#1149 = AXIS2_PLACEMENT_3D('',#1150,#1151,#1152);
#1150 = CARTESIAN_POINT('',(-37.,-69.5,-12.));
#1151 = DIRECTION('',(-1.,6.123233995737E-17,0.));
#1152 = DIRECTION('',(-6.123233995737E-17,-1.,0.));
#1153 = PCURVE('',#241,#1154);
#1154 = DEFINITIONAL_REPRESENTATION('',(#1155),#1158);
#1155 = B_SPLINE_CURVE_WITH_KNOTS('',1,(#1156,#1157),.UNSPECIFIED.,.F.,
  .F.,(2,2),(4.712388980385,6.28318530718),.PIECEWISE_BEZIER_KNOTS.);
#1156 = CARTESIAN_POINT('',(1.570796326795,-1.570796326795));
#1157 = CARTESIAN_POINT('',(1.570796326795,0.));
#1158 = ( GEOMETRIC_REPRESENTATION_CONTEXT(2) 
PARAMETRIC_REPRESENTATION_CONTEXT() REPRESENTATION_CONTEXT('2D SPACE',''
  ) );
#1159 = PCURVE('',#1107,#1160);
#1160 = DEFINITIONAL_REPRESENTATION('',(#1161),#1164);
#1161 = B_SPLINE_CURVE_WITH_KNOTS('',1,(#1162,#1163),.UNSPECIFIED.,.F.,
  .F.,(2,2),(4.712388980385,6.28318530718),.PIECEWISE_BEZIER_KNOTS.);
#1162 = CARTESIAN_POINT('',(1.570796326795,3.));
#1163 = CARTESIAN_POINT('',(0.,3.));
#1164 = ( GEOMETRIC_REPRESENTATION_CONTEXT(2) 
PARAMETRIC_REPRESENTATION_CONTEXT() REPRESENTATION_CONTEXT('2D SPACE',''
  ) );
#1165 = ORIENTED_EDGE('',*,*,#224,.F.);
#1166 = ADVANCED_FACE('',(#1167,#1247,#1278,#1384,#1415,#1521),#344,.F.
  );
#1167 = FACE_BOUND('',#1168,.F.);
#1168 = EDGE_LOOP('',(#1169,#1170,#1193,#1221));
#1169 = ORIENTED_EDGE('',*,*,#328,.F.);
#1170 = ORIENTED_EDGE('',*,*,#1171,.T.);
#1171 = EDGE_CURVE('',#307,#1172,#1174,.T.);
#1172 = VERTEX_POINT('',#1173);
#1173 = CARTESIAN_POINT('',(37.,-69.5,-15.));
#1174 = SURFACE_CURVE('',#1175,(#1179,#1186),.PCURVE_S1.);
#1175 = LINE('',#1176,#1177);
#1176 = CARTESIAN_POINT('',(-40.,-69.5,-15.));
#1177 = VECTOR('',#1178,1.);
#1178 = DIRECTION('',(1.,0.,0.));
#1179 = PCURVE('',#344,#1180);
#1180 = DEFINITIONAL_REPRESENTATION('',(#1181),#1185);
#1181 = LINE('',#1182,#1183);
#1182 = CARTESIAN_POINT('',(0.,3.));
#1183 = VECTOR('',#1184,1.);
#1184 = DIRECTION('',(1.,0.));
#1185 = ( GEOMETRIC_REPRESENTATION_CONTEXT(2) 
PARAMETRIC_REPRESENTATION_CONTEXT() REPRESENTATION_CONTEXT('2D SPACE',''
  ) );
#1186 = PCURVE('',#1107,#1187);
#1187 = DEFINITIONAL_REPRESENTATION('',(#1188),#1192);
#1188 = LINE('',#1189,#1190);
#1189 = CARTESIAN_POINT('',(1.570796326795,0.));
#1190 = VECTOR('',#1191,1.);
#1191 = DIRECTION('',(0.,1.));
#1192 = ( GEOMETRIC_REPRESENTATION_CONTEXT(2) 
PARAMETRIC_REPRESENTATION_CONTEXT() REPRESENTATION_CONTEXT('2D SPACE',''
  ) );
#1193 = ORIENTED_EDGE('',*,*,#1194,.T.);
#1194 = EDGE_CURVE('',#1172,#1195,#1197,.T.);
#1195 = VERTEX_POINT('',#1196);
#1196 = CARTESIAN_POINT('',(37.,69.5,-15.));
#1197 = SURFACE_CURVE('',#1198,(#1202,#1209),.PCURVE_S1.);
#1198 = LINE('',#1199,#1200);
#1199 = CARTESIAN_POINT('',(37.,-72.5,-15.));
#1200 = VECTOR('',#1201,1.);
#1201 = DIRECTION('',(0.,1.,0.));
#1202 = PCURVE('',#344,#1203);
#1203 = DEFINITIONAL_REPRESENTATION('',(#1204),#1208);
#1204 = LINE('',#1205,#1206);
#1205 = CARTESIAN_POINT('',(77.,0.));
#1206 = VECTOR('',#1207,1.);
#1207 = DIRECTION('',(0.,1.));
#1208 = ( GEOMETRIC_REPRESENTATION_CONTEXT(2) 
PARAMETRIC_REPRESENTATION_CONTEXT() REPRESENTATION_CONTEXT('2D SPACE',''
  ) );
#1209 = PCURVE('',#1210,#1215);
#1210 = CYLINDRICAL_SURFACE('',#1211,3.);
#1211 = AXIS2_PLACEMENT_3D('',#1212,#1213,#1214);
#1212 = CARTESIAN_POINT('',(37.,-72.5,-12.));
#1213 = DIRECTION('',(0.,1.,0.));
#1214 = DIRECTION('',(1.,0.,-0.));
#1215 = DEFINITIONAL_REPRESENTATION('',(#1216),#1220);
#1216 = LINE('',#1217,#1218);
#1217 = CARTESIAN_POINT('',(1.570796326795,0.));
#1218 = VECTOR('',#1219,1.);
#1219 = DIRECTION('',(0.,1.));
#1220 = ( GEOMETRIC_REPRESENTATION_CONTEXT(2) 
PARAMETRIC_REPRESENTATION_CONTEXT() REPRESENTATION_CONTEXT('2D SPACE',''
  ) );
#1221 = ORIENTED_EDGE('',*,*,#1222,.F.);
#1222 = EDGE_CURVE('',#329,#1195,#1223,.T.);
#1223 = SURFACE_CURVE('',#1224,(#1228,#1235),.PCURVE_S1.);
#1224 = LINE('',#1225,#1226);
#1225 = CARTESIAN_POINT('',(-40.,69.5,-15.));
#1226 = VECTOR('',#1227,1.);
#1227 = DIRECTION('',(1.,0.,0.));
#1228 = PCURVE('',#344,#1229);
#1229 = DEFINITIONAL_REPRESENTATION('',(#1230),#1234);
#1230 = LINE('',#1231,#1232);
#1231 = CARTESIAN_POINT('',(0.,142.));
#1232 = VECTOR('',#1233,1.);
#1233 = DIRECTION('',(1.,0.));
#1234 = ( GEOMETRIC_REPRESENTATION_CONTEXT(2) 
PARAMETRIC_REPRESENTATION_CONTEXT() REPRESENTATION_CONTEXT('2D SPACE',''
  ) );
#1235 = PCURVE('',#1236,#1241);
#1236 = CYLINDRICAL_SURFACE('',#1237,3.);
#1237 = AXIS2_PLACEMENT_3D('',#1238,#1239,#1240);
#1238 = CARTESIAN_POINT('',(-40.,69.5,-12.));
#1239 = DIRECTION('',(1.,0.,0.));
#1240 = DIRECTION('',(-0.,1.,0.));
#1241 = DEFINITIONAL_REPRESENTATION('',(#1242),#1246);
#1242 = LINE('',#1243,#1244);
#1243 = CARTESIAN_POINT('',(-1.570796326795,0.));
#1244 = VECTOR('',#1245,1.);
#1245 = DIRECTION('',(-0.,1.));
#1246 = ( GEOMETRIC_REPRESENTATION_CONTEXT(2) 
PARAMETRIC_REPRESENTATION_CONTEXT() REPRESENTATION_CONTEXT('2D SPACE',''
  ) );
#1247 = FACE_BOUND('',#1248,.F.);
#1248 = EDGE_LOOP('',(#1249));
#1249 = ORIENTED_EDGE('',*,*,#1250,.F.);
#1250 = EDGE_CURVE('',#1251,#1251,#1253,.T.);
#1251 = VERTEX_POINT('',#1252);
#1252 = CARTESIAN_POINT('',(5.,-57.,-15.));
#1253 = SURFACE_CURVE('',#1254,(#1259,#1266),.PCURVE_S1.);
#1254 = CIRCLE('',#1255,5.);
#1255 = AXIS2_PLACEMENT_3D('',#1256,#1257,#1258);
#1256 = CARTESIAN_POINT('',(0.,-57.,-15.));
#1257 = DIRECTION('',(0.,0.,1.));
#1258 = DIRECTION('',(1.,0.,-0.));
#1259 = PCURVE('',#344,#1260);
#1260 = DEFINITIONAL_REPRESENTATION('',(#1261),#1265);
#1261 = CIRCLE('',#1262,5.);
#1262 = AXIS2_PLACEMENT_2D('',#1263,#1264);
#1263 = CARTESIAN_POINT('',(40.,15.5));
#1264 = DIRECTION('',(1.,0.));
#1265 = ( GEOMETRIC_REPRESENTATION_CONTEXT(2) 
PARAMETRIC_REPRESENTATION_CONTEXT() REPRESENTATION_CONTEXT('2D SPACE',''
  ) );
#1266 = PCURVE('',#1267,#1272);
#1267 = CYLINDRICAL_SURFACE('',#1268,5.);
#1268 = AXIS2_PLACEMENT_3D('',#1269,#1270,#1271);
#1269 = CARTESIAN_POINT('',(0.,-57.,-18.));
#1270 = DIRECTION('',(0.,0.,1.));
#1271 = DIRECTION('',(1.,0.,0.));
#1272 = DEFINITIONAL_REPRESENTATION('',(#1273),#1277);
#1273 = LINE('',#1274,#1275);
#1274 = CARTESIAN_POINT('',(0.,3.));
#1275 = VECTOR('',#1276,1.);
#1276 = DIRECTION('',(1.,0.));
#1277 = ( GEOMETRIC_REPRESENTATION_CONTEXT(2) 
PARAMETRIC_REPRESENTATION_CONTEXT() REPRESENTATION_CONTEXT('2D SPACE',''
  ) );
#1278 = FACE_BOUND('',#1279,.F.);
#1279 = EDGE_LOOP('',(#1280,#1308,#1334,#1360));
#1280 = ORIENTED_EDGE('',*,*,#1281,.T.);
#1281 = EDGE_CURVE('',#1282,#1284,#1286,.T.);
#1282 = VERTEX_POINT('',#1283);
#1283 = CARTESIAN_POINT('',(24.,-30.5,-15.));
#1284 = VERTEX_POINT('',#1285);
#1285 = CARTESIAN_POINT('',(-9.,-30.5,-15.));
#1286 = SURFACE_CURVE('',#1287,(#1291,#1297),.PCURVE_S1.);
#1287 = LINE('',#1288,#1289);
#1288 = CARTESIAN_POINT('',(-24.5,-30.5,-15.));
#1289 = VECTOR('',#1290,1.);
#1290 = DIRECTION('',(-1.,0.,0.));
#1291 = PCURVE('',#344,#1292);
#1292 = DEFINITIONAL_REPRESENTATION('',(#1293),#1296);
#1293 = B_SPLINE_CURVE_WITH_KNOTS('',1,(#1294,#1295),.UNSPECIFIED.,.F.,
  .F.,(2,2),(-48.5,-15.5),.PIECEWISE_BEZIER_KNOTS.);
#1294 = CARTESIAN_POINT('',(64.,42.));
#1295 = CARTESIAN_POINT('',(31.,42.));
#1296 = ( GEOMETRIC_REPRESENTATION_CONTEXT(2) 
PARAMETRIC_REPRESENTATION_CONTEXT() REPRESENTATION_CONTEXT('2D SPACE',''
  ) );
#1297 = PCURVE('',#1298,#1303);
#1298 = PLANE('',#1299);
#1299 = AXIS2_PLACEMENT_3D('',#1300,#1301,#1302);
#1300 = CARTESIAN_POINT('',(-9.,-30.5,-18.));
#1301 = DIRECTION('',(0.,1.,0.));
#1302 = DIRECTION('',(0.,0.,1.));
#1303 = DEFINITIONAL_REPRESENTATION('',(#1304),#1307);
#1304 = B_SPLINE_CURVE_WITH_KNOTS('',1,(#1305,#1306),.UNSPECIFIED.,.F.,
  .F.,(2,2),(-48.5,-15.5),.PIECEWISE_BEZIER_KNOTS.);
#1305 = CARTESIAN_POINT('',(3.,33.));
#1306 = CARTESIAN_POINT('',(3.,0.));
#1307 = ( GEOMETRIC_REPRESENTATION_CONTEXT(2) 
PARAMETRIC_REPRESENTATION_CONTEXT() REPRESENTATION_CONTEXT('2D SPACE',''
  ) );
#1308 = ORIENTED_EDGE('',*,*,#1309,.T.);
#1309 = EDGE_CURVE('',#1284,#1310,#1312,.T.);
#1310 = VERTEX_POINT('',#1311);
#1311 = CARTESIAN_POINT('',(-9.,-11.5,-15.));
#1312 = SURFACE_CURVE('',#1313,(#1317,#1323),.PCURVE_S1.);
#1313 = LINE('',#1314,#1315);
#1314 = CARTESIAN_POINT('',(-9.,-51.5,-15.));
#1315 = VECTOR('',#1316,1.);
#1316 = DIRECTION('',(0.,1.,0.));
#1317 = PCURVE('',#344,#1318);
#1318 = DEFINITIONAL_REPRESENTATION('',(#1319),#1322);
#1319 = B_SPLINE_CURVE_WITH_KNOTS('',1,(#1320,#1321),.UNSPECIFIED.,.F.,
  .F.,(2,2),(21.,40.),.PIECEWISE_BEZIER_KNOTS.);
#1320 = CARTESIAN_POINT('',(31.,42.));
#1321 = CARTESIAN_POINT('',(31.,61.));
#1322 = ( GEOMETRIC_REPRESENTATION_CONTEXT(2) 
PARAMETRIC_REPRESENTATION_CONTEXT() REPRESENTATION_CONTEXT('2D SPACE',''
  ) );
#1323 = PCURVE('',#1324,#1329);
#1324 = PLANE('',#1325);
#1325 = AXIS2_PLACEMENT_3D('',#1326,#1327,#1328);
#1326 = CARTESIAN_POINT('',(-9.,-30.5,-18.));
#1327 = DIRECTION('',(1.,0.,0.));
#1328 = DIRECTION('',(0.,0.,1.));
#1329 = DEFINITIONAL_REPRESENTATION('',(#1330),#1333);
#1330 = B_SPLINE_CURVE_WITH_KNOTS('',1,(#1331,#1332),.UNSPECIFIED.,.F.,
  .F.,(2,2),(21.,40.),.PIECEWISE_BEZIER_KNOTS.);
#1331 = CARTESIAN_POINT('',(3.,0.));
#1332 = CARTESIAN_POINT('',(3.,-19.));
#1333 = ( GEOMETRIC_REPRESENTATION_CONTEXT(2) 
PARAMETRIC_REPRESENTATION_CONTEXT() REPRESENTATION_CONTEXT('2D SPACE',''
  ) );
#1334 = ORIENTED_EDGE('',*,*,#1335,.F.);
#1335 = EDGE_CURVE('',#1336,#1310,#1338,.T.);
#1336 = VERTEX_POINT('',#1337);
#1337 = CARTESIAN_POINT('',(24.,-11.5,-15.));
#1338 = SURFACE_CURVE('',#1339,(#1343,#1349),.PCURVE_S1.);
#1339 = LINE('',#1340,#1341);
#1340 = CARTESIAN_POINT('',(-24.5,-11.5,-15.));
#1341 = VECTOR('',#1342,1.);
#1342 = DIRECTION('',(-1.,0.,0.));
#1343 = PCURVE('',#344,#1344);
#1344 = DEFINITIONAL_REPRESENTATION('',(#1345),#1348);
#1345 = B_SPLINE_CURVE_WITH_KNOTS('',1,(#1346,#1347),.UNSPECIFIED.,.F.,
  .F.,(2,2),(-48.5,-15.5),.PIECEWISE_BEZIER_KNOTS.);
#1346 = CARTESIAN_POINT('',(64.,61.));
#1347 = CARTESIAN_POINT('',(31.,61.));
#1348 = ( GEOMETRIC_REPRESENTATION_CONTEXT(2) 
PARAMETRIC_REPRESENTATION_CONTEXT() REPRESENTATION_CONTEXT('2D SPACE',''
  ) );
#1349 = PCURVE('',#1350,#1355);
#1350 = PLANE('',#1351);
#1351 = AXIS2_PLACEMENT_3D('',#1352,#1353,#1354);
#1352 = CARTESIAN_POINT('',(-9.,-11.5,-18.));
#1353 = DIRECTION('',(0.,1.,0.));
#1354 = DIRECTION('',(0.,0.,1.));
#1355 = DEFINITIONAL_REPRESENTATION('',(#1356),#1359);
#1356 = B_SPLINE_CURVE_WITH_KNOTS('',1,(#1357,#1358),.UNSPECIFIED.,.F.,
  .F.,(2,2),(-48.5,-15.5),.PIECEWISE_BEZIER_KNOTS.);
#1357 = CARTESIAN_POINT('',(3.,33.));
#1358 = CARTESIAN_POINT('',(3.,0.));
#1359 = ( GEOMETRIC_REPRESENTATION_CONTEXT(2) 
PARAMETRIC_REPRESENTATION_CONTEXT() REPRESENTATION_CONTEXT('2D SPACE',''
  ) );
#1360 = ORIENTED_EDGE('',*,*,#1361,.F.);
#1361 = EDGE_CURVE('',#1282,#1336,#1362,.T.);
#1362 = SURFACE_CURVE('',#1363,(#1367,#1373),.PCURVE_S1.);
#1363 = LINE('',#1364,#1365);
#1364 = CARTESIAN_POINT('',(24.,-51.5,-15.));
#1365 = VECTOR('',#1366,1.);
#1366 = DIRECTION('',(0.,1.,0.));
#1367 = PCURVE('',#344,#1368);
#1368 = DEFINITIONAL_REPRESENTATION('',(#1369),#1372);
#1369 = B_SPLINE_CURVE_WITH_KNOTS('',1,(#1370,#1371),.UNSPECIFIED.,.F.,
  .F.,(2,2),(21.,40.),.PIECEWISE_BEZIER_KNOTS.);
#1370 = CARTESIAN_POINT('',(64.,42.));
#1371 = CARTESIAN_POINT('',(64.,61.));
#1372 = ( GEOMETRIC_REPRESENTATION_CONTEXT(2) 
PARAMETRIC_REPRESENTATION_CONTEXT() REPRESENTATION_CONTEXT('2D SPACE',''
  ) );
#1373 = PCURVE('',#1374,#1379);
#1374 = PLANE('',#1375);
#1375 = AXIS2_PLACEMENT_3D('',#1376,#1377,#1378);
#1376 = CARTESIAN_POINT('',(24.,-30.5,-18.));
#1377 = DIRECTION('',(1.,0.,0.));
#1378 = DIRECTION('',(0.,0.,1.));
#1379 = DEFINITIONAL_REPRESENTATION('',(#1380),#1383);
#1380 = B_SPLINE_CURVE_WITH_KNOTS('',1,(#1381,#1382),.UNSPECIFIED.,.F.,
  .F.,(2,2),(21.,40.),.PIECEWISE_BEZIER_KNOTS.);
#1381 = CARTESIAN_POINT('',(3.,0.));
#1382 = CARTESIAN_POINT('',(3.,-19.));
#1383 = ( GEOMETRIC_REPRESENTATION_CONTEXT(2) 
PARAMETRIC_REPRESENTATION_CONTEXT() REPRESENTATION_CONTEXT('2D SPACE',''
  ) );
#1384 = FACE_BOUND('',#1385,.F.);
#1385 = EDGE_LOOP('',(#1386));
#1386 = ORIENTED_EDGE('',*,*,#1387,.F.);
#1387 = EDGE_CURVE('',#1388,#1388,#1390,.T.);
#1388 = VERTEX_POINT('',#1389);
#1389 = CARTESIAN_POINT('',(-4.1,24.,-15.));
#1390 = SURFACE_CURVE('',#1391,(#1396,#1403),.PCURVE_S1.);
#1391 = CIRCLE('',#1392,0.9);
#1392 = AXIS2_PLACEMENT_3D('',#1393,#1394,#1395);
#1393 = CARTESIAN_POINT('',(-5.,24.,-15.));
#1394 = DIRECTION('',(0.,0.,1.));
#1395 = DIRECTION('',(1.,0.,-0.));
#1396 = PCURVE('',#344,#1397);
#1397 = DEFINITIONAL_REPRESENTATION('',(#1398),#1402);
#1398 = CIRCLE('',#1399,0.9);
#1399 = AXIS2_PLACEMENT_2D('',#1400,#1401);
#1400 = CARTESIAN_POINT('',(35.,96.5));
#1401 = DIRECTION('',(1.,0.));
#1402 = ( GEOMETRIC_REPRESENTATION_CONTEXT(2) 
PARAMETRIC_REPRESENTATION_CONTEXT() REPRESENTATION_CONTEXT('2D SPACE',''
  ) );
#1403 = PCURVE('',#1404,#1409);
#1404 = CYLINDRICAL_SURFACE('',#1405,0.9);
#1405 = AXIS2_PLACEMENT_3D('',#1406,#1407,#1408);
#1406 = CARTESIAN_POINT('',(-5.,24.,-18.));
#1407 = DIRECTION('',(0.,0.,1.));
#1408 = DIRECTION('',(1.,0.,0.));
#1409 = DEFINITIONAL_REPRESENTATION('',(#1410),#1414);
#1410 = LINE('',#1411,#1412);
#1411 = CARTESIAN_POINT('',(0.,3.));
#1412 = VECTOR('',#1413,1.);
#1413 = DIRECTION('',(1.,0.));
#1414 = ( GEOMETRIC_REPRESENTATION_CONTEXT(2) 
PARAMETRIC_REPRESENTATION_CONTEXT() REPRESENTATION_CONTEXT('2D SPACE',''
  ) );
#1415 = FACE_BOUND('',#1416,.F.);
#1416 = EDGE_LOOP('',(#1417,#1445,#1471,#1497));
#1417 = ORIENTED_EDGE('',*,*,#1418,.T.);
#1418 = EDGE_CURVE('',#1419,#1421,#1423,.T.);
#1419 = VERTEX_POINT('',#1420);
#1420 = CARTESIAN_POINT('',(28.,7.5,-15.));
#1421 = VERTEX_POINT('',#1422);
#1422 = CARTESIAN_POINT('',(-2.,7.5,-15.));
#1423 = SURFACE_CURVE('',#1424,(#1428,#1434),.PCURVE_S1.);
#1424 = LINE('',#1425,#1426);
#1425 = CARTESIAN_POINT('',(-21.,7.5,-15.));
#1426 = VECTOR('',#1427,1.);
#1427 = DIRECTION('',(-1.,0.,0.));
#1428 = PCURVE('',#344,#1429);
#1429 = DEFINITIONAL_REPRESENTATION('',(#1430),#1433);
#1430 = B_SPLINE_CURVE_WITH_KNOTS('',1,(#1431,#1432),.UNSPECIFIED.,.F.,
  .F.,(2,2),(-49.,-19.),.PIECEWISE_BEZIER_KNOTS.);
#1431 = CARTESIAN_POINT('',(68.,80.));
#1432 = CARTESIAN_POINT('',(38.,80.));
#1433 = ( GEOMETRIC_REPRESENTATION_CONTEXT(2) 
PARAMETRIC_REPRESENTATION_CONTEXT() REPRESENTATION_CONTEXT('2D SPACE',''
  ) );
#1434 = PCURVE('',#1435,#1440);
#1435 = PLANE('',#1436);
#1436 = AXIS2_PLACEMENT_3D('',#1437,#1438,#1439);
#1437 = CARTESIAN_POINT('',(-2.,7.5,-18.));
#1438 = DIRECTION('',(0.,1.,0.));
#1439 = DIRECTION('',(0.,0.,1.));
#1440 = DEFINITIONAL_REPRESENTATION('',(#1441),#1444);
#1441 = B_SPLINE_CURVE_WITH_KNOTS('',1,(#1442,#1443),.UNSPECIFIED.,.F.,
  .F.,(2,2),(-49.,-19.),.PIECEWISE_BEZIER_KNOTS.);
#1442 = CARTESIAN_POINT('',(3.,30.));
#1443 = CARTESIAN_POINT('',(3.,0.));
#1444 = ( GEOMETRIC_REPRESENTATION_CONTEXT(2) 
PARAMETRIC_REPRESENTATION_CONTEXT() REPRESENTATION_CONTEXT('2D SPACE',''
  ) );
#1445 = ORIENTED_EDGE('',*,*,#1446,.T.);
#1446 = EDGE_CURVE('',#1421,#1447,#1449,.T.);
#1447 = VERTEX_POINT('',#1448);
#1448 = CARTESIAN_POINT('',(-2.,40.5,-15.));
#1449 = SURFACE_CURVE('',#1450,(#1454,#1460),.PCURVE_S1.);
#1450 = LINE('',#1451,#1452);
#1451 = CARTESIAN_POINT('',(-2.,-32.5,-15.));
#1452 = VECTOR('',#1453,1.);
#1453 = DIRECTION('',(0.,1.,0.));
#1454 = PCURVE('',#344,#1455);
#1455 = DEFINITIONAL_REPRESENTATION('',(#1456),#1459);
#1456 = B_SPLINE_CURVE_WITH_KNOTS('',1,(#1457,#1458),.UNSPECIFIED.,.F.,
  .F.,(2,2),(40.,73.),.PIECEWISE_BEZIER_KNOTS.);
#1457 = CARTESIAN_POINT('',(38.,80.));
#1458 = CARTESIAN_POINT('',(38.,113.));
#1459 = ( GEOMETRIC_REPRESENTATION_CONTEXT(2) 
PARAMETRIC_REPRESENTATION_CONTEXT() REPRESENTATION_CONTEXT('2D SPACE',''
  ) );
#1460 = PCURVE('',#1461,#1466);
#1461 = PLANE('',#1462);
#1462 = AXIS2_PLACEMENT_3D('',#1463,#1464,#1465);
#1463 = CARTESIAN_POINT('',(-2.,7.5,-18.));
#1464 = DIRECTION('',(1.,0.,0.));
#1465 = DIRECTION('',(0.,0.,1.));
#1466 = DEFINITIONAL_REPRESENTATION('',(#1467),#1470);
#1467 = B_SPLINE_CURVE_WITH_KNOTS('',1,(#1468,#1469),.UNSPECIFIED.,.F.,
  .F.,(2,2),(40.,73.),.PIECEWISE_BEZIER_KNOTS.);
#1468 = CARTESIAN_POINT('',(3.,0.));
#1469 = CARTESIAN_POINT('',(3.,-33.));
#1470 = ( GEOMETRIC_REPRESENTATION_CONTEXT(2) 
PARAMETRIC_REPRESENTATION_CONTEXT() REPRESENTATION_CONTEXT('2D SPACE',''
  ) );
#1471 = ORIENTED_EDGE('',*,*,#1472,.F.);
#1472 = EDGE_CURVE('',#1473,#1447,#1475,.T.);
#1473 = VERTEX_POINT('',#1474);
#1474 = CARTESIAN_POINT('',(28.,40.5,-15.));
#1475 = SURFACE_CURVE('',#1476,(#1480,#1486),.PCURVE_S1.);
#1476 = LINE('',#1477,#1478);
#1477 = CARTESIAN_POINT('',(-21.,40.5,-15.));
#1478 = VECTOR('',#1479,1.);
#1479 = DIRECTION('',(-1.,0.,0.));
#1480 = PCURVE('',#344,#1481);
#1481 = DEFINITIONAL_REPRESENTATION('',(#1482),#1485);
#1482 = B_SPLINE_CURVE_WITH_KNOTS('',1,(#1483,#1484),.UNSPECIFIED.,.F.,
  .F.,(2,2),(-49.,-19.),.PIECEWISE_BEZIER_KNOTS.);
#1483 = CARTESIAN_POINT('',(68.,113.));
#1484 = CARTESIAN_POINT('',(38.,113.));
#1485 = ( GEOMETRIC_REPRESENTATION_CONTEXT(2) 
PARAMETRIC_REPRESENTATION_CONTEXT() REPRESENTATION_CONTEXT('2D SPACE',''
  ) );
#1486 = PCURVE('',#1487,#1492);
#1487 = PLANE('',#1488);
#1488 = AXIS2_PLACEMENT_3D('',#1489,#1490,#1491);
#1489 = CARTESIAN_POINT('',(-2.,40.5,-18.));
#1490 = DIRECTION('',(0.,1.,0.));
#1491 = DIRECTION('',(0.,0.,1.));
#1492 = DEFINITIONAL_REPRESENTATION('',(#1493),#1496);
#1493 = B_SPLINE_CURVE_WITH_KNOTS('',1,(#1494,#1495),.UNSPECIFIED.,.F.,
  .F.,(2,2),(-49.,-19.),.PIECEWISE_BEZIER_KNOTS.);
#1494 = CARTESIAN_POINT('',(3.,30.));
#1495 = CARTESIAN_POINT('',(3.,0.));
#1496 = ( GEOMETRIC_REPRESENTATION_CONTEXT(2) 
PARAMETRIC_REPRESENTATION_CONTEXT() REPRESENTATION_CONTEXT('2D SPACE',''
  ) );
#1497 = ORIENTED_EDGE('',*,*,#1498,.F.);
#1498 = EDGE_CURVE('',#1419,#1473,#1499,.T.);
#1499 = SURFACE_CURVE('',#1500,(#1504,#1510),.PCURVE_S1.);
#1500 = LINE('',#1501,#1502);
#1501 = CARTESIAN_POINT('',(28.,-32.5,-15.));
#1502 = VECTOR('',#1503,1.);
#1503 = DIRECTION('',(0.,1.,0.));
#1504 = PCURVE('',#344,#1505);
#1505 = DEFINITIONAL_REPRESENTATION('',(#1506),#1509);
#1506 = B_SPLINE_CURVE_WITH_KNOTS('',1,(#1507,#1508),.UNSPECIFIED.,.F.,
  .F.,(2,2),(40.,73.),.PIECEWISE_BEZIER_KNOTS.);
#1507 = CARTESIAN_POINT('',(68.,80.));
#1508 = CARTESIAN_POINT('',(68.,113.));
#1509 = ( GEOMETRIC_REPRESENTATION_CONTEXT(2) 
PARAMETRIC_REPRESENTATION_CONTEXT() REPRESENTATION_CONTEXT('2D SPACE',''
  ) );
#1510 = PCURVE('',#1511,#1516);
#1511 = PLANE('',#1512);
#1512 = AXIS2_PLACEMENT_3D('',#1513,#1514,#1515);
#1513 = CARTESIAN_POINT('',(28.,7.5,-18.));
#1514 = DIRECTION('',(1.,0.,0.));
#1515 = DIRECTION('',(0.,0.,1.));
#1516 = DEFINITIONAL_REPRESENTATION('',(#1517),#1520);
#1517 = B_SPLINE_CURVE_WITH_KNOTS('',1,(#1518,#1519),.UNSPECIFIED.,.F.,
  .F.,(2,2),(40.,73.),.PIECEWISE_BEZIER_KNOTS.);
#1518 = CARTESIAN_POINT('',(3.,0.));
#1519 = CARTESIAN_POINT('',(3.,-33.));
#1520 = ( GEOMETRIC_REPRESENTATION_CONTEXT(2) 
PARAMETRIC_REPRESENTATION_CONTEXT() REPRESENTATION_CONTEXT('2D SPACE',''
  ) );
#1521 = FACE_BOUND('',#1522,.F.);
#1522 = EDGE_LOOP('',(#1523));
#1523 = ORIENTED_EDGE('',*,*,#1524,.F.);
#1524 = EDGE_CURVE('',#1525,#1525,#1527,.T.);
#1525 = VERTEX_POINT('',#1526);
#1526 = CARTESIAN_POINT('',(31.9,24.,-15.));
#1527 = SURFACE_CURVE('',#1528,(#1533,#1540),.PCURVE_S1.);
#1528 = CIRCLE('',#1529,0.9);
#1529 = AXIS2_PLACEMENT_3D('',#1530,#1531,#1532);
#1530 = CARTESIAN_POINT('',(31.,24.,-15.));
#1531 = DIRECTION('',(0.,0.,1.));
#1532 = DIRECTION('',(1.,0.,-0.));
#1533 = PCURVE('',#344,#1534);
#1534 = DEFINITIONAL_REPRESENTATION('',(#1535),#1539);
#1535 = CIRCLE('',#1536,0.9);
#1536 = AXIS2_PLACEMENT_2D('',#1537,#1538);
#1537 = CARTESIAN_POINT('',(71.,96.5));
#1538 = DIRECTION('',(1.,0.));
#1539 = ( GEOMETRIC_REPRESENTATION_CONTEXT(2) 
PARAMETRIC_REPRESENTATION_CONTEXT() REPRESENTATION_CONTEXT('2D SPACE',''
  ) );
#1540 = PCURVE('',#1541,#1546);
#1541 = CYLINDRICAL_SURFACE('',#1542,0.9);
#1542 = AXIS2_PLACEMENT_3D('',#1543,#1544,#1545);
#1543 = CARTESIAN_POINT('',(31.,24.,-18.));
#1544 = DIRECTION('',(0.,0.,1.));
#1545 = DIRECTION('',(1.,0.,0.));
#1546 = DEFINITIONAL_REPRESENTATION('',(#1547),#1551);
#1547 = LINE('',#1548,#1549);
#1548 = CARTESIAN_POINT('',(0.,3.));
#1549 = VECTOR('',#1550,1.);
#1550 = DIRECTION('',(1.,0.));
#1551 = ( GEOMETRIC_REPRESENTATION_CONTEXT(2) 
PARAMETRIC_REPRESENTATION_CONTEXT() REPRESENTATION_CONTEXT('2D SPACE',''
  ) );
#1552 = ADVANCED_FACE('',(#1553),#370,.T.);
#1553 = FACE_BOUND('',#1554,.F.);
#1554 = EDGE_LOOP('',(#1555,#1556,#1576));
#1555 = ORIENTED_EDGE('',*,*,#356,.F.);
#1556 = ORIENTED_EDGE('',*,*,#1557,.T.);
#1557 = EDGE_CURVE('',#329,#943,#1558,.T.);
#1558 = SURFACE_CURVE('',#1559,(#1564,#1570),.PCURVE_S1.);
#1559 = CIRCLE('',#1560,3.);
#1560 = AXIS2_PLACEMENT_3D('',#1561,#1562,#1563);
#1561 = CARTESIAN_POINT('',(-37.,69.5,-12.));
#1562 = DIRECTION('',(1.,6.123233995737E-17,-0.));
#1563 = DIRECTION('',(-6.123233995737E-17,1.,0.));
#1564 = PCURVE('',#370,#1565);
#1565 = DEFINITIONAL_REPRESENTATION('',(#1566),#1569);
#1566 = B_SPLINE_CURVE_WITH_KNOTS('',1,(#1567,#1568),.UNSPECIFIED.,.F.,
  .F.,(2,2),(4.712388980385,6.28318530718),.PIECEWISE_BEZIER_KNOTS.);
#1567 = CARTESIAN_POINT('',(-1.570796326795,-1.570796326795));
#1568 = CARTESIAN_POINT('',(-1.570796326795,0.));
#1569 = ( GEOMETRIC_REPRESENTATION_CONTEXT(2) 
PARAMETRIC_REPRESENTATION_CONTEXT() REPRESENTATION_CONTEXT('2D SPACE',''
  ) );
#1570 = PCURVE('',#1236,#1571);
#1571 = DEFINITIONAL_REPRESENTATION('',(#1572),#1575);
#1572 = B_SPLINE_CURVE_WITH_KNOTS('',1,(#1573,#1574),.UNSPECIFIED.,.F.,
  .F.,(2,2),(4.712388980385,6.28318530718),.PIECEWISE_BEZIER_KNOTS.);
#1573 = CARTESIAN_POINT('',(-1.570796326795,3.));
#1574 = CARTESIAN_POINT('',(0.,3.));
#1575 = ( GEOMETRIC_REPRESENTATION_CONTEXT(2) 
PARAMETRIC_REPRESENTATION_CONTEXT() REPRESENTATION_CONTEXT('2D SPACE',''
  ) );
#1576 = ORIENTED_EDGE('',*,*,#942,.F.);
#1577 = ADVANCED_FACE('',(#1578),#449,.T.);
#1578 = FACE_BOUND('',#1579,.F.);
#1579 = EDGE_LOOP('',(#1580,#1603,#1630,#1631));
#1580 = ORIENTED_EDGE('',*,*,#1581,.F.);
#1581 = EDGE_CURVE('',#1582,#433,#1584,.T.);
#1582 = VERTEX_POINT('',#1583);
#1583 = CARTESIAN_POINT('',(40.,-69.5,-12.));
#1584 = SURFACE_CURVE('',#1585,(#1589,#1596),.PCURVE_S1.);
#1585 = LINE('',#1586,#1587);
#1586 = CARTESIAN_POINT('',(40.,-69.5,-15.));
#1587 = VECTOR('',#1588,1.);
#1588 = DIRECTION('',(0.,0.,1.));
#1589 = PCURVE('',#449,#1590);
#1590 = DEFINITIONAL_REPRESENTATION('',(#1591),#1595);
#1591 = LINE('',#1592,#1593);
#1592 = CARTESIAN_POINT('',(-0.,0.));
#1593 = VECTOR('',#1594,1.);
#1594 = DIRECTION('',(-0.,1.));
#1595 = ( GEOMETRIC_REPRESENTATION_CONTEXT(2) 
PARAMETRIC_REPRESENTATION_CONTEXT() REPRESENTATION_CONTEXT('2D SPACE',''
  ) );
#1596 = PCURVE('',#476,#1597);
#1597 = DEFINITIONAL_REPRESENTATION('',(#1598),#1602);
#1598 = LINE('',#1599,#1600);
#1599 = CARTESIAN_POINT('',(0.,-3.));
#1600 = VECTOR('',#1601,1.);
#1601 = DIRECTION('',(1.,0.));
#1602 = ( GEOMETRIC_REPRESENTATION_CONTEXT(2) 
PARAMETRIC_REPRESENTATION_CONTEXT() REPRESENTATION_CONTEXT('2D SPACE',''
  ) );
#1603 = ORIENTED_EDGE('',*,*,#1604,.T.);
#1604 = EDGE_CURVE('',#1582,#1092,#1605,.T.);
#1605 = SURFACE_CURVE('',#1606,(#1611,#1618),.PCURVE_S1.);
#1606 = CIRCLE('',#1607,3.);
#1607 = AXIS2_PLACEMENT_3D('',#1608,#1609,#1610);
#1608 = CARTESIAN_POINT('',(37.,-69.5,-12.));
#1609 = DIRECTION('',(0.,-0.,-1.));
#1610 = DIRECTION('',(1.,0.,-0.));
#1611 = PCURVE('',#449,#1612);
#1612 = DEFINITIONAL_REPRESENTATION('',(#1613),#1617);
#1613 = LINE('',#1614,#1615);
#1614 = CARTESIAN_POINT('',(-0.,3.));
#1615 = VECTOR('',#1616,1.);
#1616 = DIRECTION('',(-1.,0.));
#1617 = ( GEOMETRIC_REPRESENTATION_CONTEXT(2) 
PARAMETRIC_REPRESENTATION_CONTEXT() REPRESENTATION_CONTEXT('2D SPACE',''
  ) );
#1618 = PCURVE('',#1619,#1624);
#1619 = SPHERICAL_SURFACE('',#1620,3.);
#1620 = AXIS2_PLACEMENT_3D('',#1621,#1622,#1623);
#1621 = CARTESIAN_POINT('',(37.,-69.5,-12.));
#1622 = DIRECTION('',(0.,0.,1.));
#1623 = DIRECTION('',(1.,0.,-0.));
#1624 = DEFINITIONAL_REPRESENTATION('',(#1625),#1629);
#1625 = LINE('',#1626,#1627);
#1626 = CARTESIAN_POINT('',(-0.,0.));
#1627 = VECTOR('',#1628,1.);
#1628 = DIRECTION('',(-1.,0.));
#1629 = ( GEOMETRIC_REPRESENTATION_CONTEXT(2) 
PARAMETRIC_REPRESENTATION_CONTEXT() REPRESENTATION_CONTEXT('2D SPACE',''
  ) );
#1630 = ORIENTED_EDGE('',*,*,#1121,.T.);
#1631 = ORIENTED_EDGE('',*,*,#432,.T.);
#1632 = ADVANCED_FACE('',(#1633,#1681,#1712),#476,.T.);
#1633 = FACE_BOUND('',#1634,.T.);
#1634 = EDGE_LOOP('',(#1635,#1636,#1659,#1680));
#1635 = ORIENTED_EDGE('',*,*,#1581,.F.);
#1636 = ORIENTED_EDGE('',*,*,#1637,.T.);
#1637 = EDGE_CURVE('',#1582,#1638,#1640,.T.);
#1638 = VERTEX_POINT('',#1639);
#1639 = CARTESIAN_POINT('',(40.,69.5,-12.));
#1640 = SURFACE_CURVE('',#1641,(#1645,#1652),.PCURVE_S1.);
#1641 = LINE('',#1642,#1643);
#1642 = CARTESIAN_POINT('',(40.,-72.5,-12.));
#1643 = VECTOR('',#1644,1.);
#1644 = DIRECTION('',(0.,1.,0.));
#1645 = PCURVE('',#476,#1646);
#1646 = DEFINITIONAL_REPRESENTATION('',(#1647),#1651);
#1647 = LINE('',#1648,#1649);
#1648 = CARTESIAN_POINT('',(3.,0.));
#1649 = VECTOR('',#1650,1.);
#1650 = DIRECTION('',(0.,-1.));
#1651 = ( GEOMETRIC_REPRESENTATION_CONTEXT(2) 
PARAMETRIC_REPRESENTATION_CONTEXT() REPRESENTATION_CONTEXT('2D SPACE',''
  ) );
#1652 = PCURVE('',#1210,#1653);
#1653 = DEFINITIONAL_REPRESENTATION('',(#1654),#1658);
#1654 = LINE('',#1655,#1656);
#1655 = CARTESIAN_POINT('',(0.,0.));
#1656 = VECTOR('',#1657,1.);
#1657 = DIRECTION('',(0.,1.));
#1658 = ( GEOMETRIC_REPRESENTATION_CONTEXT(2) 
PARAMETRIC_REPRESENTATION_CONTEXT() REPRESENTATION_CONTEXT('2D SPACE',''
  ) );
#1659 = ORIENTED_EDGE('',*,*,#1660,.T.);
#1660 = EDGE_CURVE('',#1638,#462,#1661,.T.);
#1661 = SURFACE_CURVE('',#1662,(#1666,#1673),.PCURVE_S1.);
#1662 = LINE('',#1663,#1664);
#1663 = CARTESIAN_POINT('',(40.,69.5,-15.));
#1664 = VECTOR('',#1665,1.);
#1665 = DIRECTION('',(0.,0.,1.));
#1666 = PCURVE('',#476,#1667);
#1667 = DEFINITIONAL_REPRESENTATION('',(#1668),#1672);
#1668 = LINE('',#1669,#1670);
#1669 = CARTESIAN_POINT('',(0.,-142.));
#1670 = VECTOR('',#1671,1.);
#1671 = DIRECTION('',(1.,0.));
#1672 = ( GEOMETRIC_REPRESENTATION_CONTEXT(2) 
PARAMETRIC_REPRESENTATION_CONTEXT() REPRESENTATION_CONTEXT('2D SPACE',''
  ) );
#1673 = PCURVE('',#504,#1674);
#1674 = DEFINITIONAL_REPRESENTATION('',(#1675),#1679);
#1675 = LINE('',#1676,#1677);
#1676 = CARTESIAN_POINT('',(0.,0.));
#1677 = VECTOR('',#1678,1.);
#1678 = DIRECTION('',(0.,1.));
#1679 = ( GEOMETRIC_REPRESENTATION_CONTEXT(2) 
PARAMETRIC_REPRESENTATION_CONTEXT() REPRESENTATION_CONTEXT('2D SPACE',''
  ) );
#1680 = ORIENTED_EDGE('',*,*,#461,.T.);
#1681 = FACE_BOUND('',#1682,.T.);
#1682 = EDGE_LOOP('',(#1683));
#1683 = ORIENTED_EDGE('',*,*,#1684,.F.);
#1684 = EDGE_CURVE('',#1685,#1685,#1687,.T.);
#1685 = VERTEX_POINT('',#1686);
#1686 = CARTESIAN_POINT('',(40.,49.5,-9.25));
#1687 = SURFACE_CURVE('',#1688,(#1693,#1700),.PCURVE_S1.);
#1688 = CIRCLE('',#1689,8.25);
#1689 = AXIS2_PLACEMENT_3D('',#1690,#1691,#1692);
#1690 = CARTESIAN_POINT('',(40.,49.5,-1.));
#1691 = DIRECTION('',(1.,0.,2.22044604925E-16));
#1692 = DIRECTION('',(2.22044604925E-16,0.,-1.));
#1693 = PCURVE('',#476,#1694);
#1694 = DEFINITIONAL_REPRESENTATION('',(#1695),#1699);
#1695 = CIRCLE('',#1696,8.25);
#1696 = AXIS2_PLACEMENT_2D('',#1697,#1698);
#1697 = CARTESIAN_POINT('',(14.,-122.));
#1698 = DIRECTION('',(-1.,0.));
#1699 = ( GEOMETRIC_REPRESENTATION_CONTEXT(2) 
PARAMETRIC_REPRESENTATION_CONTEXT() REPRESENTATION_CONTEXT('2D SPACE',''
  ) );
#1700 = PCURVE('',#1701,#1706);
#1701 = CYLINDRICAL_SURFACE('',#1702,8.25);
#1702 = AXIS2_PLACEMENT_3D('',#1703,#1704,#1705);
#1703 = CARTESIAN_POINT('',(37.,49.5,-1.));
#1704 = DIRECTION('',(1.,0.,2.22044604925E-16));
#1705 = DIRECTION('',(2.22044604925E-16,0.,-1.));
#1706 = DEFINITIONAL_REPRESENTATION('',(#1707),#1711);
#1707 = LINE('',#1708,#1709);
#1708 = CARTESIAN_POINT('',(0.,3.));
#1709 = VECTOR('',#1710,1.);
#1710 = DIRECTION('',(1.,0.));
#1711 = ( GEOMETRIC_REPRESENTATION_CONTEXT(2) 
PARAMETRIC_REPRESENTATION_CONTEXT() REPRESENTATION_CONTEXT('2D SPACE',''
  ) );
#1712 = FACE_BOUND('',#1713,.T.);
#1713 = EDGE_LOOP('',(#1714,#1742,#1768,#1794));
#1714 = ORIENTED_EDGE('',*,*,#1715,.T.);
#1715 = EDGE_CURVE('',#1716,#1718,#1720,.T.);
#1716 = VERTEX_POINT('',#1717);
#1717 = CARTESIAN_POINT('',(40.,-16.,-7.));
#1718 = VERTEX_POINT('',#1719);
#1719 = CARTESIAN_POINT('',(40.,-26.,-7.));
#1720 = SURFACE_CURVE('',#1721,(#1725,#1731),.PCURVE_S1.);
#1721 = LINE('',#1722,#1723);
#1722 = CARTESIAN_POINT('',(40.,-49.25,-7.));
#1723 = VECTOR('',#1724,1.);
#1724 = DIRECTION('',(0.,-1.,0.));
#1725 = PCURVE('',#476,#1726);
#1726 = DEFINITIONAL_REPRESENTATION('',(#1727),#1730);
#1727 = B_SPLINE_CURVE_WITH_KNOTS('',1,(#1728,#1729),.UNSPECIFIED.,.F.,
  .F.,(2,2),(-33.25,-23.25),.PIECEWISE_BEZIER_KNOTS.);
#1728 = CARTESIAN_POINT('',(8.,-56.5));
#1729 = CARTESIAN_POINT('',(8.,-46.5));
#1730 = ( GEOMETRIC_REPRESENTATION_CONTEXT(2) 
PARAMETRIC_REPRESENTATION_CONTEXT() REPRESENTATION_CONTEXT('2D SPACE',''
  ) );
#1731 = PCURVE('',#1732,#1737);
#1732 = PLANE('',#1733);
#1733 = AXIS2_PLACEMENT_3D('',#1734,#1735,#1736);
#1734 = CARTESIAN_POINT('',(37.,-26.,-7.));
#1735 = DIRECTION('',(0.,0.,1.));
#1736 = DIRECTION('',(1.,0.,0.));
#1737 = DEFINITIONAL_REPRESENTATION('',(#1738),#1741);
#1738 = B_SPLINE_CURVE_WITH_KNOTS('',1,(#1739,#1740),.UNSPECIFIED.,.F.,
  .F.,(2,2),(-33.25,-23.25),.PIECEWISE_BEZIER_KNOTS.);
#1739 = CARTESIAN_POINT('',(3.,10.));
#1740 = CARTESIAN_POINT('',(3.,0.));
#1741 = ( GEOMETRIC_REPRESENTATION_CONTEXT(2) 
PARAMETRIC_REPRESENTATION_CONTEXT() REPRESENTATION_CONTEXT('2D SPACE',''
  ) );
#1742 = ORIENTED_EDGE('',*,*,#1743,.T.);
#1743 = EDGE_CURVE('',#1718,#1744,#1746,.T.);
#1744 = VERTEX_POINT('',#1745);
#1745 = CARTESIAN_POINT('',(40.,-26.,-2.));
#1746 = SURFACE_CURVE('',#1747,(#1751,#1757),.PCURVE_S1.);
#1747 = LINE('',#1748,#1749);
#1748 = CARTESIAN_POINT('',(40.,-26.,-11.));
#1749 = VECTOR('',#1750,1.);
#1750 = DIRECTION('',(0.,0.,1.));
#1751 = PCURVE('',#476,#1752);
#1752 = DEFINITIONAL_REPRESENTATION('',(#1753),#1756);
#1753 = B_SPLINE_CURVE_WITH_KNOTS('',1,(#1754,#1755),.UNSPECIFIED.,.F.,
  .F.,(2,2),(4.,9.),.PIECEWISE_BEZIER_KNOTS.);
#1754 = CARTESIAN_POINT('',(8.,-46.5));
#1755 = CARTESIAN_POINT('',(13.,-46.5));
#1756 = ( GEOMETRIC_REPRESENTATION_CONTEXT(2) 
PARAMETRIC_REPRESENTATION_CONTEXT() REPRESENTATION_CONTEXT('2D SPACE',''
  ) );
#1757 = PCURVE('',#1758,#1763);
#1758 = PLANE('',#1759);
#1759 = AXIS2_PLACEMENT_3D('',#1760,#1761,#1762);
#1760 = CARTESIAN_POINT('',(37.,-26.,-7.));
#1761 = DIRECTION('',(0.,1.,0.));
#1762 = DIRECTION('',(0.,0.,1.));
#1763 = DEFINITIONAL_REPRESENTATION('',(#1764),#1767);
#1764 = B_SPLINE_CURVE_WITH_KNOTS('',1,(#1765,#1766),.UNSPECIFIED.,.F.,
  .F.,(2,2),(4.,9.),.PIECEWISE_BEZIER_KNOTS.);
#1765 = CARTESIAN_POINT('',(0.,3.));
#1766 = CARTESIAN_POINT('',(5.,3.));
#1767 = ( GEOMETRIC_REPRESENTATION_CONTEXT(2) 
PARAMETRIC_REPRESENTATION_CONTEXT() REPRESENTATION_CONTEXT('2D SPACE',''
  ) );
#1768 = ORIENTED_EDGE('',*,*,#1769,.F.);
#1769 = EDGE_CURVE('',#1770,#1744,#1772,.T.);
#1770 = VERTEX_POINT('',#1771);
#1771 = CARTESIAN_POINT('',(40.,-16.,-2.));
#1772 = SURFACE_CURVE('',#1773,(#1777,#1783),.PCURVE_S1.);
#1773 = LINE('',#1774,#1775);
#1774 = CARTESIAN_POINT('',(40.,-49.25,-2.));
#1775 = VECTOR('',#1776,1.);
#1776 = DIRECTION('',(0.,-1.,0.));
#1777 = PCURVE('',#476,#1778);
#1778 = DEFINITIONAL_REPRESENTATION('',(#1779),#1782);
#1779 = B_SPLINE_CURVE_WITH_KNOTS('',1,(#1780,#1781),.UNSPECIFIED.,.F.,
  .F.,(2,2),(-33.25,-23.25),.PIECEWISE_BEZIER_KNOTS.);
#1780 = CARTESIAN_POINT('',(13.,-56.5));
#1781 = CARTESIAN_POINT('',(13.,-46.5));
#1782 = ( GEOMETRIC_REPRESENTATION_CONTEXT(2) 
PARAMETRIC_REPRESENTATION_CONTEXT() REPRESENTATION_CONTEXT('2D SPACE',''
  ) );
#1783 = PCURVE('',#1784,#1789);
#1784 = PLANE('',#1785);
#1785 = AXIS2_PLACEMENT_3D('',#1786,#1787,#1788);
#1786 = CARTESIAN_POINT('',(37.,-26.,-2.));
#1787 = DIRECTION('',(0.,0.,1.));
#1788 = DIRECTION('',(1.,0.,0.));
#1789 = DEFINITIONAL_REPRESENTATION('',(#1790),#1793);
#1790 = B_SPLINE_CURVE_WITH_KNOTS('',1,(#1791,#1792),.UNSPECIFIED.,.F.,
  .F.,(2,2),(-33.25,-23.25),.PIECEWISE_BEZIER_KNOTS.);
#1791 = CARTESIAN_POINT('',(3.,10.));
#1792 = CARTESIAN_POINT('',(3.,0.));
#1793 = ( GEOMETRIC_REPRESENTATION_CONTEXT(2) 
PARAMETRIC_REPRESENTATION_CONTEXT() REPRESENTATION_CONTEXT('2D SPACE',''
  ) );
#1794 = ORIENTED_EDGE('',*,*,#1795,.F.);
#1795 = EDGE_CURVE('',#1716,#1770,#1796,.T.);
#1796 = SURFACE_CURVE('',#1797,(#1801,#1807),.PCURVE_S1.);
#1797 = LINE('',#1798,#1799);
#1798 = CARTESIAN_POINT('',(40.,-16.,-11.));
#1799 = VECTOR('',#1800,1.);
#1800 = DIRECTION('',(0.,0.,1.));
#1801 = PCURVE('',#476,#1802);
#1802 = DEFINITIONAL_REPRESENTATION('',(#1803),#1806);
#1803 = B_SPLINE_CURVE_WITH_KNOTS('',1,(#1804,#1805),.UNSPECIFIED.,.F.,
  .F.,(2,2),(4.,9.),.PIECEWISE_BEZIER_KNOTS.);
#1804 = CARTESIAN_POINT('',(8.,-56.5));
#1805 = CARTESIAN_POINT('',(13.,-56.5));
#1806 = ( GEOMETRIC_REPRESENTATION_CONTEXT(2) 
PARAMETRIC_REPRESENTATION_CONTEXT() REPRESENTATION_CONTEXT('2D SPACE',''
  ) );
#1807 = PCURVE('',#1808,#1813);
#1808 = PLANE('',#1809);
#1809 = AXIS2_PLACEMENT_3D('',#1810,#1811,#1812);
#1810 = CARTESIAN_POINT('',(37.,-16.,-7.));
#1811 = DIRECTION('',(0.,1.,0.));
#1812 = DIRECTION('',(0.,0.,1.));
#1813 = DEFINITIONAL_REPRESENTATION('',(#1814),#1817);
#1814 = B_SPLINE_CURVE_WITH_KNOTS('',1,(#1815,#1816),.UNSPECIFIED.,.F.,
  .F.,(2,2),(4.,9.),.PIECEWISE_BEZIER_KNOTS.);
#1815 = CARTESIAN_POINT('',(0.,3.));
#1816 = CARTESIAN_POINT('',(5.,3.));
#1817 = ( GEOMETRIC_REPRESENTATION_CONTEXT(2) 
PARAMETRIC_REPRESENTATION_CONTEXT() REPRESENTATION_CONTEXT('2D SPACE',''
  ) );
#1818 = ADVANCED_FACE('',(#1819),#504,.T.);
#1819 = FACE_BOUND('',#1820,.T.);
#1820 = EDGE_LOOP('',(#1821,#1822,#1851,#1872));
#1821 = ORIENTED_EDGE('',*,*,#1660,.F.);
#1822 = ORIENTED_EDGE('',*,*,#1823,.T.);
#1823 = EDGE_CURVE('',#1638,#1824,#1826,.T.);
#1824 = VERTEX_POINT('',#1825);
#1825 = CARTESIAN_POINT('',(37.,72.5,-12.));
#1826 = SURFACE_CURVE('',#1827,(#1832,#1839),.PCURVE_S1.);
#1827 = CIRCLE('',#1828,3.);
#1828 = AXIS2_PLACEMENT_3D('',#1829,#1830,#1831);
#1829 = CARTESIAN_POINT('',(37.,69.5,-12.));
#1830 = DIRECTION('',(0.,0.,1.));
#1831 = DIRECTION('',(1.,0.,-0.));
#1832 = PCURVE('',#504,#1833);
#1833 = DEFINITIONAL_REPRESENTATION('',(#1834),#1838);
#1834 = LINE('',#1835,#1836);
#1835 = CARTESIAN_POINT('',(0.,3.));
#1836 = VECTOR('',#1837,1.);
#1837 = DIRECTION('',(1.,0.));
#1838 = ( GEOMETRIC_REPRESENTATION_CONTEXT(2) 
PARAMETRIC_REPRESENTATION_CONTEXT() REPRESENTATION_CONTEXT('2D SPACE',''
  ) );
#1839 = PCURVE('',#1840,#1845);
#1840 = SPHERICAL_SURFACE('',#1841,3.);
#1841 = AXIS2_PLACEMENT_3D('',#1842,#1843,#1844);
#1842 = CARTESIAN_POINT('',(37.,69.5,-12.));
#1843 = DIRECTION('',(0.,0.,1.));
#1844 = DIRECTION('',(1.,0.,-0.));
#1845 = DEFINITIONAL_REPRESENTATION('',(#1846),#1850);
#1846 = LINE('',#1847,#1848);
#1847 = CARTESIAN_POINT('',(0.,0.));
#1848 = VECTOR('',#1849,1.);
#1849 = DIRECTION('',(1.,0.));
#1850 = ( GEOMETRIC_REPRESENTATION_CONTEXT(2) 
PARAMETRIC_REPRESENTATION_CONTEXT() REPRESENTATION_CONTEXT('2D SPACE',''
  ) );
#1851 = ORIENTED_EDGE('',*,*,#1852,.T.);
#1852 = EDGE_CURVE('',#1824,#488,#1853,.T.);
#1853 = SURFACE_CURVE('',#1854,(#1858,#1865),.PCURVE_S1.);
#1854 = LINE('',#1855,#1856);
#1855 = CARTESIAN_POINT('',(37.,72.5,-15.));
#1856 = VECTOR('',#1857,1.);
#1857 = DIRECTION('',(0.,0.,1.));
#1858 = PCURVE('',#504,#1859);
#1859 = DEFINITIONAL_REPRESENTATION('',(#1860),#1864);
#1860 = LINE('',#1861,#1862);
#1861 = CARTESIAN_POINT('',(1.570796326795,0.));
#1862 = VECTOR('',#1863,1.);
#1863 = DIRECTION('',(0.,1.));
#1864 = ( GEOMETRIC_REPRESENTATION_CONTEXT(2) 
PARAMETRIC_REPRESENTATION_CONTEXT() REPRESENTATION_CONTEXT('2D SPACE',''
  ) );
#1865 = PCURVE('',#529,#1866);
#1866 = DEFINITIONAL_REPRESENTATION('',(#1867),#1871);
#1867 = LINE('',#1868,#1869);
#1868 = CARTESIAN_POINT('',(0.,77.));
#1869 = VECTOR('',#1870,1.);
#1870 = DIRECTION('',(1.,0.));
#1871 = ( GEOMETRIC_REPRESENTATION_CONTEXT(2) 
PARAMETRIC_REPRESENTATION_CONTEXT() REPRESENTATION_CONTEXT('2D SPACE',''
  ) );
#1872 = ORIENTED_EDGE('',*,*,#487,.F.);
#1873 = ADVANCED_FACE('',(#1874,#1900,#1935,#2041,#2076,#2111,#2146),
  #529,.T.);
#1874 = FACE_BOUND('',#1875,.T.);
#1875 = EDGE_LOOP('',(#1876,#1897,#1898,#1899));
#1876 = ORIENTED_EDGE('',*,*,#1877,.F.);
#1877 = EDGE_CURVE('',#943,#1824,#1878,.T.);
#1878 = SURFACE_CURVE('',#1879,(#1883,#1890),.PCURVE_S1.);
#1879 = LINE('',#1880,#1881);
#1880 = CARTESIAN_POINT('',(-40.,72.5,-12.));
#1881 = VECTOR('',#1882,1.);
#1882 = DIRECTION('',(1.,0.,0.));
#1883 = PCURVE('',#529,#1884);
#1884 = DEFINITIONAL_REPRESENTATION('',(#1885),#1889);
#1885 = LINE('',#1886,#1887);
#1886 = CARTESIAN_POINT('',(3.,0.));
#1887 = VECTOR('',#1888,1.);
#1888 = DIRECTION('',(0.,1.));
#1889 = ( GEOMETRIC_REPRESENTATION_CONTEXT(2) 
PARAMETRIC_REPRESENTATION_CONTEXT() REPRESENTATION_CONTEXT('2D SPACE',''
  ) );
#1890 = PCURVE('',#1236,#1891);
#1891 = DEFINITIONAL_REPRESENTATION('',(#1892),#1896);
#1892 = LINE('',#1893,#1894);
#1893 = CARTESIAN_POINT('',(-0.,0.));
#1894 = VECTOR('',#1895,1.);
#1895 = DIRECTION('',(-0.,1.));
#1896 = ( GEOMETRIC_REPRESENTATION_CONTEXT(2) 
PARAMETRIC_REPRESENTATION_CONTEXT() REPRESENTATION_CONTEXT('2D SPACE',''
  ) );
#1897 = ORIENTED_EDGE('',*,*,#966,.T.);
#1898 = ORIENTED_EDGE('',*,*,#516,.T.);
#1899 = ORIENTED_EDGE('',*,*,#1852,.F.);
#1900 = FACE_BOUND('',#1901,.T.);
#1901 = EDGE_LOOP('',(#1902));
#1902 = ORIENTED_EDGE('',*,*,#1903,.T.);
#1903 = EDGE_CURVE('',#1904,#1904,#1906,.T.);
#1904 = VERTEX_POINT('',#1905);
#1905 = CARTESIAN_POINT('',(-19.6,72.5,-2.));
#1906 = SURFACE_CURVE('',#1907,(#1912,#1923),.PCURVE_S1.);
#1907 = CIRCLE('',#1908,0.9);
#1908 = AXIS2_PLACEMENT_3D('',#1909,#1910,#1911);
#1909 = CARTESIAN_POINT('',(-20.5,72.5,-2.));
#1910 = DIRECTION('',(0.,-1.,2.22044604925E-16));
#1911 = DIRECTION('',(1.,0.,0.));
#1912 = PCURVE('',#529,#1913);
#1913 = DEFINITIONAL_REPRESENTATION('',(#1914),#1922);
#1914 = ( BOUNDED_CURVE() B_SPLINE_CURVE(2,(#1915,#1916,#1917,#1918,
#1919,#1920,#1921),.UNSPECIFIED.,.T.,.F.) B_SPLINE_CURVE_WITH_KNOTS((1,2
    ,2,2,2,1),(-2.094395102393,0.,2.094395102393,4.188790204786,
6.28318530718,8.377580409573),.UNSPECIFIED.) CURVE() 
GEOMETRIC_REPRESENTATION_ITEM() RATIONAL_B_SPLINE_CURVE((1.,0.5,1.,0.5,
1.,0.5,1.)) REPRESENTATION_ITEM('') );
#1915 = CARTESIAN_POINT('',(13.,20.4));
#1916 = CARTESIAN_POINT('',(14.558845726812,20.4));
#1917 = CARTESIAN_POINT('',(13.779422863406,19.05));
#1918 = CARTESIAN_POINT('',(13.,17.7));
#1919 = CARTESIAN_POINT('',(12.220577136594,19.05));
#1920 = CARTESIAN_POINT('',(11.441154273188,20.4));
#1921 = CARTESIAN_POINT('',(13.,20.4));
#1922 = ( GEOMETRIC_REPRESENTATION_CONTEXT(2) 
PARAMETRIC_REPRESENTATION_CONTEXT() REPRESENTATION_CONTEXT('2D SPACE',''
  ) );
#1923 = PCURVE('',#1924,#1929);
#1924 = CYLINDRICAL_SURFACE('',#1925,0.9);
#1925 = AXIS2_PLACEMENT_3D('',#1926,#1927,#1928);
#1926 = CARTESIAN_POINT('',(-20.5,75.5,-2.));
#1927 = DIRECTION('',(0.,-1.,2.22044604925E-16));
#1928 = DIRECTION('',(1.,0.,0.));
#1929 = DEFINITIONAL_REPRESENTATION('',(#1930),#1934);
#1930 = LINE('',#1931,#1932);
#1931 = CARTESIAN_POINT('',(0.,3.));
#1932 = VECTOR('',#1933,1.);
#1933 = DIRECTION('',(1.,0.));
#1934 = ( GEOMETRIC_REPRESENTATION_CONTEXT(2) 
PARAMETRIC_REPRESENTATION_CONTEXT() REPRESENTATION_CONTEXT('2D SPACE',''
  ) );
#1935 = FACE_BOUND('',#1936,.T.);
#1936 = EDGE_LOOP('',(#1937,#1965,#1991,#2017));
#1937 = ORIENTED_EDGE('',*,*,#1938,.F.);
#1938 = EDGE_CURVE('',#1939,#1941,#1943,.T.);
#1939 = VERTEX_POINT('',#1940);
#1940 = CARTESIAN_POINT('',(-19.5,72.5,1.));
#1941 = VERTEX_POINT('',#1942);
#1942 = CARTESIAN_POINT('',(-7.5,72.5,1.));
#1943 = SURFACE_CURVE('',#1944,(#1948,#1954),.PCURVE_S1.);
#1944 = LINE('',#1945,#1946);
#1945 = CARTESIAN_POINT('',(-29.75,72.5,1.));
#1946 = VECTOR('',#1947,1.);
#1947 = DIRECTION('',(1.,0.,0.));
#1948 = PCURVE('',#529,#1949);
#1949 = DEFINITIONAL_REPRESENTATION('',(#1950),#1953);
#1950 = B_SPLINE_CURVE_WITH_KNOTS('',1,(#1951,#1952),.UNSPECIFIED.,.F.,
  .F.,(2,2),(10.25,22.25),.PIECEWISE_BEZIER_KNOTS.);
#1951 = CARTESIAN_POINT('',(16.,20.5));
#1952 = CARTESIAN_POINT('',(16.,32.5));
#1953 = ( GEOMETRIC_REPRESENTATION_CONTEXT(2) 
PARAMETRIC_REPRESENTATION_CONTEXT() REPRESENTATION_CONTEXT('2D SPACE',''
  ) );
#1954 = PCURVE('',#1955,#1960);
#1955 = PLANE('',#1956);
#1956 = AXIS2_PLACEMENT_3D('',#1957,#1958,#1959);
#1957 = CARTESIAN_POINT('',(-19.5,76.5,1.));
#1958 = DIRECTION('',(0.,2.22044604925E-16,1.));
#1959 = DIRECTION('',(0.,-1.,2.22044604925E-16));
#1960 = DEFINITIONAL_REPRESENTATION('',(#1961),#1964);
#1961 = B_SPLINE_CURVE_WITH_KNOTS('',1,(#1962,#1963),.UNSPECIFIED.,.F.,
  .F.,(2,2),(10.25,22.25),.PIECEWISE_BEZIER_KNOTS.);
#1962 = CARTESIAN_POINT('',(4.,0.));
#1963 = CARTESIAN_POINT('',(4.,12.));
#1964 = ( GEOMETRIC_REPRESENTATION_CONTEXT(2) 
PARAMETRIC_REPRESENTATION_CONTEXT() REPRESENTATION_CONTEXT('2D SPACE',''
  ) );
#1965 = ORIENTED_EDGE('',*,*,#1966,.T.);
#1966 = EDGE_CURVE('',#1939,#1967,#1969,.T.);
#1967 = VERTEX_POINT('',#1968);
#1968 = CARTESIAN_POINT('',(-19.5,72.5,-5.));
#1969 = SURFACE_CURVE('',#1970,(#1974,#1980),.PCURVE_S1.);
#1970 = LINE('',#1971,#1972);
#1971 = CARTESIAN_POINT('',(-19.5,72.5,-10.));
#1972 = VECTOR('',#1973,1.);
#1973 = DIRECTION('',(0.,0.,-1.));
#1974 = PCURVE('',#529,#1975);
#1975 = DEFINITIONAL_REPRESENTATION('',(#1976),#1979);
#1976 = B_SPLINE_CURVE_WITH_KNOTS('',1,(#1977,#1978),.UNSPECIFIED.,.F.,
  .F.,(2,2),(-11.,-5.),.PIECEWISE_BEZIER_KNOTS.);
#1977 = CARTESIAN_POINT('',(16.,20.5));
#1978 = CARTESIAN_POINT('',(10.,20.5));
#1979 = ( GEOMETRIC_REPRESENTATION_CONTEXT(2) 
PARAMETRIC_REPRESENTATION_CONTEXT() REPRESENTATION_CONTEXT('2D SPACE',''
  ) );
#1980 = PCURVE('',#1981,#1986);
#1981 = PLANE('',#1982);
#1982 = AXIS2_PLACEMENT_3D('',#1983,#1984,#1985);
#1983 = CARTESIAN_POINT('',(-19.5,76.5,-5.));
#1984 = DIRECTION('',(1.,0.,0.));
#1985 = DIRECTION('',(0.,-1.,2.22044604925E-16));
#1986 = DEFINITIONAL_REPRESENTATION('',(#1987),#1990);
#1987 = B_SPLINE_CURVE_WITH_KNOTS('',1,(#1988,#1989),.UNSPECIFIED.,.F.,
  .F.,(2,2),(-11.,-5.),.PIECEWISE_BEZIER_KNOTS.);
#1988 = CARTESIAN_POINT('',(4.,-6.));
#1989 = CARTESIAN_POINT('',(4.,0.));
#1990 = ( GEOMETRIC_REPRESENTATION_CONTEXT(2) 
PARAMETRIC_REPRESENTATION_CONTEXT() REPRESENTATION_CONTEXT('2D SPACE',''
  ) );
#1991 = ORIENTED_EDGE('',*,*,#1992,.T.);
#1992 = EDGE_CURVE('',#1967,#1993,#1995,.T.);
#1993 = VERTEX_POINT('',#1994);
#1994 = CARTESIAN_POINT('',(-7.5,72.5,-5.));
#1995 = SURFACE_CURVE('',#1996,(#2000,#2006),.PCURVE_S1.);
#1996 = LINE('',#1997,#1998);
#1997 = CARTESIAN_POINT('',(-29.75,72.5,-5.));
#1998 = VECTOR('',#1999,1.);
#1999 = DIRECTION('',(1.,0.,0.));
#2000 = PCURVE('',#529,#2001);
#2001 = DEFINITIONAL_REPRESENTATION('',(#2002),#2005);
#2002 = B_SPLINE_CURVE_WITH_KNOTS('',1,(#2003,#2004),.UNSPECIFIED.,.F.,
  .F.,(2,2),(10.25,22.25),.PIECEWISE_BEZIER_KNOTS.);
#2003 = CARTESIAN_POINT('',(10.,20.5));
#2004 = CARTESIAN_POINT('',(10.,32.5));
#2005 = ( GEOMETRIC_REPRESENTATION_CONTEXT(2) 
PARAMETRIC_REPRESENTATION_CONTEXT() REPRESENTATION_CONTEXT('2D SPACE',''
  ) );
#2006 = PCURVE('',#2007,#2012);
#2007 = PLANE('',#2008);
#2008 = AXIS2_PLACEMENT_3D('',#2009,#2010,#2011);
#2009 = CARTESIAN_POINT('',(-19.5,76.5,-5.));
#2010 = DIRECTION('',(0.,2.22044604925E-16,1.));
#2011 = DIRECTION('',(0.,-1.,2.22044604925E-16));
#2012 = DEFINITIONAL_REPRESENTATION('',(#2013),#2016);
#2013 = B_SPLINE_CURVE_WITH_KNOTS('',1,(#2014,#2015),.UNSPECIFIED.,.F.,
  .F.,(2,2),(10.25,22.25),.PIECEWISE_BEZIER_KNOTS.);
#2014 = CARTESIAN_POINT('',(4.,0.));
#2015 = CARTESIAN_POINT('',(4.,12.));
#2016 = ( GEOMETRIC_REPRESENTATION_CONTEXT(2) 
PARAMETRIC_REPRESENTATION_CONTEXT() REPRESENTATION_CONTEXT('2D SPACE',''
  ) );
#2017 = ORIENTED_EDGE('',*,*,#2018,.F.);
#2018 = EDGE_CURVE('',#1941,#1993,#2019,.T.);
#2019 = SURFACE_CURVE('',#2020,(#2024,#2030),.PCURVE_S1.);
#2020 = LINE('',#2021,#2022);
#2021 = CARTESIAN_POINT('',(-7.5,72.5,-10.));
#2022 = VECTOR('',#2023,1.);
#2023 = DIRECTION('',(0.,0.,-1.));
#2024 = PCURVE('',#529,#2025);
#2025 = DEFINITIONAL_REPRESENTATION('',(#2026),#2029);
#2026 = B_SPLINE_CURVE_WITH_KNOTS('',1,(#2027,#2028),.UNSPECIFIED.,.F.,
  .F.,(2,2),(-11.,-5.),.PIECEWISE_BEZIER_KNOTS.);
#2027 = CARTESIAN_POINT('',(16.,32.5));
#2028 = CARTESIAN_POINT('',(10.,32.5));
#2029 = ( GEOMETRIC_REPRESENTATION_CONTEXT(2) 
PARAMETRIC_REPRESENTATION_CONTEXT() REPRESENTATION_CONTEXT('2D SPACE',''
  ) );
#2030 = PCURVE('',#2031,#2036);
#2031 = PLANE('',#2032);
#2032 = AXIS2_PLACEMENT_3D('',#2033,#2034,#2035);
#2033 = CARTESIAN_POINT('',(-7.5,76.5,-5.));
#2034 = DIRECTION('',(1.,0.,0.));
#2035 = DIRECTION('',(0.,-1.,2.22044604925E-16));
#2036 = DEFINITIONAL_REPRESENTATION('',(#2037),#2040);
#2037 = B_SPLINE_CURVE_WITH_KNOTS('',1,(#2038,#2039),.UNSPECIFIED.,.F.,
  .F.,(2,2),(-11.,-5.),.PIECEWISE_BEZIER_KNOTS.);
#2038 = CARTESIAN_POINT('',(4.,-6.));
#2039 = CARTESIAN_POINT('',(4.,0.));
#2040 = ( GEOMETRIC_REPRESENTATION_CONTEXT(2) 
PARAMETRIC_REPRESENTATION_CONTEXT() REPRESENTATION_CONTEXT('2D SPACE',''
  ) );
#2041 = FACE_BOUND('',#2042,.T.);
#2042 = EDGE_LOOP('',(#2043));
#2043 = ORIENTED_EDGE('',*,*,#2044,.T.);
#2044 = EDGE_CURVE('',#2045,#2045,#2047,.T.);
#2045 = VERTEX_POINT('',#2046);
#2046 = CARTESIAN_POINT('',(-5.6,72.5,-2.));
#2047 = SURFACE_CURVE('',#2048,(#2053,#2064),.PCURVE_S1.);
#2048 = CIRCLE('',#2049,0.9);
#2049 = AXIS2_PLACEMENT_3D('',#2050,#2051,#2052);
#2050 = CARTESIAN_POINT('',(-6.5,72.5,-2.));
#2051 = DIRECTION('',(0.,-1.,2.22044604925E-16));
#2052 = DIRECTION('',(1.,0.,0.));
#2053 = PCURVE('',#529,#2054);
#2054 = DEFINITIONAL_REPRESENTATION('',(#2055),#2063);
#2055 = ( BOUNDED_CURVE() B_SPLINE_CURVE(2,(#2056,#2057,#2058,#2059,
#2060,#2061,#2062),.UNSPECIFIED.,.T.,.F.) B_SPLINE_CURVE_WITH_KNOTS((1,2
    ,2,2,2,1),(-2.094395102393,0.,2.094395102393,4.188790204786,
6.28318530718,8.377580409573),.UNSPECIFIED.) CURVE() 
GEOMETRIC_REPRESENTATION_ITEM() RATIONAL_B_SPLINE_CURVE((1.,0.5,1.,0.5,
1.,0.5,1.)) REPRESENTATION_ITEM('') );
#2056 = CARTESIAN_POINT('',(13.,34.4));
#2057 = CARTESIAN_POINT('',(14.558845726812,34.4));
#2058 = CARTESIAN_POINT('',(13.779422863406,33.05));
#2059 = CARTESIAN_POINT('',(13.,31.7));
#2060 = CARTESIAN_POINT('',(12.220577136594,33.05));
#2061 = CARTESIAN_POINT('',(11.441154273188,34.4));
#2062 = CARTESIAN_POINT('',(13.,34.4));
#2063 = ( GEOMETRIC_REPRESENTATION_CONTEXT(2) 
PARAMETRIC_REPRESENTATION_CONTEXT() REPRESENTATION_CONTEXT('2D SPACE',''
  ) );
#2064 = PCURVE('',#2065,#2070);
#2065 = CYLINDRICAL_SURFACE('',#2066,0.9);
#2066 = AXIS2_PLACEMENT_3D('',#2067,#2068,#2069);
#2067 = CARTESIAN_POINT('',(-6.5,75.5,-2.));
#2068 = DIRECTION('',(0.,-1.,2.22044604925E-16));
#2069 = DIRECTION('',(1.,0.,0.));
#2070 = DEFINITIONAL_REPRESENTATION('',(#2071),#2075);
#2071 = LINE('',#2072,#2073);
#2072 = CARTESIAN_POINT('',(0.,3.));
#2073 = VECTOR('',#2074,1.);
#2074 = DIRECTION('',(1.,0.));
#2075 = ( GEOMETRIC_REPRESENTATION_CONTEXT(2) 
PARAMETRIC_REPRESENTATION_CONTEXT() REPRESENTATION_CONTEXT('2D SPACE',''
  ) );
#2076 = FACE_BOUND('',#2077,.T.);
#2077 = EDGE_LOOP('',(#2078));
#2078 = ORIENTED_EDGE('',*,*,#2079,.T.);
#2079 = EDGE_CURVE('',#2080,#2080,#2082,.T.);
#2080 = VERTEX_POINT('',#2081);
#2081 = CARTESIAN_POINT('',(-26.5,72.5,5.));
#2082 = SURFACE_CURVE('',#2083,(#2088,#2099),.PCURVE_S1.);
#2083 = CIRCLE('',#2084,3.5);
#2084 = AXIS2_PLACEMENT_3D('',#2085,#2086,#2087);
#2085 = CARTESIAN_POINT('',(-30.,72.5,5.));
#2086 = DIRECTION('',(0.,-1.,2.22044604925E-16));
#2087 = DIRECTION('',(1.,0.,0.));
#2088 = PCURVE('',#529,#2089);
#2089 = DEFINITIONAL_REPRESENTATION('',(#2090),#2098);
#2090 = ( BOUNDED_CURVE() B_SPLINE_CURVE(2,(#2091,#2092,#2093,#2094,
#2095,#2096,#2097),.UNSPECIFIED.,.T.,.F.) B_SPLINE_CURVE_WITH_KNOTS((1,2
    ,2,2,2,1),(-2.094395102393,0.,2.094395102393,4.188790204786,
6.28318530718,8.377580409573),.UNSPECIFIED.) CURVE() 
GEOMETRIC_REPRESENTATION_ITEM() RATIONAL_B_SPLINE_CURVE((1.,0.5,1.,0.5,
1.,0.5,1.)) REPRESENTATION_ITEM('') );
#2091 = CARTESIAN_POINT('',(20.,13.5));
#2092 = CARTESIAN_POINT('',(26.062177826491,13.5));
#2093 = CARTESIAN_POINT('',(23.031088913246,8.25));
#2094 = CARTESIAN_POINT('',(20.,3.));
#2095 = CARTESIAN_POINT('',(16.968911086754,8.25));
#2096 = CARTESIAN_POINT('',(13.937822173509,13.5));
#2097 = CARTESIAN_POINT('',(20.,13.5));
#2098 = ( GEOMETRIC_REPRESENTATION_CONTEXT(2) 
PARAMETRIC_REPRESENTATION_CONTEXT() REPRESENTATION_CONTEXT('2D SPACE',''
  ) );
#2099 = PCURVE('',#2100,#2105);
#2100 = CYLINDRICAL_SURFACE('',#2101,3.5);
#2101 = AXIS2_PLACEMENT_3D('',#2102,#2103,#2104);
#2102 = CARTESIAN_POINT('',(-30.,75.5,5.));
#2103 = DIRECTION('',(0.,-1.,2.22044604925E-16));
#2104 = DIRECTION('',(1.,0.,0.));
#2105 = DEFINITIONAL_REPRESENTATION('',(#2106),#2110);
#2106 = LINE('',#2107,#2108);
#2107 = CARTESIAN_POINT('',(0.,3.));
#2108 = VECTOR('',#2109,1.);
#2109 = DIRECTION('',(1.,0.));
#2110 = ( GEOMETRIC_REPRESENTATION_CONTEXT(2) 
PARAMETRIC_REPRESENTATION_CONTEXT() REPRESENTATION_CONTEXT('2D SPACE',''
  ) );
#2111 = FACE_BOUND('',#2112,.T.);
#2112 = EDGE_LOOP('',(#2113));
#2113 = ORIENTED_EDGE('',*,*,#2114,.T.);
#2114 = EDGE_CURVE('',#2115,#2115,#2117,.T.);
#2115 = VERTEX_POINT('',#2116);
#2116 = CARTESIAN_POINT('',(10.6,72.5,-2.));
#2117 = SURFACE_CURVE('',#2118,(#2123,#2134),.PCURVE_S1.);
#2118 = CIRCLE('',#2119,3.6);
#2119 = AXIS2_PLACEMENT_3D('',#2120,#2121,#2122);
#2120 = CARTESIAN_POINT('',(7.,72.5,-2.));
#2121 = DIRECTION('',(0.,-1.,2.22044604925E-16));
#2122 = DIRECTION('',(1.,0.,0.));
#2123 = PCURVE('',#529,#2124);
#2124 = DEFINITIONAL_REPRESENTATION('',(#2125),#2133);
#2125 = ( BOUNDED_CURVE() B_SPLINE_CURVE(2,(#2126,#2127,#2128,#2129,
#2130,#2131,#2132),.UNSPECIFIED.,.T.,.F.) B_SPLINE_CURVE_WITH_KNOTS((1,2
    ,2,2,2,1),(-2.094395102393,0.,2.094395102393,4.188790204786,
6.28318530718,8.377580409573),.UNSPECIFIED.) CURVE() 
GEOMETRIC_REPRESENTATION_ITEM() RATIONAL_B_SPLINE_CURVE((1.,0.5,1.,0.5,
1.,0.5,1.)) REPRESENTATION_ITEM('') );
#2126 = CARTESIAN_POINT('',(13.,50.6));
#2127 = CARTESIAN_POINT('',(19.235382907248,50.6));
#2128 = CARTESIAN_POINT('',(16.117691453624,45.2));
#2129 = CARTESIAN_POINT('',(13.,39.8));
#2130 = CARTESIAN_POINT('',(9.882308546376,45.2));
#2131 = CARTESIAN_POINT('',(6.764617092752,50.6));
#2132 = CARTESIAN_POINT('',(13.,50.6));
#2133 = ( GEOMETRIC_REPRESENTATION_CONTEXT(2) 
PARAMETRIC_REPRESENTATION_CONTEXT() REPRESENTATION_CONTEXT('2D SPACE',''
  ) );
#2134 = PCURVE('',#2135,#2140);
#2135 = CYLINDRICAL_SURFACE('',#2136,3.6);
#2136 = AXIS2_PLACEMENT_3D('',#2137,#2138,#2139);
#2137 = CARTESIAN_POINT('',(7.,75.5,-2.));
#2138 = DIRECTION('',(0.,-1.,2.22044604925E-16));
#2139 = DIRECTION('',(1.,0.,0.));
#2140 = DEFINITIONAL_REPRESENTATION('',(#2141),#2145);
#2141 = LINE('',#2142,#2143);
#2142 = CARTESIAN_POINT('',(0.,3.));
#2143 = VECTOR('',#2144,1.);
#2144 = DIRECTION('',(1.,0.));
#2145 = ( GEOMETRIC_REPRESENTATION_CONTEXT(2) 
PARAMETRIC_REPRESENTATION_CONTEXT() REPRESENTATION_CONTEXT('2D SPACE',''
  ) );
#2146 = FACE_BOUND('',#2147,.T.);
#2147 = EDGE_LOOP('',(#2148));
#2148 = ORIENTED_EDGE('',*,*,#2149,.T.);
#2149 = EDGE_CURVE('',#2150,#2150,#2152,.T.);
#2150 = VERTEX_POINT('',#2151);
#2151 = CARTESIAN_POINT('',(28.6,72.5,-2.));
#2152 = SURFACE_CURVE('',#2153,(#2158,#2169),.PCURVE_S1.);
#2153 = CIRCLE('',#2154,3.6);
#2154 = AXIS2_PLACEMENT_3D('',#2155,#2156,#2157);
#2155 = CARTESIAN_POINT('',(25.,72.5,-2.));
#2156 = DIRECTION('',(0.,-1.,2.22044604925E-16));
#2157 = DIRECTION('',(1.,0.,0.));
#2158 = PCURVE('',#529,#2159);
#2159 = DEFINITIONAL_REPRESENTATION('',(#2160),#2168);
#2160 = ( BOUNDED_CURVE() B_SPLINE_CURVE(2,(#2161,#2162,#2163,#2164,
#2165,#2166,#2167),.UNSPECIFIED.,.T.,.F.) B_SPLINE_CURVE_WITH_KNOTS((1,2
    ,2,2,2,1),(-2.094395102393,0.,2.094395102393,4.188790204786,
6.28318530718,8.377580409573),.UNSPECIFIED.) CURVE() 
GEOMETRIC_REPRESENTATION_ITEM() RATIONAL_B_SPLINE_CURVE((1.,0.5,1.,0.5,
1.,0.5,1.)) REPRESENTATION_ITEM('') );
#2161 = CARTESIAN_POINT('',(13.,68.6));
#2162 = CARTESIAN_POINT('',(19.235382907248,68.6));
#2163 = CARTESIAN_POINT('',(16.117691453624,63.2));
#2164 = CARTESIAN_POINT('',(13.,57.8));
#2165 = CARTESIAN_POINT('',(9.882308546376,63.2));
#2166 = CARTESIAN_POINT('',(6.764617092752,68.6));
#2167 = CARTESIAN_POINT('',(13.,68.6));
#2168 = ( GEOMETRIC_REPRESENTATION_CONTEXT(2) 
PARAMETRIC_REPRESENTATION_CONTEXT() REPRESENTATION_CONTEXT('2D SPACE',''
  ) );
#2169 = PCURVE('',#2170,#2175);
#2170 = CYLINDRICAL_SURFACE('',#2171,3.6);
#2171 = AXIS2_PLACEMENT_3D('',#2172,#2173,#2174);
#2172 = CARTESIAN_POINT('',(25.,75.5,-2.));
#2173 = DIRECTION('',(0.,-1.,2.22044604925E-16));
#2174 = DIRECTION('',(1.,0.,0.));
#2175 = DEFINITIONAL_REPRESENTATION('',(#2176),#2180);
#2176 = LINE('',#2177,#2178);
#2177 = CARTESIAN_POINT('',(0.,3.));
#2178 = VECTOR('',#2179,1.);
#2179 = DIRECTION('',(1.,0.));
#2180 = ( GEOMETRIC_REPRESENTATION_CONTEXT(2) 
PARAMETRIC_REPRESENTATION_CONTEXT() REPRESENTATION_CONTEXT('2D SPACE',''
  ) );
#2181 = ADVANCED_FACE('',(#2182),#561,.F.);
#2182 = FACE_BOUND('',#2183,.T.);
#2183 = EDGE_LOOP('',(#2184,#2207,#2236,#2257));
#2184 = ORIENTED_EDGE('',*,*,#2185,.F.);
#2185 = EDGE_CURVE('',#2186,#545,#2188,.T.);
#2186 = VERTEX_POINT('',#2187);
#2187 = CARTESIAN_POINT('',(-38.,69.5,-12.));
#2188 = SURFACE_CURVE('',#2189,(#2193,#2200),.PCURVE_S1.);
#2189 = LINE('',#2190,#2191);
#2190 = CARTESIAN_POINT('',(-38.,69.5,-15.));
#2191 = VECTOR('',#2192,1.);
#2192 = DIRECTION('',(0.,0.,1.));
#2193 = PCURVE('',#561,#2194);
#2194 = DEFINITIONAL_REPRESENTATION('',(#2195),#2199);
#2195 = LINE('',#2196,#2197);
#2196 = CARTESIAN_POINT('',(-0.,0.));
#2197 = VECTOR('',#2198,1.);
#2198 = DIRECTION('',(-0.,1.));
#2199 = ( GEOMETRIC_REPRESENTATION_CONTEXT(2) 
PARAMETRIC_REPRESENTATION_CONTEXT() REPRESENTATION_CONTEXT('2D SPACE',''
  ) );
#2200 = PCURVE('',#926,#2201);
#2201 = DEFINITIONAL_REPRESENTATION('',(#2202),#2206);
#2202 = LINE('',#2203,#2204);
#2203 = CARTESIAN_POINT('',(0.,-142.));
#2204 = VECTOR('',#2205,1.);
#2205 = DIRECTION('',(1.,0.));
#2206 = ( GEOMETRIC_REPRESENTATION_CONTEXT(2) 
PARAMETRIC_REPRESENTATION_CONTEXT() REPRESENTATION_CONTEXT('2D SPACE',''
  ) );
#2207 = ORIENTED_EDGE('',*,*,#2208,.T.);
#2208 = EDGE_CURVE('',#2186,#2209,#2211,.T.);
#2209 = VERTEX_POINT('',#2210);
#2210 = CARTESIAN_POINT('',(-37.,70.5,-12.));
#2211 = SURFACE_CURVE('',#2212,(#2217,#2224),.PCURVE_S1.);
#2212 = CIRCLE('',#2213,1.);
#2213 = AXIS2_PLACEMENT_3D('',#2214,#2215,#2216);
#2214 = CARTESIAN_POINT('',(-37.,69.5,-12.));
#2215 = DIRECTION('',(0.,0.,-1.));
#2216 = DIRECTION('',(-1.,0.,0.));
#2217 = PCURVE('',#561,#2218);
#2218 = DEFINITIONAL_REPRESENTATION('',(#2219),#2223);
#2219 = LINE('',#2220,#2221);
#2220 = CARTESIAN_POINT('',(-0.,3.));
#2221 = VECTOR('',#2222,1.);
#2222 = DIRECTION('',(-1.,0.));
#2223 = ( GEOMETRIC_REPRESENTATION_CONTEXT(2) 
PARAMETRIC_REPRESENTATION_CONTEXT() REPRESENTATION_CONTEXT('2D SPACE',''
  ) );
#2224 = PCURVE('',#2225,#2230);
#2225 = SPHERICAL_SURFACE('',#2226,1.);
#2226 = AXIS2_PLACEMENT_3D('',#2227,#2228,#2229);
#2227 = CARTESIAN_POINT('',(-37.,69.5,-12.));
#2228 = DIRECTION('',(0.,0.,1.));
#2229 = DIRECTION('',(-1.,0.,0.));
#2230 = DEFINITIONAL_REPRESENTATION('',(#2231),#2235);
#2231 = LINE('',#2232,#2233);
#2232 = CARTESIAN_POINT('',(-0.,0.));
#2233 = VECTOR('',#2234,1.);
#2234 = DIRECTION('',(-1.,0.));
#2235 = ( GEOMETRIC_REPRESENTATION_CONTEXT(2) 
PARAMETRIC_REPRESENTATION_CONTEXT() REPRESENTATION_CONTEXT('2D SPACE',''
  ) );
#2236 = ORIENTED_EDGE('',*,*,#2237,.T.);
#2237 = EDGE_CURVE('',#2209,#543,#2238,.T.);
#2238 = SURFACE_CURVE('',#2239,(#2243,#2250),.PCURVE_S1.);
#2239 = LINE('',#2240,#2241);
#2240 = CARTESIAN_POINT('',(-37.,70.5,-15.));
#2241 = VECTOR('',#2242,1.);
#2242 = DIRECTION('',(0.,0.,1.));
#2243 = PCURVE('',#561,#2244);
#2244 = DEFINITIONAL_REPRESENTATION('',(#2245),#2249);
#2245 = LINE('',#2246,#2247);
#2246 = CARTESIAN_POINT('',(-1.570796326795,0.));
#2247 = VECTOR('',#2248,1.);
#2248 = DIRECTION('',(-0.,1.));
#2249 = ( GEOMETRIC_REPRESENTATION_CONTEXT(2) 
PARAMETRIC_REPRESENTATION_CONTEXT() REPRESENTATION_CONTEXT('2D SPACE',''
  ) );
#2250 = PCURVE('',#589,#2251);
#2251 = DEFINITIONAL_REPRESENTATION('',(#2252),#2256);
#2252 = LINE('',#2253,#2254);
#2253 = CARTESIAN_POINT('',(0.,3.));
#2254 = VECTOR('',#2255,1.);
#2255 = DIRECTION('',(1.,0.));
#2256 = ( GEOMETRIC_REPRESENTATION_CONTEXT(2) 
PARAMETRIC_REPRESENTATION_CONTEXT() REPRESENTATION_CONTEXT('2D SPACE',''
  ) );
#2257 = ORIENTED_EDGE('',*,*,#542,.T.);
#2258 = ADVANCED_FACE('',(#2259,#2310,#2340,#2426,#2456,#2486,#2516),
  #589,.F.);
#2259 = FACE_BOUND('',#2260,.F.);
#2260 = EDGE_LOOP('',(#2261,#2289,#2290,#2291));
#2261 = ORIENTED_EDGE('',*,*,#2262,.F.);
#2262 = EDGE_CURVE('',#2209,#2263,#2265,.T.);
#2263 = VERTEX_POINT('',#2264);
#2264 = CARTESIAN_POINT('',(35.5,70.5,-12.));
#2265 = SURFACE_CURVE('',#2266,(#2270,#2277),.PCURVE_S1.);
#2266 = LINE('',#2267,#2268);
#2267 = CARTESIAN_POINT('',(-40.,70.5,-12.));
#2268 = VECTOR('',#2269,1.);
#2269 = DIRECTION('',(1.,0.,0.));
#2270 = PCURVE('',#589,#2271);
#2271 = DEFINITIONAL_REPRESENTATION('',(#2272),#2276);
#2272 = LINE('',#2273,#2274);
#2273 = CARTESIAN_POINT('',(3.,0.));
#2274 = VECTOR('',#2275,1.);
#2275 = DIRECTION('',(0.,1.));
#2276 = ( GEOMETRIC_REPRESENTATION_CONTEXT(2) 
PARAMETRIC_REPRESENTATION_CONTEXT() REPRESENTATION_CONTEXT('2D SPACE',''
  ) );
#2277 = PCURVE('',#2278,#2283);
#2278 = CYLINDRICAL_SURFACE('',#2279,1.);
#2279 = AXIS2_PLACEMENT_3D('',#2280,#2281,#2282);
#2280 = CARTESIAN_POINT('',(-40.,69.5,-12.));
#2281 = DIRECTION('',(1.,0.,0.));
#2282 = DIRECTION('',(-0.,1.,0.));
#2283 = DEFINITIONAL_REPRESENTATION('',(#2284),#2288);
#2284 = LINE('',#2285,#2286);
#2285 = CARTESIAN_POINT('',(-0.,0.));
#2286 = VECTOR('',#2287,1.);
#2287 = DIRECTION('',(-0.,1.));
#2288 = ( GEOMETRIC_REPRESENTATION_CONTEXT(2) 
PARAMETRIC_REPRESENTATION_CONTEXT() REPRESENTATION_CONTEXT('2D SPACE',''
  ) );
#2289 = ORIENTED_EDGE('',*,*,#2237,.T.);
#2290 = ORIENTED_EDGE('',*,*,#573,.T.);
#2291 = ORIENTED_EDGE('',*,*,#2292,.F.);
#2292 = EDGE_CURVE('',#2263,#574,#2293,.T.);
#2293 = SURFACE_CURVE('',#2294,(#2298,#2304),.PCURVE_S1.);
#2294 = LINE('',#2295,#2296);
#2295 = CARTESIAN_POINT('',(35.5,70.5,-13.5));
#2296 = VECTOR('',#2297,1.);
#2297 = DIRECTION('',(0.,0.,1.));
#2298 = PCURVE('',#589,#2299);
#2299 = DEFINITIONAL_REPRESENTATION('',(#2300),#2303);
#2300 = B_SPLINE_CURVE_WITH_KNOTS('',1,(#2301,#2302),.UNSPECIFIED.,.F.,
  .F.,(2,2),(-5.999999999062E-07,24.5000006),.PIECEWISE_BEZIER_KNOTS.);
#2301 = CARTESIAN_POINT('',(1.4999994,75.5));
#2302 = CARTESIAN_POINT('',(26.0000006,75.5));
#2303 = ( GEOMETRIC_REPRESENTATION_CONTEXT(2) 
PARAMETRIC_REPRESENTATION_CONTEXT() REPRESENTATION_CONTEXT('2D SPACE',''
  ) );
#2304 = PCURVE('',#617,#2305);
#2305 = DEFINITIONAL_REPRESENTATION('',(#2306),#2309);
#2306 = B_SPLINE_CURVE_WITH_KNOTS('',1,(#2307,#2308),.UNSPECIFIED.,.F.,
  .F.,(2,2),(-5.999999999062E-07,24.5000006),.PIECEWISE_BEZIER_KNOTS.);
#2307 = CARTESIAN_POINT('',(1.4999994,75.5));
#2308 = CARTESIAN_POINT('',(26.0000006,75.5));
#2309 = ( GEOMETRIC_REPRESENTATION_CONTEXT(2) 
PARAMETRIC_REPRESENTATION_CONTEXT() REPRESENTATION_CONTEXT('2D SPACE',''
  ) );
#2310 = FACE_BOUND('',#2311,.F.);
#2311 = EDGE_LOOP('',(#2312));
#2312 = ORIENTED_EDGE('',*,*,#2313,.T.);
#2313 = EDGE_CURVE('',#2314,#2314,#2316,.T.);
#2314 = VERTEX_POINT('',#2315);
#2315 = CARTESIAN_POINT('',(-19.6,70.5,-2.));
#2316 = SURFACE_CURVE('',#2317,(#2322,#2333),.PCURVE_S1.);
#2317 = CIRCLE('',#2318,0.9);
#2318 = AXIS2_PLACEMENT_3D('',#2319,#2320,#2321);
#2319 = CARTESIAN_POINT('',(-20.5,70.5,-2.));
#2320 = DIRECTION('',(0.,-1.,2.22044604925E-16));
#2321 = DIRECTION('',(1.,0.,0.));
#2322 = PCURVE('',#589,#2323);
#2323 = DEFINITIONAL_REPRESENTATION('',(#2324),#2332);
#2324 = ( BOUNDED_CURVE() B_SPLINE_CURVE(2,(#2325,#2326,#2327,#2328,
#2329,#2330,#2331),.UNSPECIFIED.,.T.,.F.) B_SPLINE_CURVE_WITH_KNOTS((1,2
    ,2,2,2,1),(-2.094395102393,0.,2.094395102393,4.188790204786,
6.28318530718,8.377580409573),.UNSPECIFIED.) CURVE() 
GEOMETRIC_REPRESENTATION_ITEM() RATIONAL_B_SPLINE_CURVE((1.,0.5,1.,0.5,
1.,0.5,1.)) REPRESENTATION_ITEM('') );
#2325 = CARTESIAN_POINT('',(13.,20.4));
#2326 = CARTESIAN_POINT('',(14.558845726812,20.4));
#2327 = CARTESIAN_POINT('',(13.779422863406,19.05));
#2328 = CARTESIAN_POINT('',(13.,17.7));
#2329 = CARTESIAN_POINT('',(12.220577136594,19.05));
#2330 = CARTESIAN_POINT('',(11.441154273188,20.4));
#2331 = CARTESIAN_POINT('',(13.,20.4));
#2332 = ( GEOMETRIC_REPRESENTATION_CONTEXT(2) 
PARAMETRIC_REPRESENTATION_CONTEXT() REPRESENTATION_CONTEXT('2D SPACE',''
  ) );
#2333 = PCURVE('',#1924,#2334);
#2334 = DEFINITIONAL_REPRESENTATION('',(#2335),#2339);
#2335 = LINE('',#2336,#2337);
#2336 = CARTESIAN_POINT('',(0.,5.));
#2337 = VECTOR('',#2338,1.);
#2338 = DIRECTION('',(1.,0.));
#2339 = ( GEOMETRIC_REPRESENTATION_CONTEXT(2) 
PARAMETRIC_REPRESENTATION_CONTEXT() REPRESENTATION_CONTEXT('2D SPACE',''
  ) );
#2340 = FACE_BOUND('',#2341,.F.);
#2341 = EDGE_LOOP('',(#2342,#2365,#2386,#2407));
#2342 = ORIENTED_EDGE('',*,*,#2343,.F.);
#2343 = EDGE_CURVE('',#2344,#2346,#2348,.T.);
#2344 = VERTEX_POINT('',#2345);
#2345 = CARTESIAN_POINT('',(-19.5,70.5,1.));
#2346 = VERTEX_POINT('',#2347);
#2347 = CARTESIAN_POINT('',(-7.5,70.5,1.));
#2348 = SURFACE_CURVE('',#2349,(#2353,#2359),.PCURVE_S1.);
#2349 = LINE('',#2350,#2351);
#2350 = CARTESIAN_POINT('',(-29.75,70.5,1.));
#2351 = VECTOR('',#2352,1.);
#2352 = DIRECTION('',(1.,0.,0.));
#2353 = PCURVE('',#589,#2354);
#2354 = DEFINITIONAL_REPRESENTATION('',(#2355),#2358);
#2355 = B_SPLINE_CURVE_WITH_KNOTS('',1,(#2356,#2357),.UNSPECIFIED.,.F.,
  .F.,(2,2),(10.25,22.25),.PIECEWISE_BEZIER_KNOTS.);
#2356 = CARTESIAN_POINT('',(16.,20.5));
#2357 = CARTESIAN_POINT('',(16.,32.5));
#2358 = ( GEOMETRIC_REPRESENTATION_CONTEXT(2) 
PARAMETRIC_REPRESENTATION_CONTEXT() REPRESENTATION_CONTEXT('2D SPACE',''
  ) );
#2359 = PCURVE('',#1955,#2360);
#2360 = DEFINITIONAL_REPRESENTATION('',(#2361),#2364);
#2361 = B_SPLINE_CURVE_WITH_KNOTS('',1,(#2362,#2363),.UNSPECIFIED.,.F.,
  .F.,(2,2),(10.25,22.25),.PIECEWISE_BEZIER_KNOTS.);
#2362 = CARTESIAN_POINT('',(6.,0.));
#2363 = CARTESIAN_POINT('',(6.,12.));
#2364 = ( GEOMETRIC_REPRESENTATION_CONTEXT(2) 
PARAMETRIC_REPRESENTATION_CONTEXT() REPRESENTATION_CONTEXT('2D SPACE',''
  ) );
#2365 = ORIENTED_EDGE('',*,*,#2366,.T.);
#2366 = EDGE_CURVE('',#2344,#2367,#2369,.T.);
#2367 = VERTEX_POINT('',#2368);
#2368 = CARTESIAN_POINT('',(-19.5,70.5,-5.));
#2369 = SURFACE_CURVE('',#2370,(#2374,#2380),.PCURVE_S1.);
#2370 = LINE('',#2371,#2372);
#2371 = CARTESIAN_POINT('',(-19.5,70.5,-10.));
#2372 = VECTOR('',#2373,1.);
#2373 = DIRECTION('',(0.,0.,-1.));
#2374 = PCURVE('',#589,#2375);
#2375 = DEFINITIONAL_REPRESENTATION('',(#2376),#2379);
#2376 = B_SPLINE_CURVE_WITH_KNOTS('',1,(#2377,#2378),.UNSPECIFIED.,.F.,
  .F.,(2,2),(-11.,-5.),.PIECEWISE_BEZIER_KNOTS.);
#2377 = CARTESIAN_POINT('',(16.,20.5));
#2378 = CARTESIAN_POINT('',(10.,20.5));
#2379 = ( GEOMETRIC_REPRESENTATION_CONTEXT(2) 
PARAMETRIC_REPRESENTATION_CONTEXT() REPRESENTATION_CONTEXT('2D SPACE',''
  ) );
#2380 = PCURVE('',#1981,#2381);
#2381 = DEFINITIONAL_REPRESENTATION('',(#2382),#2385);
#2382 = B_SPLINE_CURVE_WITH_KNOTS('',1,(#2383,#2384),.UNSPECIFIED.,.F.,
  .F.,(2,2),(-11.,-5.),.PIECEWISE_BEZIER_KNOTS.);
#2383 = CARTESIAN_POINT('',(6.,-6.));
#2384 = CARTESIAN_POINT('',(6.,0.));
#2385 = ( GEOMETRIC_REPRESENTATION_CONTEXT(2) 
PARAMETRIC_REPRESENTATION_CONTEXT() REPRESENTATION_CONTEXT('2D SPACE',''
  ) );
#2386 = ORIENTED_EDGE('',*,*,#2387,.T.);
#2387 = EDGE_CURVE('',#2367,#2388,#2390,.T.);
#2388 = VERTEX_POINT('',#2389);
#2389 = CARTESIAN_POINT('',(-7.5,70.5,-5.));
#2390 = SURFACE_CURVE('',#2391,(#2395,#2401),.PCURVE_S1.);
#2391 = LINE('',#2392,#2393);
#2392 = CARTESIAN_POINT('',(-29.75,70.5,-5.));
#2393 = VECTOR('',#2394,1.);
#2394 = DIRECTION('',(1.,0.,0.));
#2395 = PCURVE('',#589,#2396);
#2396 = DEFINITIONAL_REPRESENTATION('',(#2397),#2400);
#2397 = B_SPLINE_CURVE_WITH_KNOTS('',1,(#2398,#2399),.UNSPECIFIED.,.F.,
  .F.,(2,2),(10.25,22.25),.PIECEWISE_BEZIER_KNOTS.);
#2398 = CARTESIAN_POINT('',(10.,20.5));
#2399 = CARTESIAN_POINT('',(10.,32.5));
#2400 = ( GEOMETRIC_REPRESENTATION_CONTEXT(2) 
PARAMETRIC_REPRESENTATION_CONTEXT() REPRESENTATION_CONTEXT('2D SPACE',''
  ) );
#2401 = PCURVE('',#2007,#2402);
#2402 = DEFINITIONAL_REPRESENTATION('',(#2403),#2406);
#2403 = B_SPLINE_CURVE_WITH_KNOTS('',1,(#2404,#2405),.UNSPECIFIED.,.F.,
  .F.,(2,2),(10.25,22.25),.PIECEWISE_BEZIER_KNOTS.);
#2404 = CARTESIAN_POINT('',(6.,0.));
#2405 = CARTESIAN_POINT('',(6.,12.));
#2406 = ( GEOMETRIC_REPRESENTATION_CONTEXT(2) 
PARAMETRIC_REPRESENTATION_CONTEXT() REPRESENTATION_CONTEXT('2D SPACE',''
  ) );
#2407 = ORIENTED_EDGE('',*,*,#2408,.F.);
#2408 = EDGE_CURVE('',#2346,#2388,#2409,.T.);
#2409 = SURFACE_CURVE('',#2410,(#2414,#2420),.PCURVE_S1.);
#2410 = LINE('',#2411,#2412);
#2411 = CARTESIAN_POINT('',(-7.5,70.5,-10.));
#2412 = VECTOR('',#2413,1.);
#2413 = DIRECTION('',(0.,0.,-1.));
#2414 = PCURVE('',#589,#2415);
#2415 = DEFINITIONAL_REPRESENTATION('',(#2416),#2419);
#2416 = B_SPLINE_CURVE_WITH_KNOTS('',1,(#2417,#2418),.UNSPECIFIED.,.F.,
  .F.,(2,2),(-11.,-5.),.PIECEWISE_BEZIER_KNOTS.);
#2417 = CARTESIAN_POINT('',(16.,32.5));
#2418 = CARTESIAN_POINT('',(10.,32.5));
#2419 = ( GEOMETRIC_REPRESENTATION_CONTEXT(2) 
PARAMETRIC_REPRESENTATION_CONTEXT() REPRESENTATION_CONTEXT('2D SPACE',''
  ) );
#2420 = PCURVE('',#2031,#2421);
#2421 = DEFINITIONAL_REPRESENTATION('',(#2422),#2425);
#2422 = B_SPLINE_CURVE_WITH_KNOTS('',1,(#2423,#2424),.UNSPECIFIED.,.F.,
  .F.,(2,2),(-11.,-5.),.PIECEWISE_BEZIER_KNOTS.);
#2423 = CARTESIAN_POINT('',(6.,-6.));
#2424 = CARTESIAN_POINT('',(6.,0.));
#2425 = ( GEOMETRIC_REPRESENTATION_CONTEXT(2) 
PARAMETRIC_REPRESENTATION_CONTEXT() REPRESENTATION_CONTEXT('2D SPACE',''
  ) );
#2426 = FACE_BOUND('',#2427,.F.);
#2427 = EDGE_LOOP('',(#2428));
#2428 = ORIENTED_EDGE('',*,*,#2429,.T.);
#2429 = EDGE_CURVE('',#2430,#2430,#2432,.T.);
#2430 = VERTEX_POINT('',#2431);
#2431 = CARTESIAN_POINT('',(-5.6,70.5,-2.));
#2432 = SURFACE_CURVE('',#2433,(#2438,#2449),.PCURVE_S1.);
#2433 = CIRCLE('',#2434,0.9);
#2434 = AXIS2_PLACEMENT_3D('',#2435,#2436,#2437);
#2435 = CARTESIAN_POINT('',(-6.5,70.5,-2.));
#2436 = DIRECTION('',(0.,-1.,2.22044604925E-16));
#2437 = DIRECTION('',(1.,0.,0.));
#2438 = PCURVE('',#589,#2439);
#2439 = DEFINITIONAL_REPRESENTATION('',(#2440),#2448);
#2440 = ( BOUNDED_CURVE() B_SPLINE_CURVE(2,(#2441,#2442,#2443,#2444,
#2445,#2446,#2447),.UNSPECIFIED.,.T.,.F.) B_SPLINE_CURVE_WITH_KNOTS((1,2
    ,2,2,2,1),(-2.094395102393,0.,2.094395102393,4.188790204786,
6.28318530718,8.377580409573),.UNSPECIFIED.) CURVE() 
GEOMETRIC_REPRESENTATION_ITEM() RATIONAL_B_SPLINE_CURVE((1.,0.5,1.,0.5,
1.,0.5,1.)) REPRESENTATION_ITEM('') );
#2441 = CARTESIAN_POINT('',(13.,34.4));
#2442 = CARTESIAN_POINT('',(14.558845726812,34.4));
#2443 = CARTESIAN_POINT('',(13.779422863406,33.05));
#2444 = CARTESIAN_POINT('',(13.,31.7));
#2445 = CARTESIAN_POINT('',(12.220577136594,33.05));
#2446 = CARTESIAN_POINT('',(11.441154273188,34.4));
#2447 = CARTESIAN_POINT('',(13.,34.4));
#2448 = ( GEOMETRIC_REPRESENTATION_CONTEXT(2) 
PARAMETRIC_REPRESENTATION_CONTEXT() REPRESENTATION_CONTEXT('2D SPACE',''
  ) );
#2449 = PCURVE('',#2065,#2450);
#2450 = DEFINITIONAL_REPRESENTATION('',(#2451),#2455);
#2451 = LINE('',#2452,#2453);
#2452 = CARTESIAN_POINT('',(0.,5.));
#2453 = VECTOR('',#2454,1.);
#2454 = DIRECTION('',(1.,0.));
#2455 = ( GEOMETRIC_REPRESENTATION_CONTEXT(2) 
PARAMETRIC_REPRESENTATION_CONTEXT() REPRESENTATION_CONTEXT('2D SPACE',''
  ) );
#2456 = FACE_BOUND('',#2457,.F.);
#2457 = EDGE_LOOP('',(#2458));
#2458 = ORIENTED_EDGE('',*,*,#2459,.T.);
#2459 = EDGE_CURVE('',#2460,#2460,#2462,.T.);
#2460 = VERTEX_POINT('',#2461);
#2461 = CARTESIAN_POINT('',(-26.5,70.5,5.));
#2462 = SURFACE_CURVE('',#2463,(#2468,#2479),.PCURVE_S1.);
#2463 = CIRCLE('',#2464,3.5);
#2464 = AXIS2_PLACEMENT_3D('',#2465,#2466,#2467);
#2465 = CARTESIAN_POINT('',(-30.,70.5,5.));
#2466 = DIRECTION('',(0.,-1.,2.22044604925E-16));
#2467 = DIRECTION('',(1.,0.,0.));
#2468 = PCURVE('',#589,#2469);
#2469 = DEFINITIONAL_REPRESENTATION('',(#2470),#2478);
#2470 = ( BOUNDED_CURVE() B_SPLINE_CURVE(2,(#2471,#2472,#2473,#2474,
#2475,#2476,#2477),.UNSPECIFIED.,.T.,.F.) B_SPLINE_CURVE_WITH_KNOTS((1,2
    ,2,2,2,1),(-2.094395102393,0.,2.094395102393,4.188790204786,
6.28318530718,8.377580409573),.UNSPECIFIED.) CURVE() 
GEOMETRIC_REPRESENTATION_ITEM() RATIONAL_B_SPLINE_CURVE((1.,0.5,1.,0.5,
1.,0.5,1.)) REPRESENTATION_ITEM('') );
#2471 = CARTESIAN_POINT('',(20.,13.5));
#2472 = CARTESIAN_POINT('',(26.062177826491,13.5));
#2473 = CARTESIAN_POINT('',(23.031088913246,8.25));
#2474 = CARTESIAN_POINT('',(20.,3.));
#2475 = CARTESIAN_POINT('',(16.968911086754,8.25));
#2476 = CARTESIAN_POINT('',(13.937822173509,13.5));
#2477 = CARTESIAN_POINT('',(20.,13.5));
#2478 = ( GEOMETRIC_REPRESENTATION_CONTEXT(2) 
PARAMETRIC_REPRESENTATION_CONTEXT() REPRESENTATION_CONTEXT('2D SPACE',''
  ) );
#2479 = PCURVE('',#2100,#2480);
#2480 = DEFINITIONAL_REPRESENTATION('',(#2481),#2485);
#2481 = LINE('',#2482,#2483);
#2482 = CARTESIAN_POINT('',(0.,5.));
#2483 = VECTOR('',#2484,1.);
#2484 = DIRECTION('',(1.,0.));
#2485 = ( GEOMETRIC_REPRESENTATION_CONTEXT(2) 
PARAMETRIC_REPRESENTATION_CONTEXT() REPRESENTATION_CONTEXT('2D SPACE',''
  ) );
#2486 = FACE_BOUND('',#2487,.F.);
#2487 = EDGE_LOOP('',(#2488));
#2488 = ORIENTED_EDGE('',*,*,#2489,.T.);
#2489 = EDGE_CURVE('',#2490,#2490,#2492,.T.);
#2490 = VERTEX_POINT('',#2491);
#2491 = CARTESIAN_POINT('',(10.6,70.5,-2.));
#2492 = SURFACE_CURVE('',#2493,(#2498,#2509),.PCURVE_S1.);
#2493 = CIRCLE('',#2494,3.6);
#2494 = AXIS2_PLACEMENT_3D('',#2495,#2496,#2497);
#2495 = CARTESIAN_POINT('',(7.,70.5,-2.));
#2496 = DIRECTION('',(0.,-1.,2.22044604925E-16));
#2497 = DIRECTION('',(1.,0.,0.));
#2498 = PCURVE('',#589,#2499);
#2499 = DEFINITIONAL_REPRESENTATION('',(#2500),#2508);
#2500 = ( BOUNDED_CURVE() B_SPLINE_CURVE(2,(#2501,#2502,#2503,#2504,
#2505,#2506,#2507),.UNSPECIFIED.,.T.,.F.) B_SPLINE_CURVE_WITH_KNOTS((1,2
    ,2,2,2,1),(-2.094395102393,0.,2.094395102393,4.188790204786,
6.28318530718,8.377580409573),.UNSPECIFIED.) CURVE() 
GEOMETRIC_REPRESENTATION_ITEM() RATIONAL_B_SPLINE_CURVE((1.,0.5,1.,0.5,
1.,0.5,1.)) REPRESENTATION_ITEM('') );
#2501 = CARTESIAN_POINT('',(13.,50.6));
#2502 = CARTESIAN_POINT('',(19.235382907248,50.6));
#2503 = CARTESIAN_POINT('',(16.117691453624,45.2));
#2504 = CARTESIAN_POINT('',(13.,39.8));
#2505 = CARTESIAN_POINT('',(9.882308546376,45.2));
#2506 = CARTESIAN_POINT('',(6.764617092752,50.6));
#2507 = CARTESIAN_POINT('',(13.,50.6));
#2508 = ( GEOMETRIC_REPRESENTATION_CONTEXT(2) 
PARAMETRIC_REPRESENTATION_CONTEXT() REPRESENTATION_CONTEXT('2D SPACE',''
  ) );
#2509 = PCURVE('',#2135,#2510);
#2510 = DEFINITIONAL_REPRESENTATION('',(#2511),#2515);
#2511 = LINE('',#2512,#2513);
#2512 = CARTESIAN_POINT('',(0.,5.));
#2513 = VECTOR('',#2514,1.);
#2514 = DIRECTION('',(1.,0.));
#2515 = ( GEOMETRIC_REPRESENTATION_CONTEXT(2) 
PARAMETRIC_REPRESENTATION_CONTEXT() REPRESENTATION_CONTEXT('2D SPACE',''
  ) );
#2516 = FACE_BOUND('',#2517,.F.);
#2517 = EDGE_LOOP('',(#2518));
#2518 = ORIENTED_EDGE('',*,*,#2519,.T.);
#2519 = EDGE_CURVE('',#2520,#2520,#2522,.T.);
#2520 = VERTEX_POINT('',#2521);
#2521 = CARTESIAN_POINT('',(28.6,70.5,-2.));
#2522 = SURFACE_CURVE('',#2523,(#2528,#2539),.PCURVE_S1.);
#2523 = CIRCLE('',#2524,3.6);
#2524 = AXIS2_PLACEMENT_3D('',#2525,#2526,#2527);
#2525 = CARTESIAN_POINT('',(25.,70.5,-2.));
#2526 = DIRECTION('',(0.,-1.,2.22044604925E-16));
#2527 = DIRECTION('',(1.,0.,0.));
#2528 = PCURVE('',#589,#2529);
#2529 = DEFINITIONAL_REPRESENTATION('',(#2530),#2538);
#2530 = ( BOUNDED_CURVE() B_SPLINE_CURVE(2,(#2531,#2532,#2533,#2534,
#2535,#2536,#2537),.UNSPECIFIED.,.T.,.F.) B_SPLINE_CURVE_WITH_KNOTS((1,2
    ,2,2,2,1),(-2.094395102393,0.,2.094395102393,4.188790204786,
6.28318530718,8.377580409573),.UNSPECIFIED.) CURVE() 
GEOMETRIC_REPRESENTATION_ITEM() RATIONAL_B_SPLINE_CURVE((1.,0.5,1.,0.5,
1.,0.5,1.)) REPRESENTATION_ITEM('') );
#2531 = CARTESIAN_POINT('',(13.,68.6));
#2532 = CARTESIAN_POINT('',(19.235382907248,68.6));
#2533 = CARTESIAN_POINT('',(16.117691453624,63.2));
#2534 = CARTESIAN_POINT('',(13.,57.8));
#2535 = CARTESIAN_POINT('',(9.882308546376,63.2));
#2536 = CARTESIAN_POINT('',(6.764617092752,68.6));
#2537 = CARTESIAN_POINT('',(13.,68.6));
#2538 = ( GEOMETRIC_REPRESENTATION_CONTEXT(2) 
PARAMETRIC_REPRESENTATION_CONTEXT() REPRESENTATION_CONTEXT('2D SPACE',''
  ) );
#2539 = PCURVE('',#2170,#2540);
#2540 = DEFINITIONAL_REPRESENTATION('',(#2541),#2545);
#2541 = LINE('',#2542,#2543);
#2542 = CARTESIAN_POINT('',(0.,5.));
#2543 = VECTOR('',#2544,1.);
#2544 = DIRECTION('',(1.,0.));
#2545 = ( GEOMETRIC_REPRESENTATION_CONTEXT(2) 
PARAMETRIC_REPRESENTATION_CONTEXT() REPRESENTATION_CONTEXT('2D SPACE',''
  ) );
#2546 = ADVANCED_FACE('',(#2547),#617,.F.);
#2547 = FACE_BOUND('',#2548,.F.);
#2548 = EDGE_LOOP('',(#2549,#2577,#2578,#2579));
#2549 = ORIENTED_EDGE('',*,*,#2550,.F.);
#2550 = EDGE_CURVE('',#2263,#2551,#2553,.T.);
#2551 = VERTEX_POINT('',#2552);
#2552 = CARTESIAN_POINT('',(37.,70.5,-12.));
#2553 = SURFACE_CURVE('',#2554,(#2558,#2565),.PCURVE_S1.);
#2554 = LINE('',#2555,#2556);
#2555 = CARTESIAN_POINT('',(-40.,70.5,-12.));
#2556 = VECTOR('',#2557,1.);
#2557 = DIRECTION('',(1.,0.,0.));
#2558 = PCURVE('',#617,#2559);
#2559 = DEFINITIONAL_REPRESENTATION('',(#2560),#2564);
#2560 = LINE('',#2561,#2562);
#2561 = CARTESIAN_POINT('',(3.,0.));
#2562 = VECTOR('',#2563,1.);
#2563 = DIRECTION('',(0.,1.));
#2564 = ( GEOMETRIC_REPRESENTATION_CONTEXT(2) 
PARAMETRIC_REPRESENTATION_CONTEXT() REPRESENTATION_CONTEXT('2D SPACE',''
  ) );
#2565 = PCURVE('',#2566,#2571);
#2566 = CYLINDRICAL_SURFACE('',#2567,1.);
#2567 = AXIS2_PLACEMENT_3D('',#2568,#2569,#2570);
#2568 = CARTESIAN_POINT('',(-40.,69.5,-12.));
#2569 = DIRECTION('',(1.,0.,0.));
#2570 = DIRECTION('',(-0.,1.,0.));
#2571 = DEFINITIONAL_REPRESENTATION('',(#2572),#2576);
#2572 = LINE('',#2573,#2574);
#2573 = CARTESIAN_POINT('',(-0.,0.));
#2574 = VECTOR('',#2575,1.);
#2575 = DIRECTION('',(-0.,1.));
#2576 = ( GEOMETRIC_REPRESENTATION_CONTEXT(2) 
PARAMETRIC_REPRESENTATION_CONTEXT() REPRESENTATION_CONTEXT('2D SPACE',''
  ) );
#2577 = ORIENTED_EDGE('',*,*,#2292,.T.);
#2578 = ORIENTED_EDGE('',*,*,#601,.T.);
#2579 = ORIENTED_EDGE('',*,*,#2580,.F.);
#2580 = EDGE_CURVE('',#2551,#602,#2581,.T.);
#2581 = SURFACE_CURVE('',#2582,(#2586,#2593),.PCURVE_S1.);
#2582 = LINE('',#2583,#2584);
#2583 = CARTESIAN_POINT('',(37.,70.5,-15.));
#2584 = VECTOR('',#2585,1.);
#2585 = DIRECTION('',(0.,0.,1.));
#2586 = PCURVE('',#617,#2587);
#2587 = DEFINITIONAL_REPRESENTATION('',(#2588),#2592);
#2588 = LINE('',#2589,#2590);
#2589 = CARTESIAN_POINT('',(0.,77.));
#2590 = VECTOR('',#2591,1.);
#2591 = DIRECTION('',(1.,0.));
#2592 = ( GEOMETRIC_REPRESENTATION_CONTEXT(2) 
PARAMETRIC_REPRESENTATION_CONTEXT() REPRESENTATION_CONTEXT('2D SPACE',''
  ) );
#2593 = PCURVE('',#646,#2594);
#2594 = DEFINITIONAL_REPRESENTATION('',(#2595),#2599);
#2595 = LINE('',#2596,#2597);
#2596 = CARTESIAN_POINT('',(1.570796326795,0.));
#2597 = VECTOR('',#2598,1.);
#2598 = DIRECTION('',(0.,1.));
#2599 = ( GEOMETRIC_REPRESENTATION_CONTEXT(2) 
PARAMETRIC_REPRESENTATION_CONTEXT() REPRESENTATION_CONTEXT('2D SPACE',''
  ) );
#2600 = ADVANCED_FACE('',(#2601),#646,.F.);
#2601 = FACE_BOUND('',#2602,.F.);
#2602 = EDGE_LOOP('',(#2603,#2626,#2653,#2654));
#2603 = ORIENTED_EDGE('',*,*,#2604,.F.);
#2604 = EDGE_CURVE('',#2605,#630,#2607,.T.);
#2605 = VERTEX_POINT('',#2606);
#2606 = CARTESIAN_POINT('',(38.,69.5,-12.));
#2607 = SURFACE_CURVE('',#2608,(#2612,#2619),.PCURVE_S1.);
#2608 = LINE('',#2609,#2610);
#2609 = CARTESIAN_POINT('',(38.,69.5,-15.));
#2610 = VECTOR('',#2611,1.);
#2611 = DIRECTION('',(0.,0.,1.));
#2612 = PCURVE('',#646,#2613);
#2613 = DEFINITIONAL_REPRESENTATION('',(#2614),#2618);
#2614 = LINE('',#2615,#2616);
#2615 = CARTESIAN_POINT('',(0.,0.));
#2616 = VECTOR('',#2617,1.);
#2617 = DIRECTION('',(0.,1.));
#2618 = ( GEOMETRIC_REPRESENTATION_CONTEXT(2) 
PARAMETRIC_REPRESENTATION_CONTEXT() REPRESENTATION_CONTEXT('2D SPACE',''
  ) );
#2619 = PCURVE('',#674,#2620);
#2620 = DEFINITIONAL_REPRESENTATION('',(#2621),#2625);
#2621 = LINE('',#2622,#2623);
#2622 = CARTESIAN_POINT('',(0.,-142.));
#2623 = VECTOR('',#2624,1.);
#2624 = DIRECTION('',(1.,0.));
#2625 = ( GEOMETRIC_REPRESENTATION_CONTEXT(2) 
PARAMETRIC_REPRESENTATION_CONTEXT() REPRESENTATION_CONTEXT('2D SPACE',''
  ) );
#2626 = ORIENTED_EDGE('',*,*,#2627,.T.);
#2627 = EDGE_CURVE('',#2605,#2551,#2628,.T.);
#2628 = SURFACE_CURVE('',#2629,(#2634,#2641),.PCURVE_S1.);
#2629 = CIRCLE('',#2630,1.);
#2630 = AXIS2_PLACEMENT_3D('',#2631,#2632,#2633);
#2631 = CARTESIAN_POINT('',(37.,69.5,-12.));
#2632 = DIRECTION('',(0.,0.,1.));
#2633 = DIRECTION('',(1.,0.,0.));
#2634 = PCURVE('',#646,#2635);
#2635 = DEFINITIONAL_REPRESENTATION('',(#2636),#2640);
#2636 = LINE('',#2637,#2638);
#2637 = CARTESIAN_POINT('',(0.,3.));
#2638 = VECTOR('',#2639,1.);
#2639 = DIRECTION('',(1.,0.));
#2640 = ( GEOMETRIC_REPRESENTATION_CONTEXT(2) 
PARAMETRIC_REPRESENTATION_CONTEXT() REPRESENTATION_CONTEXT('2D SPACE',''
  ) );
#2641 = PCURVE('',#2642,#2647);
#2642 = SPHERICAL_SURFACE('',#2643,1.);
#2643 = AXIS2_PLACEMENT_3D('',#2644,#2645,#2646);
#2644 = CARTESIAN_POINT('',(37.,69.5,-12.));
#2645 = DIRECTION('',(0.,0.,1.));
#2646 = DIRECTION('',(1.,0.,-0.));
#2647 = DEFINITIONAL_REPRESENTATION('',(#2648),#2652);
#2648 = LINE('',#2649,#2650);
#2649 = CARTESIAN_POINT('',(0.,0.));
#2650 = VECTOR('',#2651,1.);
#2651 = DIRECTION('',(1.,0.));
#2652 = ( GEOMETRIC_REPRESENTATION_CONTEXT(2) 
PARAMETRIC_REPRESENTATION_CONTEXT() REPRESENTATION_CONTEXT('2D SPACE',''
  ) );
#2653 = ORIENTED_EDGE('',*,*,#2580,.T.);
#2654 = ORIENTED_EDGE('',*,*,#629,.F.);
#2655 = ADVANCED_FACE('',(#2656),#674,.F.);
#2656 = FACE_BOUND('',#2657,.F.);
#2657 = EDGE_LOOP('',(#2658,#2681,#2707,#2708));
#2658 = ORIENTED_EDGE('',*,*,#2659,.F.);
#2659 = EDGE_CURVE('',#2660,#659,#2662,.T.);
#2660 = VERTEX_POINT('',#2661);
#2661 = CARTESIAN_POINT('',(38.,68.,-12.));
#2662 = SURFACE_CURVE('',#2663,(#2667,#2674),.PCURVE_S1.);
#2663 = LINE('',#2664,#2665);
#2664 = CARTESIAN_POINT('',(38.,68.,-13.5));
#2665 = VECTOR('',#2666,1.);
#2666 = DIRECTION('',(0.,0.,1.));
#2667 = PCURVE('',#674,#2668);
#2668 = DEFINITIONAL_REPRESENTATION('',(#2669),#2673);
#2669 = LINE('',#2670,#2671);
#2670 = CARTESIAN_POINT('',(1.5,-140.5));
#2671 = VECTOR('',#2672,1.);
#2672 = DIRECTION('',(1.,0.));
#2673 = ( GEOMETRIC_REPRESENTATION_CONTEXT(2) 
PARAMETRIC_REPRESENTATION_CONTEXT() REPRESENTATION_CONTEXT('2D SPACE',''
  ) );
#2674 = PCURVE('',#702,#2675);
#2675 = DEFINITIONAL_REPRESENTATION('',(#2676),#2680);
#2676 = LINE('',#2677,#2678);
#2677 = CARTESIAN_POINT('',(1.5,-140.5));
#2678 = VECTOR('',#2679,1.);
#2679 = DIRECTION('',(1.,0.));
#2680 = ( GEOMETRIC_REPRESENTATION_CONTEXT(2) 
PARAMETRIC_REPRESENTATION_CONTEXT() REPRESENTATION_CONTEXT('2D SPACE',''
  ) );
#2681 = ORIENTED_EDGE('',*,*,#2682,.T.);
#2682 = EDGE_CURVE('',#2660,#2605,#2683,.T.);
#2683 = SURFACE_CURVE('',#2684,(#2688,#2695),.PCURVE_S1.);
#2684 = LINE('',#2685,#2686);
#2685 = CARTESIAN_POINT('',(38.,-72.5,-12.));
#2686 = VECTOR('',#2687,1.);
#2687 = DIRECTION('',(0.,1.,0.));
#2688 = PCURVE('',#674,#2689);
#2689 = DEFINITIONAL_REPRESENTATION('',(#2690),#2694);
#2690 = LINE('',#2691,#2692);
#2691 = CARTESIAN_POINT('',(3.,0.));
#2692 = VECTOR('',#2693,1.);
#2693 = DIRECTION('',(0.,-1.));
#2694 = ( GEOMETRIC_REPRESENTATION_CONTEXT(2) 
PARAMETRIC_REPRESENTATION_CONTEXT() REPRESENTATION_CONTEXT('2D SPACE',''
  ) );
#2695 = PCURVE('',#2696,#2701);
#2696 = CYLINDRICAL_SURFACE('',#2697,1.);
#2697 = AXIS2_PLACEMENT_3D('',#2698,#2699,#2700);
#2698 = CARTESIAN_POINT('',(37.,-72.5,-12.));
#2699 = DIRECTION('',(0.,1.,0.));
#2700 = DIRECTION('',(1.,0.,-0.));
#2701 = DEFINITIONAL_REPRESENTATION('',(#2702),#2706);
#2702 = LINE('',#2703,#2704);
#2703 = CARTESIAN_POINT('',(0.,0.));
#2704 = VECTOR('',#2705,1.);
#2705 = DIRECTION('',(0.,1.));
#2706 = ( GEOMETRIC_REPRESENTATION_CONTEXT(2) 
PARAMETRIC_REPRESENTATION_CONTEXT() REPRESENTATION_CONTEXT('2D SPACE',''
  ) );
#2707 = ORIENTED_EDGE('',*,*,#2604,.T.);
#2708 = ORIENTED_EDGE('',*,*,#658,.T.);
#2709 = ADVANCED_FACE('',(#2710,#2763,#2789),#702,.F.);
#2710 = FACE_BOUND('',#2711,.F.);
#2711 = EDGE_LOOP('',(#2712,#2735,#2761,#2762));
#2712 = ORIENTED_EDGE('',*,*,#2713,.F.);
#2713 = EDGE_CURVE('',#2714,#687,#2716,.T.);
#2714 = VERTEX_POINT('',#2715);
#2715 = CARTESIAN_POINT('',(38.,-68.,-12.));
#2716 = SURFACE_CURVE('',#2717,(#2721,#2728),.PCURVE_S1.);
#2717 = LINE('',#2718,#2719);
#2718 = CARTESIAN_POINT('',(38.,-68.,-13.5));
#2719 = VECTOR('',#2720,1.);
#2720 = DIRECTION('',(0.,0.,1.));
#2721 = PCURVE('',#702,#2722);
#2722 = DEFINITIONAL_REPRESENTATION('',(#2723),#2727);
#2723 = LINE('',#2724,#2725);
#2724 = CARTESIAN_POINT('',(1.5,-4.5));
#2725 = VECTOR('',#2726,1.);
#2726 = DIRECTION('',(1.,0.));
#2727 = ( GEOMETRIC_REPRESENTATION_CONTEXT(2) 
PARAMETRIC_REPRESENTATION_CONTEXT() REPRESENTATION_CONTEXT('2D SPACE',''
  ) );
#2728 = PCURVE('',#730,#2729);
#2729 = DEFINITIONAL_REPRESENTATION('',(#2730),#2734);
#2730 = LINE('',#2731,#2732);
#2731 = CARTESIAN_POINT('',(1.5,-4.5));
#2732 = VECTOR('',#2733,1.);
#2733 = DIRECTION('',(1.,0.));
#2734 = ( GEOMETRIC_REPRESENTATION_CONTEXT(2) 
PARAMETRIC_REPRESENTATION_CONTEXT() REPRESENTATION_CONTEXT('2D SPACE',''
  ) );
#2735 = ORIENTED_EDGE('',*,*,#2736,.T.);
#2736 = EDGE_CURVE('',#2714,#2660,#2737,.T.);
#2737 = SURFACE_CURVE('',#2738,(#2742,#2749),.PCURVE_S1.);
#2738 = LINE('',#2739,#2740);
#2739 = CARTESIAN_POINT('',(38.,-72.5,-12.));
#2740 = VECTOR('',#2741,1.);
#2741 = DIRECTION('',(0.,1.,0.));
#2742 = PCURVE('',#702,#2743);
#2743 = DEFINITIONAL_REPRESENTATION('',(#2744),#2748);
#2744 = LINE('',#2745,#2746);
#2745 = CARTESIAN_POINT('',(3.,0.));
#2746 = VECTOR('',#2747,1.);
#2747 = DIRECTION('',(0.,-1.));
#2748 = ( GEOMETRIC_REPRESENTATION_CONTEXT(2) 
PARAMETRIC_REPRESENTATION_CONTEXT() REPRESENTATION_CONTEXT('2D SPACE',''
  ) );
#2749 = PCURVE('',#2750,#2755);
#2750 = CYLINDRICAL_SURFACE('',#2751,1.);
#2751 = AXIS2_PLACEMENT_3D('',#2752,#2753,#2754);
#2752 = CARTESIAN_POINT('',(37.,-72.5,-12.));
#2753 = DIRECTION('',(0.,1.,0.));
#2754 = DIRECTION('',(1.,0.,-0.));
#2755 = DEFINITIONAL_REPRESENTATION('',(#2756),#2760);
#2756 = LINE('',#2757,#2758);
#2757 = CARTESIAN_POINT('',(0.,0.));
#2758 = VECTOR('',#2759,1.);
#2759 = DIRECTION('',(0.,1.));
#2760 = ( GEOMETRIC_REPRESENTATION_CONTEXT(2) 
PARAMETRIC_REPRESENTATION_CONTEXT() REPRESENTATION_CONTEXT('2D SPACE',''
  ) );
#2761 = ORIENTED_EDGE('',*,*,#2659,.T.);
#2762 = ORIENTED_EDGE('',*,*,#686,.T.);
#2763 = FACE_BOUND('',#2764,.F.);
#2764 = EDGE_LOOP('',(#2765));
#2765 = ORIENTED_EDGE('',*,*,#2766,.F.);
#2766 = EDGE_CURVE('',#2767,#2767,#2769,.T.);
#2767 = VERTEX_POINT('',#2768);
#2768 = CARTESIAN_POINT('',(38.,49.5,-9.25));
#2769 = SURFACE_CURVE('',#2770,(#2775,#2782),.PCURVE_S1.);
#2770 = CIRCLE('',#2771,8.25);
#2771 = AXIS2_PLACEMENT_3D('',#2772,#2773,#2774);
#2772 = CARTESIAN_POINT('',(38.,49.5,-1.));
#2773 = DIRECTION('',(1.,0.,2.22044604925E-16));
#2774 = DIRECTION('',(2.22044604925E-16,0.,-1.));
#2775 = PCURVE('',#702,#2776);
#2776 = DEFINITIONAL_REPRESENTATION('',(#2777),#2781);
#2777 = CIRCLE('',#2778,8.25);
#2778 = AXIS2_PLACEMENT_2D('',#2779,#2780);
#2779 = CARTESIAN_POINT('',(14.,-122.));
#2780 = DIRECTION('',(-1.,0.));
#2781 = ( GEOMETRIC_REPRESENTATION_CONTEXT(2) 
PARAMETRIC_REPRESENTATION_CONTEXT() REPRESENTATION_CONTEXT('2D SPACE',''
  ) );
#2782 = PCURVE('',#1701,#2783);
#2783 = DEFINITIONAL_REPRESENTATION('',(#2784),#2788);
#2784 = LINE('',#2785,#2786);
#2785 = CARTESIAN_POINT('',(0.,1.));
#2786 = VECTOR('',#2787,1.);
#2787 = DIRECTION('',(1.,0.));
#2788 = ( GEOMETRIC_REPRESENTATION_CONTEXT(2) 
PARAMETRIC_REPRESENTATION_CONTEXT() REPRESENTATION_CONTEXT('2D SPACE',''
  ) );
#2789 = FACE_BOUND('',#2790,.F.);
#2790 = EDGE_LOOP('',(#2791,#2814,#2835,#2856));
#2791 = ORIENTED_EDGE('',*,*,#2792,.T.);
#2792 = EDGE_CURVE('',#2793,#2795,#2797,.T.);
#2793 = VERTEX_POINT('',#2794);
#2794 = CARTESIAN_POINT('',(38.,-16.,-7.));
#2795 = VERTEX_POINT('',#2796);
#2796 = CARTESIAN_POINT('',(38.,-26.,-7.));
#2797 = SURFACE_CURVE('',#2798,(#2802,#2808),.PCURVE_S1.);
#2798 = LINE('',#2799,#2800);
#2799 = CARTESIAN_POINT('',(38.,-49.25,-7.));
#2800 = VECTOR('',#2801,1.);
#2801 = DIRECTION('',(0.,-1.,0.));
#2802 = PCURVE('',#702,#2803);
#2803 = DEFINITIONAL_REPRESENTATION('',(#2804),#2807);
#2804 = B_SPLINE_CURVE_WITH_KNOTS('',1,(#2805,#2806),.UNSPECIFIED.,.F.,
  .F.,(2,2),(-33.25,-23.25),.PIECEWISE_BEZIER_KNOTS.);
#2805 = CARTESIAN_POINT('',(8.,-56.5));
#2806 = CARTESIAN_POINT('',(8.,-46.5));
#2807 = ( GEOMETRIC_REPRESENTATION_CONTEXT(2) 
PARAMETRIC_REPRESENTATION_CONTEXT() REPRESENTATION_CONTEXT('2D SPACE',''
  ) );
#2808 = PCURVE('',#1732,#2809);
#2809 = DEFINITIONAL_REPRESENTATION('',(#2810),#2813);
#2810 = B_SPLINE_CURVE_WITH_KNOTS('',1,(#2811,#2812),.UNSPECIFIED.,.F.,
  .F.,(2,2),(-33.25,-23.25),.PIECEWISE_BEZIER_KNOTS.);
#2811 = CARTESIAN_POINT('',(1.,10.));
#2812 = CARTESIAN_POINT('',(1.,0.));
#2813 = ( GEOMETRIC_REPRESENTATION_CONTEXT(2) 
PARAMETRIC_REPRESENTATION_CONTEXT() REPRESENTATION_CONTEXT('2D SPACE',''
  ) );
#2814 = ORIENTED_EDGE('',*,*,#2815,.T.);
#2815 = EDGE_CURVE('',#2795,#2816,#2818,.T.);
#2816 = VERTEX_POINT('',#2817);
#2817 = CARTESIAN_POINT('',(38.,-26.,-2.));
#2818 = SURFACE_CURVE('',#2819,(#2823,#2829),.PCURVE_S1.);
#2819 = LINE('',#2820,#2821);
#2820 = CARTESIAN_POINT('',(38.,-26.,-11.));
#2821 = VECTOR('',#2822,1.);
#2822 = DIRECTION('',(0.,0.,1.));
#2823 = PCURVE('',#702,#2824);
#2824 = DEFINITIONAL_REPRESENTATION('',(#2825),#2828);
#2825 = B_SPLINE_CURVE_WITH_KNOTS('',1,(#2826,#2827),.UNSPECIFIED.,.F.,
  .F.,(2,2),(4.,9.),.PIECEWISE_BEZIER_KNOTS.);
#2826 = CARTESIAN_POINT('',(8.,-46.5));
#2827 = CARTESIAN_POINT('',(13.,-46.5));
#2828 = ( GEOMETRIC_REPRESENTATION_CONTEXT(2) 
PARAMETRIC_REPRESENTATION_CONTEXT() REPRESENTATION_CONTEXT('2D SPACE',''
  ) );
#2829 = PCURVE('',#1758,#2830);
#2830 = DEFINITIONAL_REPRESENTATION('',(#2831),#2834);
#2831 = B_SPLINE_CURVE_WITH_KNOTS('',1,(#2832,#2833),.UNSPECIFIED.,.F.,
  .F.,(2,2),(4.,9.),.PIECEWISE_BEZIER_KNOTS.);
#2832 = CARTESIAN_POINT('',(0.,1.));
#2833 = CARTESIAN_POINT('',(5.,1.));
#2834 = ( GEOMETRIC_REPRESENTATION_CONTEXT(2) 
PARAMETRIC_REPRESENTATION_CONTEXT() REPRESENTATION_CONTEXT('2D SPACE',''
  ) );
#2835 = ORIENTED_EDGE('',*,*,#2836,.F.);
#2836 = EDGE_CURVE('',#2837,#2816,#2839,.T.);
#2837 = VERTEX_POINT('',#2838);
#2838 = CARTESIAN_POINT('',(38.,-16.,-2.));
#2839 = SURFACE_CURVE('',#2840,(#2844,#2850),.PCURVE_S1.);
#2840 = LINE('',#2841,#2842);
#2841 = CARTESIAN_POINT('',(38.,-49.25,-2.));
#2842 = VECTOR('',#2843,1.);
#2843 = DIRECTION('',(0.,-1.,0.));
#2844 = PCURVE('',#702,#2845);
#2845 = DEFINITIONAL_REPRESENTATION('',(#2846),#2849);
#2846 = B_SPLINE_CURVE_WITH_KNOTS('',1,(#2847,#2848),.UNSPECIFIED.,.F.,
  .F.,(2,2),(-33.25,-23.25),.PIECEWISE_BEZIER_KNOTS.);
#2847 = CARTESIAN_POINT('',(13.,-56.5));
#2848 = CARTESIAN_POINT('',(13.,-46.5));
#2849 = ( GEOMETRIC_REPRESENTATION_CONTEXT(2) 
PARAMETRIC_REPRESENTATION_CONTEXT() REPRESENTATION_CONTEXT('2D SPACE',''
  ) );
#2850 = PCURVE('',#1784,#2851);
#2851 = DEFINITIONAL_REPRESENTATION('',(#2852),#2855);
#2852 = B_SPLINE_CURVE_WITH_KNOTS('',1,(#2853,#2854),.UNSPECIFIED.,.F.,
  .F.,(2,2),(-33.25,-23.25),.PIECEWISE_BEZIER_KNOTS.);
#2853 = CARTESIAN_POINT('',(1.,10.));
#2854 = CARTESIAN_POINT('',(1.,0.));
#2855 = ( GEOMETRIC_REPRESENTATION_CONTEXT(2) 
PARAMETRIC_REPRESENTATION_CONTEXT() REPRESENTATION_CONTEXT('2D SPACE',''
  ) );
#2856 = ORIENTED_EDGE('',*,*,#2857,.F.);
#2857 = EDGE_CURVE('',#2793,#2837,#2858,.T.);
#2858 = SURFACE_CURVE('',#2859,(#2863,#2869),.PCURVE_S1.);
#2859 = LINE('',#2860,#2861);
#2860 = CARTESIAN_POINT('',(38.,-16.,-11.));
#2861 = VECTOR('',#2862,1.);
#2862 = DIRECTION('',(0.,0.,1.));
#2863 = PCURVE('',#702,#2864);
#2864 = DEFINITIONAL_REPRESENTATION('',(#2865),#2868);
#2865 = B_SPLINE_CURVE_WITH_KNOTS('',1,(#2866,#2867),.UNSPECIFIED.,.F.,
  .F.,(2,2),(4.,9.),.PIECEWISE_BEZIER_KNOTS.);
#2866 = CARTESIAN_POINT('',(8.,-56.5));
#2867 = CARTESIAN_POINT('',(13.,-56.5));
#2868 = ( GEOMETRIC_REPRESENTATION_CONTEXT(2) 
PARAMETRIC_REPRESENTATION_CONTEXT() REPRESENTATION_CONTEXT('2D SPACE',''
  ) );
#2869 = PCURVE('',#1808,#2870);
#2870 = DEFINITIONAL_REPRESENTATION('',(#2871),#2874);
#2871 = B_SPLINE_CURVE_WITH_KNOTS('',1,(#2872,#2873),.UNSPECIFIED.,.F.,
  .F.,(2,2),(4.,9.),.PIECEWISE_BEZIER_KNOTS.);
#2872 = CARTESIAN_POINT('',(0.,1.));
#2873 = CARTESIAN_POINT('',(5.,1.));
#2874 = ( GEOMETRIC_REPRESENTATION_CONTEXT(2) 
PARAMETRIC_REPRESENTATION_CONTEXT() REPRESENTATION_CONTEXT('2D SPACE',''
  ) );
#2875 = ADVANCED_FACE('',(#2876),#730,.F.);
#2876 = FACE_BOUND('',#2877,.F.);
#2877 = EDGE_LOOP('',(#2878,#2901,#2927,#2928));
#2878 = ORIENTED_EDGE('',*,*,#2879,.F.);
#2879 = EDGE_CURVE('',#2880,#715,#2882,.T.);
#2880 = VERTEX_POINT('',#2881);
#2881 = CARTESIAN_POINT('',(38.,-69.5,-12.));
#2882 = SURFACE_CURVE('',#2883,(#2887,#2894),.PCURVE_S1.);
#2883 = LINE('',#2884,#2885);
#2884 = CARTESIAN_POINT('',(38.,-69.5,-15.));
#2885 = VECTOR('',#2886,1.);
#2886 = DIRECTION('',(0.,0.,1.));
#2887 = PCURVE('',#730,#2888);
#2888 = DEFINITIONAL_REPRESENTATION('',(#2889),#2893);
#2889 = LINE('',#2890,#2891);
#2890 = CARTESIAN_POINT('',(0.,-3.));
#2891 = VECTOR('',#2892,1.);
#2892 = DIRECTION('',(1.,0.));
#2893 = ( GEOMETRIC_REPRESENTATION_CONTEXT(2) 
PARAMETRIC_REPRESENTATION_CONTEXT() REPRESENTATION_CONTEXT('2D SPACE',''
  ) );
#2894 = PCURVE('',#759,#2895);
#2895 = DEFINITIONAL_REPRESENTATION('',(#2896),#2900);
#2896 = LINE('',#2897,#2898);
#2897 = CARTESIAN_POINT('',(-0.,0.));
#2898 = VECTOR('',#2899,1.);
#2899 = DIRECTION('',(-0.,1.));
#2900 = ( GEOMETRIC_REPRESENTATION_CONTEXT(2) 
PARAMETRIC_REPRESENTATION_CONTEXT() REPRESENTATION_CONTEXT('2D SPACE',''
  ) );
#2901 = ORIENTED_EDGE('',*,*,#2902,.T.);
#2902 = EDGE_CURVE('',#2880,#2714,#2903,.T.);
#2903 = SURFACE_CURVE('',#2904,(#2908,#2915),.PCURVE_S1.);
#2904 = LINE('',#2905,#2906);
#2905 = CARTESIAN_POINT('',(38.,-72.5,-12.));
#2906 = VECTOR('',#2907,1.);
#2907 = DIRECTION('',(0.,1.,0.));
#2908 = PCURVE('',#730,#2909);
#2909 = DEFINITIONAL_REPRESENTATION('',(#2910),#2914);
#2910 = LINE('',#2911,#2912);
#2911 = CARTESIAN_POINT('',(3.,0.));
#2912 = VECTOR('',#2913,1.);
#2913 = DIRECTION('',(0.,-1.));
#2914 = ( GEOMETRIC_REPRESENTATION_CONTEXT(2) 
PARAMETRIC_REPRESENTATION_CONTEXT() REPRESENTATION_CONTEXT('2D SPACE',''
  ) );
#2915 = PCURVE('',#2916,#2921);
#2916 = CYLINDRICAL_SURFACE('',#2917,1.);
#2917 = AXIS2_PLACEMENT_3D('',#2918,#2919,#2920);
#2918 = CARTESIAN_POINT('',(37.,-72.5,-12.));
#2919 = DIRECTION('',(0.,1.,0.));
#2920 = DIRECTION('',(1.,0.,-0.));
#2921 = DEFINITIONAL_REPRESENTATION('',(#2922),#2926);
#2922 = LINE('',#2923,#2924);
#2923 = CARTESIAN_POINT('',(0.,0.));
#2924 = VECTOR('',#2925,1.);
#2925 = DIRECTION('',(0.,1.));
#2926 = ( GEOMETRIC_REPRESENTATION_CONTEXT(2) 
PARAMETRIC_REPRESENTATION_CONTEXT() REPRESENTATION_CONTEXT('2D SPACE',''
  ) );
#2927 = ORIENTED_EDGE('',*,*,#2713,.T.);
#2928 = ORIENTED_EDGE('',*,*,#714,.T.);
#2929 = ADVANCED_FACE('',(#2930),#759,.F.);
#2930 = FACE_BOUND('',#2931,.T.);
#2931 = EDGE_LOOP('',(#2932,#2933,#2934,#2963));
#2932 = ORIENTED_EDGE('',*,*,#742,.T.);
#2933 = ORIENTED_EDGE('',*,*,#2879,.F.);
#2934 = ORIENTED_EDGE('',*,*,#2935,.T.);
#2935 = EDGE_CURVE('',#2880,#2936,#2938,.T.);
#2936 = VERTEX_POINT('',#2937);
#2937 = CARTESIAN_POINT('',(37.,-70.5,-12.));
#2938 = SURFACE_CURVE('',#2939,(#2944,#2951),.PCURVE_S1.);
#2939 = CIRCLE('',#2940,1.);
#2940 = AXIS2_PLACEMENT_3D('',#2941,#2942,#2943);
#2941 = CARTESIAN_POINT('',(37.,-69.5,-12.));
#2942 = DIRECTION('',(0.,0.,-1.));
#2943 = DIRECTION('',(1.,0.,0.));
#2944 = PCURVE('',#759,#2945);
#2945 = DEFINITIONAL_REPRESENTATION('',(#2946),#2950);
#2946 = LINE('',#2947,#2948);
#2947 = CARTESIAN_POINT('',(-0.,3.));
#2948 = VECTOR('',#2949,1.);
#2949 = DIRECTION('',(-1.,0.));
#2950 = ( GEOMETRIC_REPRESENTATION_CONTEXT(2) 
PARAMETRIC_REPRESENTATION_CONTEXT() REPRESENTATION_CONTEXT('2D SPACE',''
  ) );
#2951 = PCURVE('',#2952,#2957);
#2952 = SPHERICAL_SURFACE('',#2953,1.);
#2953 = AXIS2_PLACEMENT_3D('',#2954,#2955,#2956);
#2954 = CARTESIAN_POINT('',(37.,-69.5,-12.));
#2955 = DIRECTION('',(0.,0.,1.));
#2956 = DIRECTION('',(1.,0.,-0.));
#2957 = DEFINITIONAL_REPRESENTATION('',(#2958),#2962);
#2958 = LINE('',#2959,#2960);
#2959 = CARTESIAN_POINT('',(-0.,0.));
#2960 = VECTOR('',#2961,1.);
#2961 = DIRECTION('',(-1.,0.));
#2962 = ( GEOMETRIC_REPRESENTATION_CONTEXT(2) 
PARAMETRIC_REPRESENTATION_CONTEXT() REPRESENTATION_CONTEXT('2D SPACE',''
  ) );
#2963 = ORIENTED_EDGE('',*,*,#2964,.T.);
#2964 = EDGE_CURVE('',#2936,#743,#2965,.T.);
#2965 = SURFACE_CURVE('',#2966,(#2970,#2977),.PCURVE_S1.);
#2966 = LINE('',#2967,#2968);
#2967 = CARTESIAN_POINT('',(37.,-70.5,-15.));
#2968 = VECTOR('',#2969,1.);
#2969 = DIRECTION('',(0.,0.,1.));
#2970 = PCURVE('',#759,#2971);
#2971 = DEFINITIONAL_REPRESENTATION('',(#2972),#2976);
#2972 = LINE('',#2973,#2974);
#2973 = CARTESIAN_POINT('',(-1.570796326795,0.));
#2974 = VECTOR('',#2975,1.);
#2975 = DIRECTION('',(-0.,1.));
#2976 = ( GEOMETRIC_REPRESENTATION_CONTEXT(2) 
PARAMETRIC_REPRESENTATION_CONTEXT() REPRESENTATION_CONTEXT('2D SPACE',''
  ) );
#2977 = PCURVE('',#787,#2978);
#2978 = DEFINITIONAL_REPRESENTATION('',(#2979),#2983);
#2979 = LINE('',#2980,#2981);
#2980 = CARTESIAN_POINT('',(0.,77.));
#2981 = VECTOR('',#2982,1.);
#2982 = DIRECTION('',(1.,0.));
#2983 = ( GEOMETRIC_REPRESENTATION_CONTEXT(2) 
PARAMETRIC_REPRESENTATION_CONTEXT() REPRESENTATION_CONTEXT('2D SPACE',''
  ) );
#2984 = ADVANCED_FACE('',(#2985),#843,.T.);
#2985 = FACE_BOUND('',#2986,.T.);
#2986 = EDGE_LOOP('',(#2987,#3017,#3038,#3039));
#2987 = ORIENTED_EDGE('',*,*,#2988,.F.);
#2988 = EDGE_CURVE('',#2989,#2991,#2993,.T.);
#2989 = VERTEX_POINT('',#2990);
#2990 = CARTESIAN_POINT('',(-37.,-70.5,-12.));
#2991 = VERTEX_POINT('',#2992);
#2992 = CARTESIAN_POINT('',(-35.5,-70.5,-12.));
#2993 = SURFACE_CURVE('',#2994,(#2998,#3005),.PCURVE_S1.);
#2994 = LINE('',#2995,#2996);
#2995 = CARTESIAN_POINT('',(-40.,-70.5,-12.));
#2996 = VECTOR('',#2997,1.);
#2997 = DIRECTION('',(1.,0.,0.));
#2998 = PCURVE('',#843,#2999);
#2999 = DEFINITIONAL_REPRESENTATION('',(#3000),#3004);
#3000 = LINE('',#3001,#3002);
#3001 = CARTESIAN_POINT('',(3.,0.));
#3002 = VECTOR('',#3003,1.);
#3003 = DIRECTION('',(0.,1.));
#3004 = ( GEOMETRIC_REPRESENTATION_CONTEXT(2) 
PARAMETRIC_REPRESENTATION_CONTEXT() REPRESENTATION_CONTEXT('2D SPACE',''
  ) );
#3005 = PCURVE('',#3006,#3011);
#3006 = CYLINDRICAL_SURFACE('',#3007,1.);
#3007 = AXIS2_PLACEMENT_3D('',#3008,#3009,#3010);
#3008 = CARTESIAN_POINT('',(-40.,-69.5,-12.));
#3009 = DIRECTION('',(1.,0.,0.));
#3010 = DIRECTION('',(0.,-1.,0.));
#3011 = DEFINITIONAL_REPRESENTATION('',(#3012),#3016);
#3012 = LINE('',#3013,#3014);
#3013 = CARTESIAN_POINT('',(0.,0.));
#3014 = VECTOR('',#3015,1.);
#3015 = DIRECTION('',(0.,1.));
#3016 = ( GEOMETRIC_REPRESENTATION_CONTEXT(2) 
PARAMETRIC_REPRESENTATION_CONTEXT() REPRESENTATION_CONTEXT('2D SPACE',''
  ) );
#3017 = ORIENTED_EDGE('',*,*,#3018,.T.);
#3018 = EDGE_CURVE('',#2989,#828,#3019,.T.);
#3019 = SURFACE_CURVE('',#3020,(#3024,#3031),.PCURVE_S1.);
#3020 = LINE('',#3021,#3022);
#3021 = CARTESIAN_POINT('',(-37.,-70.5,-15.));
#3022 = VECTOR('',#3023,1.);
#3023 = DIRECTION('',(0.,0.,1.));
#3024 = PCURVE('',#843,#3025);
#3025 = DEFINITIONAL_REPRESENTATION('',(#3026),#3030);
#3026 = LINE('',#3027,#3028);
#3027 = CARTESIAN_POINT('',(0.,3.));
#3028 = VECTOR('',#3029,1.);
#3029 = DIRECTION('',(1.,0.));
#3030 = ( GEOMETRIC_REPRESENTATION_CONTEXT(2) 
PARAMETRIC_REPRESENTATION_CONTEXT() REPRESENTATION_CONTEXT('2D SPACE',''
  ) );
#3031 = PCURVE('',#872,#3032);
#3032 = DEFINITIONAL_REPRESENTATION('',(#3033),#3037);
#3033 = LINE('',#3034,#3035);
#3034 = CARTESIAN_POINT('',(1.570796326795,0.));
#3035 = VECTOR('',#3036,1.);
#3036 = DIRECTION('',(0.,1.));
#3037 = ( GEOMETRIC_REPRESENTATION_CONTEXT(2) 
PARAMETRIC_REPRESENTATION_CONTEXT() REPRESENTATION_CONTEXT('2D SPACE',''
  ) );
#3038 = ORIENTED_EDGE('',*,*,#827,.T.);
#3039 = ORIENTED_EDGE('',*,*,#3040,.F.);
#3040 = EDGE_CURVE('',#2991,#800,#3041,.T.);
#3041 = SURFACE_CURVE('',#3042,(#3046,#3052),.PCURVE_S1.);
#3042 = LINE('',#3043,#3044);
#3043 = CARTESIAN_POINT('',(-35.5,-70.5,-13.5));
#3044 = VECTOR('',#3045,1.);
#3045 = DIRECTION('',(0.,0.,1.));
#3046 = PCURVE('',#843,#3047);
#3047 = DEFINITIONAL_REPRESENTATION('',(#3048),#3051);
#3048 = B_SPLINE_CURVE_WITH_KNOTS('',1,(#3049,#3050),.UNSPECIFIED.,.F.,
  .F.,(2,2),(-5.999999999062E-07,24.5000006),.PIECEWISE_BEZIER_KNOTS.);
#3049 = CARTESIAN_POINT('',(1.4999994,4.5));
#3050 = CARTESIAN_POINT('',(26.0000006,4.5));
#3051 = ( GEOMETRIC_REPRESENTATION_CONTEXT(2) 
PARAMETRIC_REPRESENTATION_CONTEXT() REPRESENTATION_CONTEXT('2D SPACE',''
  ) );
#3052 = PCURVE('',#815,#3053);
#3053 = DEFINITIONAL_REPRESENTATION('',(#3054),#3057);
#3054 = B_SPLINE_CURVE_WITH_KNOTS('',1,(#3055,#3056),.UNSPECIFIED.,.F.,
  .F.,(2,2),(-5.999999999062E-07,24.5000006),.PIECEWISE_BEZIER_KNOTS.);
#3055 = CARTESIAN_POINT('',(1.4999994,4.5));
#3056 = CARTESIAN_POINT('',(26.0000006,4.5));
#3057 = ( GEOMETRIC_REPRESENTATION_CONTEXT(2) 
PARAMETRIC_REPRESENTATION_CONTEXT() REPRESENTATION_CONTEXT('2D SPACE',''
  ) );
#3058 = ADVANCED_FACE('',(#3059),#815,.T.);
#3059 = FACE_BOUND('',#3060,.T.);
#3060 = EDGE_LOOP('',(#3061,#3089,#3090,#3091));
#3061 = ORIENTED_EDGE('',*,*,#3062,.F.);
#3062 = EDGE_CURVE('',#2991,#3063,#3065,.T.);
#3063 = VERTEX_POINT('',#3064);
#3064 = CARTESIAN_POINT('',(35.5,-70.5,-12.));
#3065 = SURFACE_CURVE('',#3066,(#3070,#3077),.PCURVE_S1.);
#3066 = LINE('',#3067,#3068);
#3067 = CARTESIAN_POINT('',(-40.,-70.5,-12.));
#3068 = VECTOR('',#3069,1.);
#3069 = DIRECTION('',(1.,0.,0.));
#3070 = PCURVE('',#815,#3071);
#3071 = DEFINITIONAL_REPRESENTATION('',(#3072),#3076);
#3072 = LINE('',#3073,#3074);
#3073 = CARTESIAN_POINT('',(3.,0.));
#3074 = VECTOR('',#3075,1.);
#3075 = DIRECTION('',(0.,1.));
#3076 = ( GEOMETRIC_REPRESENTATION_CONTEXT(2) 
PARAMETRIC_REPRESENTATION_CONTEXT() REPRESENTATION_CONTEXT('2D SPACE',''
  ) );
#3077 = PCURVE('',#3078,#3083);
#3078 = CYLINDRICAL_SURFACE('',#3079,1.);
#3079 = AXIS2_PLACEMENT_3D('',#3080,#3081,#3082);
#3080 = CARTESIAN_POINT('',(-40.,-69.5,-12.));
#3081 = DIRECTION('',(1.,0.,0.));
#3082 = DIRECTION('',(0.,-1.,0.));
#3083 = DEFINITIONAL_REPRESENTATION('',(#3084),#3088);
#3084 = LINE('',#3085,#3086);
#3085 = CARTESIAN_POINT('',(0.,0.));
#3086 = VECTOR('',#3087,1.);
#3087 = DIRECTION('',(0.,1.));
#3088 = ( GEOMETRIC_REPRESENTATION_CONTEXT(2) 
PARAMETRIC_REPRESENTATION_CONTEXT() REPRESENTATION_CONTEXT('2D SPACE',''
  ) );
#3089 = ORIENTED_EDGE('',*,*,#3040,.T.);
#3090 = ORIENTED_EDGE('',*,*,#799,.T.);
#3091 = ORIENTED_EDGE('',*,*,#3092,.F.);
#3092 = EDGE_CURVE('',#3063,#772,#3093,.T.);
#3093 = SURFACE_CURVE('',#3094,(#3098,#3104),.PCURVE_S1.);
#3094 = LINE('',#3095,#3096);
#3095 = CARTESIAN_POINT('',(35.5,-70.5,-13.5));
#3096 = VECTOR('',#3097,1.);
#3097 = DIRECTION('',(0.,0.,1.));
#3098 = PCURVE('',#815,#3099);
#3099 = DEFINITIONAL_REPRESENTATION('',(#3100),#3103);
#3100 = B_SPLINE_CURVE_WITH_KNOTS('',1,(#3101,#3102),.UNSPECIFIED.,.F.,
  .F.,(2,2),(-5.999999999062E-07,24.5000006),.PIECEWISE_BEZIER_KNOTS.);
#3101 = CARTESIAN_POINT('',(1.4999994,75.5));
#3102 = CARTESIAN_POINT('',(26.0000006,75.5));
#3103 = ( GEOMETRIC_REPRESENTATION_CONTEXT(2) 
PARAMETRIC_REPRESENTATION_CONTEXT() REPRESENTATION_CONTEXT('2D SPACE',''
  ) );
#3104 = PCURVE('',#787,#3105);
#3105 = DEFINITIONAL_REPRESENTATION('',(#3106),#3109);
#3106 = B_SPLINE_CURVE_WITH_KNOTS('',1,(#3107,#3108),.UNSPECIFIED.,.F.,
  .F.,(2,2),(-5.999999999062E-07,24.5000006),.PIECEWISE_BEZIER_KNOTS.);
#3107 = CARTESIAN_POINT('',(1.4999994,75.5));
#3108 = CARTESIAN_POINT('',(26.0000006,75.5));
#3109 = ( GEOMETRIC_REPRESENTATION_CONTEXT(2) 
PARAMETRIC_REPRESENTATION_CONTEXT() REPRESENTATION_CONTEXT('2D SPACE',''
  ) );
#3110 = ADVANCED_FACE('',(#3111),#787,.T.);
#3111 = FACE_BOUND('',#3112,.T.);
#3112 = EDGE_LOOP('',(#3113,#3139,#3140,#3141));
#3113 = ORIENTED_EDGE('',*,*,#3114,.F.);
#3114 = EDGE_CURVE('',#3063,#2936,#3115,.T.);
#3115 = SURFACE_CURVE('',#3116,(#3120,#3127),.PCURVE_S1.);
#3116 = LINE('',#3117,#3118);
#3117 = CARTESIAN_POINT('',(-40.,-70.5,-12.));
#3118 = VECTOR('',#3119,1.);
#3119 = DIRECTION('',(1.,0.,0.));
#3120 = PCURVE('',#787,#3121);
#3121 = DEFINITIONAL_REPRESENTATION('',(#3122),#3126);
#3122 = LINE('',#3123,#3124);
#3123 = CARTESIAN_POINT('',(3.,0.));
#3124 = VECTOR('',#3125,1.);
#3125 = DIRECTION('',(0.,1.));
#3126 = ( GEOMETRIC_REPRESENTATION_CONTEXT(2) 
PARAMETRIC_REPRESENTATION_CONTEXT() REPRESENTATION_CONTEXT('2D SPACE',''
  ) );
#3127 = PCURVE('',#3128,#3133);
#3128 = CYLINDRICAL_SURFACE('',#3129,1.);
#3129 = AXIS2_PLACEMENT_3D('',#3130,#3131,#3132);
#3130 = CARTESIAN_POINT('',(-40.,-69.5,-12.));
#3131 = DIRECTION('',(1.,0.,0.));
#3132 = DIRECTION('',(0.,-1.,0.));
#3133 = DEFINITIONAL_REPRESENTATION('',(#3134),#3138);
#3134 = LINE('',#3135,#3136);
#3135 = CARTESIAN_POINT('',(0.,0.));
#3136 = VECTOR('',#3137,1.);
#3137 = DIRECTION('',(0.,1.));
#3138 = ( GEOMETRIC_REPRESENTATION_CONTEXT(2) 
PARAMETRIC_REPRESENTATION_CONTEXT() REPRESENTATION_CONTEXT('2D SPACE',''
  ) );
#3139 = ORIENTED_EDGE('',*,*,#3092,.T.);
#3140 = ORIENTED_EDGE('',*,*,#771,.T.);
#3141 = ORIENTED_EDGE('',*,*,#2964,.F.);
#3142 = ADVANCED_FACE('',(#3143),#872,.F.);
#3143 = FACE_BOUND('',#3144,.F.);
#3144 = EDGE_LOOP('',(#3145,#3168,#3195,#3196));
#3145 = ORIENTED_EDGE('',*,*,#3146,.F.);
#3146 = EDGE_CURVE('',#3147,#856,#3149,.T.);
#3147 = VERTEX_POINT('',#3148);
#3148 = CARTESIAN_POINT('',(-38.,-69.5,-12.));
#3149 = SURFACE_CURVE('',#3150,(#3154,#3161),.PCURVE_S1.);
#3150 = LINE('',#3151,#3152);
#3151 = CARTESIAN_POINT('',(-38.,-69.5,-15.));
#3152 = VECTOR('',#3153,1.);
#3153 = DIRECTION('',(0.,0.,1.));
#3154 = PCURVE('',#872,#3155);
#3155 = DEFINITIONAL_REPRESENTATION('',(#3156),#3160);
#3156 = LINE('',#3157,#3158);
#3157 = CARTESIAN_POINT('',(0.,0.));
#3158 = VECTOR('',#3159,1.);
#3159 = DIRECTION('',(0.,1.));
#3160 = ( GEOMETRIC_REPRESENTATION_CONTEXT(2) 
PARAMETRIC_REPRESENTATION_CONTEXT() REPRESENTATION_CONTEXT('2D SPACE',''
  ) );
#3161 = PCURVE('',#900,#3162);
#3162 = DEFINITIONAL_REPRESENTATION('',(#3163),#3167);
#3163 = LINE('',#3164,#3165);
#3164 = CARTESIAN_POINT('',(0.,-3.));
#3165 = VECTOR('',#3166,1.);
#3166 = DIRECTION('',(1.,0.));
#3167 = ( GEOMETRIC_REPRESENTATION_CONTEXT(2) 
PARAMETRIC_REPRESENTATION_CONTEXT() REPRESENTATION_CONTEXT('2D SPACE',''
  ) );
#3168 = ORIENTED_EDGE('',*,*,#3169,.T.);
#3169 = EDGE_CURVE('',#3147,#2989,#3170,.T.);
#3170 = SURFACE_CURVE('',#3171,(#3176,#3183),.PCURVE_S1.);
#3171 = CIRCLE('',#3172,1.);
#3172 = AXIS2_PLACEMENT_3D('',#3173,#3174,#3175);
#3173 = CARTESIAN_POINT('',(-37.,-69.5,-12.));
#3174 = DIRECTION('',(0.,0.,1.));
#3175 = DIRECTION('',(-1.,0.,0.));
#3176 = PCURVE('',#872,#3177);
#3177 = DEFINITIONAL_REPRESENTATION('',(#3178),#3182);
#3178 = LINE('',#3179,#3180);
#3179 = CARTESIAN_POINT('',(0.,3.));
#3180 = VECTOR('',#3181,1.);
#3181 = DIRECTION('',(1.,0.));
#3182 = ( GEOMETRIC_REPRESENTATION_CONTEXT(2) 
PARAMETRIC_REPRESENTATION_CONTEXT() REPRESENTATION_CONTEXT('2D SPACE',''
  ) );
#3183 = PCURVE('',#3184,#3189);
#3184 = SPHERICAL_SURFACE('',#3185,1.);
#3185 = AXIS2_PLACEMENT_3D('',#3186,#3187,#3188);
#3186 = CARTESIAN_POINT('',(-37.,-69.5,-12.));
#3187 = DIRECTION('',(0.,0.,1.));
#3188 = DIRECTION('',(-1.,0.,0.));
#3189 = DEFINITIONAL_REPRESENTATION('',(#3190),#3194);
#3190 = LINE('',#3191,#3192);
#3191 = CARTESIAN_POINT('',(0.,0.));
#3192 = VECTOR('',#3193,1.);
#3193 = DIRECTION('',(1.,0.));
#3194 = ( GEOMETRIC_REPRESENTATION_CONTEXT(2) 
PARAMETRIC_REPRESENTATION_CONTEXT() REPRESENTATION_CONTEXT('2D SPACE',''
  ) );
#3195 = ORIENTED_EDGE('',*,*,#3018,.T.);
#3196 = ORIENTED_EDGE('',*,*,#855,.F.);
#3197 = ADVANCED_FACE('',(#3198,#3249,#3252),#926,.T.);
#3198 = FACE_BOUND('',#3199,.T.);
#3199 = EDGE_LOOP('',(#3200,#3201,#3202,#3223));
#3200 = ORIENTED_EDGE('',*,*,#2185,.T.);
#3201 = ORIENTED_EDGE('',*,*,#912,.T.);
#3202 = ORIENTED_EDGE('',*,*,#3203,.F.);
#3203 = EDGE_CURVE('',#3204,#885,#3206,.T.);
#3204 = VERTEX_POINT('',#3205);
#3205 = CARTESIAN_POINT('',(-38.,-68.,-12.));
#3206 = SURFACE_CURVE('',#3207,(#3211,#3217),.PCURVE_S1.);
#3207 = LINE('',#3208,#3209);
#3208 = CARTESIAN_POINT('',(-38.,-68.,-13.5));
#3209 = VECTOR('',#3210,1.);
#3210 = DIRECTION('',(0.,0.,1.));
#3211 = PCURVE('',#926,#3212);
#3212 = DEFINITIONAL_REPRESENTATION('',(#3213),#3216);
#3213 = B_SPLINE_CURVE_WITH_KNOTS('',1,(#3214,#3215),.UNSPECIFIED.,.F.,
  .F.,(2,2),(-5.999999999062E-07,24.5000006),.PIECEWISE_BEZIER_KNOTS.);
#3214 = CARTESIAN_POINT('',(1.4999994,-4.5));
#3215 = CARTESIAN_POINT('',(26.0000006,-4.5));
#3216 = ( GEOMETRIC_REPRESENTATION_CONTEXT(2) 
PARAMETRIC_REPRESENTATION_CONTEXT() REPRESENTATION_CONTEXT('2D SPACE',''
  ) );
#3217 = PCURVE('',#900,#3218);
#3218 = DEFINITIONAL_REPRESENTATION('',(#3219),#3222);
#3219 = B_SPLINE_CURVE_WITH_KNOTS('',1,(#3220,#3221),.UNSPECIFIED.,.F.,
  .F.,(2,2),(-5.999999999062E-07,24.5000006),.PIECEWISE_BEZIER_KNOTS.);
#3220 = CARTESIAN_POINT('',(1.4999994,-4.5));
#3221 = CARTESIAN_POINT('',(26.0000006,-4.5));
#3222 = ( GEOMETRIC_REPRESENTATION_CONTEXT(2) 
PARAMETRIC_REPRESENTATION_CONTEXT() REPRESENTATION_CONTEXT('2D SPACE',''
  ) );
#3223 = ORIENTED_EDGE('',*,*,#3224,.T.);
#3224 = EDGE_CURVE('',#3204,#2186,#3225,.T.);
#3225 = SURFACE_CURVE('',#3226,(#3230,#3237),.PCURVE_S1.);
#3226 = LINE('',#3227,#3228);
#3227 = CARTESIAN_POINT('',(-38.,-72.5,-12.));
#3228 = VECTOR('',#3229,1.);
#3229 = DIRECTION('',(0.,1.,0.));
#3230 = PCURVE('',#926,#3231);
#3231 = DEFINITIONAL_REPRESENTATION('',(#3232),#3236);
#3232 = LINE('',#3233,#3234);
#3233 = CARTESIAN_POINT('',(3.,0.));
#3234 = VECTOR('',#3235,1.);
#3235 = DIRECTION('',(0.,-1.));
#3236 = ( GEOMETRIC_REPRESENTATION_CONTEXT(2) 
PARAMETRIC_REPRESENTATION_CONTEXT() REPRESENTATION_CONTEXT('2D SPACE',''
  ) );
#3237 = PCURVE('',#3238,#3243);
#3238 = CYLINDRICAL_SURFACE('',#3239,1.);
#3239 = AXIS2_PLACEMENT_3D('',#3240,#3241,#3242);
#3240 = CARTESIAN_POINT('',(-37.,-72.5,-12.));
#3241 = DIRECTION('',(0.,1.,0.));
#3242 = DIRECTION('',(-1.,0.,0.));
#3243 = DEFINITIONAL_REPRESENTATION('',(#3244),#3248);
#3244 = LINE('',#3245,#3246);
#3245 = CARTESIAN_POINT('',(-0.,0.));
#3246 = VECTOR('',#3247,1.);
#3247 = DIRECTION('',(-0.,1.));
#3248 = ( GEOMETRIC_REPRESENTATION_CONTEXT(2) 
PARAMETRIC_REPRESENTATION_CONTEXT() REPRESENTATION_CONTEXT('2D SPACE',''
  ) );
#3249 = FACE_BOUND('',#3250,.T.);
#3250 = EDGE_LOOP('',(#3251));
#3251 = ORIENTED_EDGE('',*,*,#991,.F.);
#3252 = FACE_BOUND('',#3253,.T.);
#3253 = EDGE_LOOP('',(#3254));
#3254 = ORIENTED_EDGE('',*,*,#1041,.F.);
#3255 = ADVANCED_FACE('',(#3256),#900,.T.);
#3256 = FACE_BOUND('',#3257,.T.);
#3257 = EDGE_LOOP('',(#3258,#3259,#3260,#3261));
#3258 = ORIENTED_EDGE('',*,*,#3203,.T.);
#3259 = ORIENTED_EDGE('',*,*,#884,.T.);
#3260 = ORIENTED_EDGE('',*,*,#3146,.F.);
#3261 = ORIENTED_EDGE('',*,*,#3262,.T.);
#3262 = EDGE_CURVE('',#3147,#3204,#3263,.T.);
#3263 = SURFACE_CURVE('',#3264,(#3268,#3275),.PCURVE_S1.);
#3264 = LINE('',#3265,#3266);
#3265 = CARTESIAN_POINT('',(-38.,-72.5,-12.));
#3266 = VECTOR('',#3267,1.);
#3267 = DIRECTION('',(0.,1.,0.));
#3268 = PCURVE('',#900,#3269);
#3269 = DEFINITIONAL_REPRESENTATION('',(#3270),#3274);
#3270 = LINE('',#3271,#3272);
#3271 = CARTESIAN_POINT('',(3.,0.));
#3272 = VECTOR('',#3273,1.);
#3273 = DIRECTION('',(0.,-1.));
#3274 = ( GEOMETRIC_REPRESENTATION_CONTEXT(2) 
PARAMETRIC_REPRESENTATION_CONTEXT() REPRESENTATION_CONTEXT('2D SPACE',''
  ) );
#3275 = PCURVE('',#3276,#3281);
#3276 = CYLINDRICAL_SURFACE('',#3277,1.);
#3277 = AXIS2_PLACEMENT_3D('',#3278,#3279,#3280);
#3278 = CARTESIAN_POINT('',(-37.,-72.5,-12.));
#3279 = DIRECTION('',(0.,1.,0.));
#3280 = DIRECTION('',(-1.,0.,0.));
#3281 = DEFINITIONAL_REPRESENTATION('',(#3282),#3286);
#3282 = LINE('',#3283,#3284);
#3283 = CARTESIAN_POINT('',(-0.,0.));
#3284 = VECTOR('',#3285,1.);
#3285 = DIRECTION('',(-0.,1.));
#3286 = ( GEOMETRIC_REPRESENTATION_CONTEXT(2) 
PARAMETRIC_REPRESENTATION_CONTEXT() REPRESENTATION_CONTEXT('2D SPACE',''
  ) );
#3287 = ADVANCED_FACE('',(#3288),#1107,.T.);
#3288 = FACE_BOUND('',#3289,.T.);
#3289 = EDGE_LOOP('',(#3290,#3291,#3292,#3312));
#3290 = ORIENTED_EDGE('',*,*,#1146,.F.);
#3291 = ORIENTED_EDGE('',*,*,#1171,.T.);
#3292 = ORIENTED_EDGE('',*,*,#3293,.T.);
#3293 = EDGE_CURVE('',#1172,#1092,#3294,.T.);
#3294 = SURFACE_CURVE('',#3295,(#3300,#3306),.PCURVE_S1.);
#3295 = CIRCLE('',#3296,3.);
#3296 = AXIS2_PLACEMENT_3D('',#3297,#3298,#3299);
#3297 = CARTESIAN_POINT('',(37.,-69.5,-12.));
#3298 = DIRECTION('',(-1.,-6.123233995737E-17,0.));
#3299 = DIRECTION('',(6.123233995737E-17,-1.,-0.));
#3300 = PCURVE('',#1107,#3301);
#3301 = DEFINITIONAL_REPRESENTATION('',(#3302),#3305);
#3302 = B_SPLINE_CURVE_WITH_KNOTS('',1,(#3303,#3304),.UNSPECIFIED.,.F.,
  .F.,(2,2),(4.712388980385,6.28318530718),.PIECEWISE_BEZIER_KNOTS.);
#3303 = CARTESIAN_POINT('',(1.570796326795,77.));
#3304 = CARTESIAN_POINT('',(0.,77.));
#3305 = ( GEOMETRIC_REPRESENTATION_CONTEXT(2) 
PARAMETRIC_REPRESENTATION_CONTEXT() REPRESENTATION_CONTEXT('2D SPACE',''
  ) );
#3306 = PCURVE('',#1619,#3307);
#3307 = DEFINITIONAL_REPRESENTATION('',(#3308),#3311);
#3308 = B_SPLINE_CURVE_WITH_KNOTS('',1,(#3309,#3310),.UNSPECIFIED.,.F.,
  .F.,(2,2),(4.712388980385,6.28318530718),.PIECEWISE_BEZIER_KNOTS.);
#3309 = CARTESIAN_POINT('',(-1.570796326795,-1.570796326795));
#3310 = CARTESIAN_POINT('',(-1.570796326795,0.));
#3311 = ( GEOMETRIC_REPRESENTATION_CONTEXT(2) 
PARAMETRIC_REPRESENTATION_CONTEXT() REPRESENTATION_CONTEXT('2D SPACE',''
  ) );
#3312 = ORIENTED_EDGE('',*,*,#1091,.F.);
#3313 = ADVANCED_FACE('',(#3314),#1236,.T.);
#3314 = FACE_BOUND('',#3315,.F.);
#3315 = EDGE_LOOP('',(#3316,#3317,#3318,#3338));
#3316 = ORIENTED_EDGE('',*,*,#1557,.F.);
#3317 = ORIENTED_EDGE('',*,*,#1222,.T.);
#3318 = ORIENTED_EDGE('',*,*,#3319,.T.);
#3319 = EDGE_CURVE('',#1195,#1824,#3320,.T.);
#3320 = SURFACE_CURVE('',#3321,(#3326,#3332),.PCURVE_S1.);
#3321 = CIRCLE('',#3322,3.);
#3322 = AXIS2_PLACEMENT_3D('',#3323,#3324,#3325);
#3323 = CARTESIAN_POINT('',(37.,69.5,-12.));
#3324 = DIRECTION('',(1.,-6.123233995737E-17,0.));
#3325 = DIRECTION('',(6.123233995737E-17,1.,0.));
#3326 = PCURVE('',#1236,#3327);
#3327 = DEFINITIONAL_REPRESENTATION('',(#3328),#3331);
#3328 = B_SPLINE_CURVE_WITH_KNOTS('',1,(#3329,#3330),.UNSPECIFIED.,.F.,
  .F.,(2,2),(4.712388980385,6.28318530718),.PIECEWISE_BEZIER_KNOTS.);
#3329 = CARTESIAN_POINT('',(-1.570796326795,77.));
#3330 = CARTESIAN_POINT('',(0.,77.));
#3331 = ( GEOMETRIC_REPRESENTATION_CONTEXT(2) 
PARAMETRIC_REPRESENTATION_CONTEXT() REPRESENTATION_CONTEXT('2D SPACE',''
  ) );
#3332 = PCURVE('',#1840,#3333);
#3333 = DEFINITIONAL_REPRESENTATION('',(#3334),#3337);
#3334 = B_SPLINE_CURVE_WITH_KNOTS('',1,(#3335,#3336),.UNSPECIFIED.,.F.,
  .F.,(2,2),(4.712388980385,6.28318530718),.PIECEWISE_BEZIER_KNOTS.);
#3335 = CARTESIAN_POINT('',(1.570796326795,-1.570796326795));
#3336 = CARTESIAN_POINT('',(1.570796326795,0.));
#3337 = ( GEOMETRIC_REPRESENTATION_CONTEXT(2) 
PARAMETRIC_REPRESENTATION_CONTEXT() REPRESENTATION_CONTEXT('2D SPACE',''
  ) );
#3338 = ORIENTED_EDGE('',*,*,#1877,.F.);
#3339 = ADVANCED_FACE('',(#3340),#1210,.T.);
#3340 = FACE_BOUND('',#3341,.T.);
#3341 = EDGE_LOOP('',(#3342,#3362,#3363,#3383));
#3342 = ORIENTED_EDGE('',*,*,#3343,.F.);
#3343 = EDGE_CURVE('',#1172,#1582,#3344,.T.);
#3344 = SURFACE_CURVE('',#3345,(#3350,#3356),.PCURVE_S1.);
#3345 = CIRCLE('',#3346,3.);
#3346 = AXIS2_PLACEMENT_3D('',#3347,#3348,#3349);
#3347 = CARTESIAN_POINT('',(37.,-69.5,-12.));
#3348 = DIRECTION('',(0.,-1.,0.));
#3349 = DIRECTION('',(1.,0.,0.));
#3350 = PCURVE('',#1210,#3351);
#3351 = DEFINITIONAL_REPRESENTATION('',(#3352),#3355);
#3352 = B_SPLINE_CURVE_WITH_KNOTS('',1,(#3353,#3354),.UNSPECIFIED.,.F.,
  .F.,(2,2),(4.712388980385,6.28318530718),.PIECEWISE_BEZIER_KNOTS.);
#3353 = CARTESIAN_POINT('',(1.570796326795,3.));
#3354 = CARTESIAN_POINT('',(0.,3.));
#3355 = ( GEOMETRIC_REPRESENTATION_CONTEXT(2) 
PARAMETRIC_REPRESENTATION_CONTEXT() REPRESENTATION_CONTEXT('2D SPACE',''
  ) );
#3356 = PCURVE('',#1619,#3357);
#3357 = DEFINITIONAL_REPRESENTATION('',(#3358),#3361);
#3358 = B_SPLINE_CURVE_WITH_KNOTS('',1,(#3359,#3360),.UNSPECIFIED.,.F.,
  .F.,(2,2),(4.712388980385,6.28318530718),.PIECEWISE_BEZIER_KNOTS.);
#3359 = CARTESIAN_POINT('',(0.,-1.570796326795));
#3360 = CARTESIAN_POINT('',(0.,0.));
#3361 = ( GEOMETRIC_REPRESENTATION_CONTEXT(2) 
PARAMETRIC_REPRESENTATION_CONTEXT() REPRESENTATION_CONTEXT('2D SPACE',''
  ) );
#3362 = ORIENTED_EDGE('',*,*,#1194,.T.);
#3363 = ORIENTED_EDGE('',*,*,#3364,.T.);
#3364 = EDGE_CURVE('',#1195,#1638,#3365,.T.);
#3365 = SURFACE_CURVE('',#3366,(#3371,#3377),.PCURVE_S1.);
#3366 = CIRCLE('',#3367,3.);
#3367 = AXIS2_PLACEMENT_3D('',#3368,#3369,#3370);
#3368 = CARTESIAN_POINT('',(37.,69.5,-12.));
#3369 = DIRECTION('',(0.,-1.,0.));
#3370 = DIRECTION('',(1.,0.,0.));
#3371 = PCURVE('',#1210,#3372);
#3372 = DEFINITIONAL_REPRESENTATION('',(#3373),#3376);
#3373 = B_SPLINE_CURVE_WITH_KNOTS('',1,(#3374,#3375),.UNSPECIFIED.,.F.,
  .F.,(2,2),(4.712388980385,6.28318530718),.PIECEWISE_BEZIER_KNOTS.);
#3374 = CARTESIAN_POINT('',(1.570796326795,142.));
#3375 = CARTESIAN_POINT('',(0.,142.));
#3376 = ( GEOMETRIC_REPRESENTATION_CONTEXT(2) 
PARAMETRIC_REPRESENTATION_CONTEXT() REPRESENTATION_CONTEXT('2D SPACE',''
  ) );
#3377 = PCURVE('',#1840,#3378);
#3378 = DEFINITIONAL_REPRESENTATION('',(#3379),#3382);
#3379 = B_SPLINE_CURVE_WITH_KNOTS('',1,(#3380,#3381),.UNSPECIFIED.,.F.,
  .F.,(2,2),(4.712388980385,6.28318530718),.PIECEWISE_BEZIER_KNOTS.);
#3380 = CARTESIAN_POINT('',(0.,-1.570796326795));
#3381 = CARTESIAN_POINT('',(0.,0.));
#3382 = ( GEOMETRIC_REPRESENTATION_CONTEXT(2) 
PARAMETRIC_REPRESENTATION_CONTEXT() REPRESENTATION_CONTEXT('2D SPACE',''
  ) );
#3383 = ORIENTED_EDGE('',*,*,#1637,.F.);
#3384 = ADVANCED_FACE('',(#3385),#1267,.F.);
#3385 = FACE_BOUND('',#3386,.F.);
#3386 = EDGE_LOOP('',(#3387,#3416,#3437,#3438));
#3387 = ORIENTED_EDGE('',*,*,#3388,.F.);
#3388 = EDGE_CURVE('',#3389,#3389,#3391,.T.);
#3389 = VERTEX_POINT('',#3390);
#3390 = CARTESIAN_POINT('',(5.,-57.,-13.));
#3391 = SURFACE_CURVE('',#3392,(#3397,#3404),.PCURVE_S1.);
#3392 = CIRCLE('',#3393,5.);
#3393 = AXIS2_PLACEMENT_3D('',#3394,#3395,#3396);
#3394 = CARTESIAN_POINT('',(0.,-57.,-13.));
#3395 = DIRECTION('',(0.,0.,1.));
#3396 = DIRECTION('',(1.,0.,-0.));
#3397 = PCURVE('',#1267,#3398);
#3398 = DEFINITIONAL_REPRESENTATION('',(#3399),#3403);
#3399 = LINE('',#3400,#3401);
#3400 = CARTESIAN_POINT('',(0.,5.));
#3401 = VECTOR('',#3402,1.);
#3402 = DIRECTION('',(1.,0.));
#3403 = ( GEOMETRIC_REPRESENTATION_CONTEXT(2) 
PARAMETRIC_REPRESENTATION_CONTEXT() REPRESENTATION_CONTEXT('2D SPACE',''
  ) );
#3404 = PCURVE('',#3405,#3410);
#3405 = PLANE('',#3406);
#3406 = AXIS2_PLACEMENT_3D('',#3407,#3408,#3409);
#3407 = CARTESIAN_POINT('',(-40.,-72.5,-13.));
#3408 = DIRECTION('',(0.,0.,1.));
#3409 = DIRECTION('',(1.,0.,0.));
#3410 = DEFINITIONAL_REPRESENTATION('',(#3411),#3415);
#3411 = CIRCLE('',#3412,5.);
#3412 = AXIS2_PLACEMENT_2D('',#3413,#3414);
#3413 = CARTESIAN_POINT('',(40.,15.5));
#3414 = DIRECTION('',(1.,0.));
#3415 = ( GEOMETRIC_REPRESENTATION_CONTEXT(2) 
PARAMETRIC_REPRESENTATION_CONTEXT() REPRESENTATION_CONTEXT('2D SPACE',''
  ) );
#3416 = ORIENTED_EDGE('',*,*,#3417,.F.);
#3417 = EDGE_CURVE('',#1251,#3389,#3418,.T.);
#3418 = SEAM_CURVE('',#3419,(#3423,#3430),.PCURVE_S1.);
#3419 = LINE('',#3420,#3421);
#3420 = CARTESIAN_POINT('',(5.,-57.,-18.));
#3421 = VECTOR('',#3422,1.);
#3422 = DIRECTION('',(0.,0.,1.));
#3423 = PCURVE('',#1267,#3424);
#3424 = DEFINITIONAL_REPRESENTATION('',(#3425),#3429);
#3425 = LINE('',#3426,#3427);
#3426 = CARTESIAN_POINT('',(6.28318530718,-0.));
#3427 = VECTOR('',#3428,1.);
#3428 = DIRECTION('',(0.,1.));
#3429 = ( GEOMETRIC_REPRESENTATION_CONTEXT(2) 
PARAMETRIC_REPRESENTATION_CONTEXT() REPRESENTATION_CONTEXT('2D SPACE',''
  ) );
#3430 = PCURVE('',#1267,#3431);
#3431 = DEFINITIONAL_REPRESENTATION('',(#3432),#3436);
#3432 = LINE('',#3433,#3434);
#3433 = CARTESIAN_POINT('',(0.,-0.));
#3434 = VECTOR('',#3435,1.);
#3435 = DIRECTION('',(0.,1.));
#3436 = ( GEOMETRIC_REPRESENTATION_CONTEXT(2) 
PARAMETRIC_REPRESENTATION_CONTEXT() REPRESENTATION_CONTEXT('2D SPACE',''
  ) );
#3437 = ORIENTED_EDGE('',*,*,#1250,.T.);
#3438 = ORIENTED_EDGE('',*,*,#3417,.T.);
#3439 = ADVANCED_FACE('',(#3440),#1298,.T.);
#3440 = FACE_BOUND('',#3441,.T.);
#3441 = EDGE_LOOP('',(#3442,#3465,#3466,#3489));
#3442 = ORIENTED_EDGE('',*,*,#3443,.F.);
#3443 = EDGE_CURVE('',#1282,#3444,#3446,.T.);
#3444 = VERTEX_POINT('',#3445);
#3445 = CARTESIAN_POINT('',(24.,-30.5,-13.));
#3446 = SURFACE_CURVE('',#3447,(#3451,#3458),.PCURVE_S1.);
#3447 = LINE('',#3448,#3449);
#3448 = CARTESIAN_POINT('',(24.,-30.5,-18.));
#3449 = VECTOR('',#3450,1.);
#3450 = DIRECTION('',(0.,0.,1.));
#3451 = PCURVE('',#1298,#3452);
#3452 = DEFINITIONAL_REPRESENTATION('',(#3453),#3457);
#3453 = LINE('',#3454,#3455);
#3454 = CARTESIAN_POINT('',(0.,33.));
#3455 = VECTOR('',#3456,1.);
#3456 = DIRECTION('',(1.,0.));
#3457 = ( GEOMETRIC_REPRESENTATION_CONTEXT(2) 
PARAMETRIC_REPRESENTATION_CONTEXT() REPRESENTATION_CONTEXT('2D SPACE',''
  ) );
#3458 = PCURVE('',#1374,#3459);
#3459 = DEFINITIONAL_REPRESENTATION('',(#3460),#3464);
#3460 = LINE('',#3461,#3462);
#3461 = CARTESIAN_POINT('',(0.,0.));
#3462 = VECTOR('',#3463,1.);
#3463 = DIRECTION('',(1.,0.));
#3464 = ( GEOMETRIC_REPRESENTATION_CONTEXT(2) 
PARAMETRIC_REPRESENTATION_CONTEXT() REPRESENTATION_CONTEXT('2D SPACE',''
  ) );
#3465 = ORIENTED_EDGE('',*,*,#1281,.T.);
#3466 = ORIENTED_EDGE('',*,*,#3467,.T.);
#3467 = EDGE_CURVE('',#1284,#3468,#3470,.T.);
#3468 = VERTEX_POINT('',#3469);
#3469 = CARTESIAN_POINT('',(-9.,-30.5,-13.));
#3470 = SURFACE_CURVE('',#3471,(#3475,#3482),.PCURVE_S1.);
#3471 = LINE('',#3472,#3473);
#3472 = CARTESIAN_POINT('',(-9.,-30.5,-18.));
#3473 = VECTOR('',#3474,1.);
#3474 = DIRECTION('',(0.,0.,1.));
#3475 = PCURVE('',#1298,#3476);
#3476 = DEFINITIONAL_REPRESENTATION('',(#3477),#3481);
#3477 = LINE('',#3478,#3479);
#3478 = CARTESIAN_POINT('',(0.,0.));
#3479 = VECTOR('',#3480,1.);
#3480 = DIRECTION('',(1.,0.));
#3481 = ( GEOMETRIC_REPRESENTATION_CONTEXT(2) 
PARAMETRIC_REPRESENTATION_CONTEXT() REPRESENTATION_CONTEXT('2D SPACE',''
  ) );
#3482 = PCURVE('',#1324,#3483);
#3483 = DEFINITIONAL_REPRESENTATION('',(#3484),#3488);
#3484 = LINE('',#3485,#3486);
#3485 = CARTESIAN_POINT('',(0.,0.));
#3486 = VECTOR('',#3487,1.);
#3487 = DIRECTION('',(1.,0.));
#3488 = ( GEOMETRIC_REPRESENTATION_CONTEXT(2) 
PARAMETRIC_REPRESENTATION_CONTEXT() REPRESENTATION_CONTEXT('2D SPACE',''
  ) );
#3489 = ORIENTED_EDGE('',*,*,#3490,.F.);
#3490 = EDGE_CURVE('',#3444,#3468,#3491,.T.);
#3491 = SURFACE_CURVE('',#3492,(#3496,#3502),.PCURVE_S1.);
#3492 = LINE('',#3493,#3494);
#3493 = CARTESIAN_POINT('',(-24.5,-30.5,-13.));
#3494 = VECTOR('',#3495,1.);
#3495 = DIRECTION('',(-1.,0.,0.));
#3496 = PCURVE('',#1298,#3497);
#3497 = DEFINITIONAL_REPRESENTATION('',(#3498),#3501);
#3498 = B_SPLINE_CURVE_WITH_KNOTS('',1,(#3499,#3500),.UNSPECIFIED.,.F.,
  .F.,(2,2),(-48.5,-15.5),.PIECEWISE_BEZIER_KNOTS.);
#3499 = CARTESIAN_POINT('',(5.,33.));
#3500 = CARTESIAN_POINT('',(5.,0.));
#3501 = ( GEOMETRIC_REPRESENTATION_CONTEXT(2) 
PARAMETRIC_REPRESENTATION_CONTEXT() REPRESENTATION_CONTEXT('2D SPACE',''
  ) );
#3502 = PCURVE('',#3405,#3503);
#3503 = DEFINITIONAL_REPRESENTATION('',(#3504),#3507);
#3504 = B_SPLINE_CURVE_WITH_KNOTS('',1,(#3505,#3506),.UNSPECIFIED.,.F.,
  .F.,(2,2),(-48.5,-15.5),.PIECEWISE_BEZIER_KNOTS.);
#3505 = CARTESIAN_POINT('',(64.,42.));
#3506 = CARTESIAN_POINT('',(31.,42.));
#3507 = ( GEOMETRIC_REPRESENTATION_CONTEXT(2) 
PARAMETRIC_REPRESENTATION_CONTEXT() REPRESENTATION_CONTEXT('2D SPACE',''
  ) );
#3508 = ADVANCED_FACE('',(#3509),#1374,.F.);
#3509 = FACE_BOUND('',#3510,.F.);
#3510 = EDGE_LOOP('',(#3511,#3512,#3513,#3536));
#3511 = ORIENTED_EDGE('',*,*,#3443,.F.);
#3512 = ORIENTED_EDGE('',*,*,#1361,.T.);
#3513 = ORIENTED_EDGE('',*,*,#3514,.T.);
#3514 = EDGE_CURVE('',#1336,#3515,#3517,.T.);
#3515 = VERTEX_POINT('',#3516);
#3516 = CARTESIAN_POINT('',(24.,-11.5,-13.));
#3517 = SURFACE_CURVE('',#3518,(#3522,#3529),.PCURVE_S1.);
#3518 = LINE('',#3519,#3520);
#3519 = CARTESIAN_POINT('',(24.,-11.5,-18.));
#3520 = VECTOR('',#3521,1.);
#3521 = DIRECTION('',(0.,0.,1.));
#3522 = PCURVE('',#1374,#3523);
#3523 = DEFINITIONAL_REPRESENTATION('',(#3524),#3528);
#3524 = LINE('',#3525,#3526);
#3525 = CARTESIAN_POINT('',(0.,-19.));
#3526 = VECTOR('',#3527,1.);
#3527 = DIRECTION('',(1.,0.));
#3528 = ( GEOMETRIC_REPRESENTATION_CONTEXT(2) 
PARAMETRIC_REPRESENTATION_CONTEXT() REPRESENTATION_CONTEXT('2D SPACE',''
  ) );
#3529 = PCURVE('',#1350,#3530);
#3530 = DEFINITIONAL_REPRESENTATION('',(#3531),#3535);
#3531 = LINE('',#3532,#3533);
#3532 = CARTESIAN_POINT('',(0.,33.));
#3533 = VECTOR('',#3534,1.);
#3534 = DIRECTION('',(1.,0.));
#3535 = ( GEOMETRIC_REPRESENTATION_CONTEXT(2) 
PARAMETRIC_REPRESENTATION_CONTEXT() REPRESENTATION_CONTEXT('2D SPACE',''
  ) );
#3536 = ORIENTED_EDGE('',*,*,#3537,.F.);
#3537 = EDGE_CURVE('',#3444,#3515,#3538,.T.);
#3538 = SURFACE_CURVE('',#3539,(#3543,#3549),.PCURVE_S1.);
#3539 = LINE('',#3540,#3541);
#3540 = CARTESIAN_POINT('',(24.,-51.5,-13.));
#3541 = VECTOR('',#3542,1.);
#3542 = DIRECTION('',(0.,1.,0.));
#3543 = PCURVE('',#1374,#3544);
#3544 = DEFINITIONAL_REPRESENTATION('',(#3545),#3548);
#3545 = B_SPLINE_CURVE_WITH_KNOTS('',1,(#3546,#3547),.UNSPECIFIED.,.F.,
  .F.,(2,2),(21.,40.),.PIECEWISE_BEZIER_KNOTS.);
#3546 = CARTESIAN_POINT('',(5.,0.));
#3547 = CARTESIAN_POINT('',(5.,-19.));
#3548 = ( GEOMETRIC_REPRESENTATION_CONTEXT(2) 
PARAMETRIC_REPRESENTATION_CONTEXT() REPRESENTATION_CONTEXT('2D SPACE',''
  ) );
#3549 = PCURVE('',#3405,#3550);
#3550 = DEFINITIONAL_REPRESENTATION('',(#3551),#3554);
#3551 = B_SPLINE_CURVE_WITH_KNOTS('',1,(#3552,#3553),.UNSPECIFIED.,.F.,
  .F.,(2,2),(21.,40.),.PIECEWISE_BEZIER_KNOTS.);
#3552 = CARTESIAN_POINT('',(64.,42.));
#3553 = CARTESIAN_POINT('',(64.,61.));
#3554 = ( GEOMETRIC_REPRESENTATION_CONTEXT(2) 
PARAMETRIC_REPRESENTATION_CONTEXT() REPRESENTATION_CONTEXT('2D SPACE',''
  ) );
#3555 = ADVANCED_FACE('',(#3556),#1324,.T.);
#3556 = FACE_BOUND('',#3557,.T.);
#3557 = EDGE_LOOP('',(#3558,#3559,#3560,#3583));
#3558 = ORIENTED_EDGE('',*,*,#3467,.F.);
#3559 = ORIENTED_EDGE('',*,*,#1309,.T.);
#3560 = ORIENTED_EDGE('',*,*,#3561,.T.);
#3561 = EDGE_CURVE('',#1310,#3562,#3564,.T.);
#3562 = VERTEX_POINT('',#3563);
#3563 = CARTESIAN_POINT('',(-9.,-11.5,-13.));
#3564 = SURFACE_CURVE('',#3565,(#3569,#3576),.PCURVE_S1.);
#3565 = LINE('',#3566,#3567);
#3566 = CARTESIAN_POINT('',(-9.,-11.5,-18.));
#3567 = VECTOR('',#3568,1.);
#3568 = DIRECTION('',(0.,0.,1.));
#3569 = PCURVE('',#1324,#3570);
#3570 = DEFINITIONAL_REPRESENTATION('',(#3571),#3575);
#3571 = LINE('',#3572,#3573);
#3572 = CARTESIAN_POINT('',(0.,-19.));
#3573 = VECTOR('',#3574,1.);
#3574 = DIRECTION('',(1.,0.));
#3575 = ( GEOMETRIC_REPRESENTATION_CONTEXT(2) 
PARAMETRIC_REPRESENTATION_CONTEXT() REPRESENTATION_CONTEXT('2D SPACE',''
  ) );
#3576 = PCURVE('',#1350,#3577);
#3577 = DEFINITIONAL_REPRESENTATION('',(#3578),#3582);
#3578 = LINE('',#3579,#3580);
#3579 = CARTESIAN_POINT('',(0.,0.));
#3580 = VECTOR('',#3581,1.);
#3581 = DIRECTION('',(1.,0.));
#3582 = ( GEOMETRIC_REPRESENTATION_CONTEXT(2) 
PARAMETRIC_REPRESENTATION_CONTEXT() REPRESENTATION_CONTEXT('2D SPACE',''
  ) );
#3583 = ORIENTED_EDGE('',*,*,#3584,.F.);
#3584 = EDGE_CURVE('',#3468,#3562,#3585,.T.);
#3585 = SURFACE_CURVE('',#3586,(#3590,#3596),.PCURVE_S1.);
#3586 = LINE('',#3587,#3588);
#3587 = CARTESIAN_POINT('',(-9.,-51.5,-13.));
#3588 = VECTOR('',#3589,1.);
#3589 = DIRECTION('',(0.,1.,0.));
#3590 = PCURVE('',#1324,#3591);
#3591 = DEFINITIONAL_REPRESENTATION('',(#3592),#3595);
#3592 = B_SPLINE_CURVE_WITH_KNOTS('',1,(#3593,#3594),.UNSPECIFIED.,.F.,
  .F.,(2,2),(21.,40.),.PIECEWISE_BEZIER_KNOTS.);
#3593 = CARTESIAN_POINT('',(5.,0.));
#3594 = CARTESIAN_POINT('',(5.,-19.));
#3595 = ( GEOMETRIC_REPRESENTATION_CONTEXT(2) 
PARAMETRIC_REPRESENTATION_CONTEXT() REPRESENTATION_CONTEXT('2D SPACE',''
  ) );
#3596 = PCURVE('',#3405,#3597);
#3597 = DEFINITIONAL_REPRESENTATION('',(#3598),#3601);
#3598 = B_SPLINE_CURVE_WITH_KNOTS('',1,(#3599,#3600),.UNSPECIFIED.,.F.,
  .F.,(2,2),(21.,40.),.PIECEWISE_BEZIER_KNOTS.);
#3599 = CARTESIAN_POINT('',(31.,42.));
#3600 = CARTESIAN_POINT('',(31.,61.));
#3601 = ( GEOMETRIC_REPRESENTATION_CONTEXT(2) 
PARAMETRIC_REPRESENTATION_CONTEXT() REPRESENTATION_CONTEXT('2D SPACE',''
  ) );
#3602 = ADVANCED_FACE('',(#3603),#1350,.F.);
#3603 = FACE_BOUND('',#3604,.F.);
#3604 = EDGE_LOOP('',(#3605,#3606,#3607,#3608));
#3605 = ORIENTED_EDGE('',*,*,#3514,.F.);
#3606 = ORIENTED_EDGE('',*,*,#1335,.T.);
#3607 = ORIENTED_EDGE('',*,*,#3561,.T.);
#3608 = ORIENTED_EDGE('',*,*,#3609,.F.);
#3609 = EDGE_CURVE('',#3515,#3562,#3610,.T.);
#3610 = SURFACE_CURVE('',#3611,(#3615,#3621),.PCURVE_S1.);
#3611 = LINE('',#3612,#3613);
#3612 = CARTESIAN_POINT('',(-24.5,-11.5,-13.));
#3613 = VECTOR('',#3614,1.);
#3614 = DIRECTION('',(-1.,0.,0.));
#3615 = PCURVE('',#1350,#3616);
#3616 = DEFINITIONAL_REPRESENTATION('',(#3617),#3620);
#3617 = B_SPLINE_CURVE_WITH_KNOTS('',1,(#3618,#3619),.UNSPECIFIED.,.F.,
  .F.,(2,2),(-48.5,-15.5),.PIECEWISE_BEZIER_KNOTS.);
#3618 = CARTESIAN_POINT('',(5.,33.));
#3619 = CARTESIAN_POINT('',(5.,0.));
#3620 = ( GEOMETRIC_REPRESENTATION_CONTEXT(2) 
PARAMETRIC_REPRESENTATION_CONTEXT() REPRESENTATION_CONTEXT('2D SPACE',''
  ) );
#3621 = PCURVE('',#3405,#3622);
#3622 = DEFINITIONAL_REPRESENTATION('',(#3623),#3626);
#3623 = B_SPLINE_CURVE_WITH_KNOTS('',1,(#3624,#3625),.UNSPECIFIED.,.F.,
  .F.,(2,2),(-48.5,-15.5),.PIECEWISE_BEZIER_KNOTS.);
#3624 = CARTESIAN_POINT('',(64.,61.));
#3625 = CARTESIAN_POINT('',(31.,61.));
#3626 = ( GEOMETRIC_REPRESENTATION_CONTEXT(2) 
PARAMETRIC_REPRESENTATION_CONTEXT() REPRESENTATION_CONTEXT('2D SPACE',''
  ) );
#3627 = ADVANCED_FACE('',(#3628),#1404,.F.);
#3628 = FACE_BOUND('',#3629,.F.);
#3629 = EDGE_LOOP('',(#3630,#3654,#3675,#3676));
#3630 = ORIENTED_EDGE('',*,*,#3631,.F.);
#3631 = EDGE_CURVE('',#3632,#3632,#3634,.T.);
#3632 = VERTEX_POINT('',#3633);
#3633 = CARTESIAN_POINT('',(-4.1,24.,-13.));
#3634 = SURFACE_CURVE('',#3635,(#3640,#3647),.PCURVE_S1.);
#3635 = CIRCLE('',#3636,0.9);
#3636 = AXIS2_PLACEMENT_3D('',#3637,#3638,#3639);
#3637 = CARTESIAN_POINT('',(-5.,24.,-13.));
#3638 = DIRECTION('',(0.,0.,1.));
#3639 = DIRECTION('',(1.,0.,-0.));
#3640 = PCURVE('',#1404,#3641);
#3641 = DEFINITIONAL_REPRESENTATION('',(#3642),#3646);
#3642 = LINE('',#3643,#3644);
#3643 = CARTESIAN_POINT('',(0.,5.));
#3644 = VECTOR('',#3645,1.);
#3645 = DIRECTION('',(1.,0.));
#3646 = ( GEOMETRIC_REPRESENTATION_CONTEXT(2) 
PARAMETRIC_REPRESENTATION_CONTEXT() REPRESENTATION_CONTEXT('2D SPACE',''
  ) );
#3647 = PCURVE('',#3405,#3648);
#3648 = DEFINITIONAL_REPRESENTATION('',(#3649),#3653);
#3649 = CIRCLE('',#3650,0.9);
#3650 = AXIS2_PLACEMENT_2D('',#3651,#3652);
#3651 = CARTESIAN_POINT('',(35.,96.5));
#3652 = DIRECTION('',(1.,0.));
#3653 = ( GEOMETRIC_REPRESENTATION_CONTEXT(2) 
PARAMETRIC_REPRESENTATION_CONTEXT() REPRESENTATION_CONTEXT('2D SPACE',''
  ) );
#3654 = ORIENTED_EDGE('',*,*,#3655,.F.);
#3655 = EDGE_CURVE('',#1388,#3632,#3656,.T.);
#3656 = SEAM_CURVE('',#3657,(#3661,#3668),.PCURVE_S1.);
#3657 = LINE('',#3658,#3659);
#3658 = CARTESIAN_POINT('',(-4.1,24.,-18.));
#3659 = VECTOR('',#3660,1.);
#3660 = DIRECTION('',(0.,0.,1.));
#3661 = PCURVE('',#1404,#3662);
#3662 = DEFINITIONAL_REPRESENTATION('',(#3663),#3667);
#3663 = LINE('',#3664,#3665);
#3664 = CARTESIAN_POINT('',(6.28318530718,-0.));
#3665 = VECTOR('',#3666,1.);
#3666 = DIRECTION('',(0.,1.));
#3667 = ( GEOMETRIC_REPRESENTATION_CONTEXT(2) 
PARAMETRIC_REPRESENTATION_CONTEXT() REPRESENTATION_CONTEXT('2D SPACE',''
  ) );
#3668 = PCURVE('',#1404,#3669);
#3669 = DEFINITIONAL_REPRESENTATION('',(#3670),#3674);
#3670 = LINE('',#3671,#3672);
#3671 = CARTESIAN_POINT('',(0.,-0.));
#3672 = VECTOR('',#3673,1.);
#3673 = DIRECTION('',(0.,1.));
#3674 = ( GEOMETRIC_REPRESENTATION_CONTEXT(2) 
PARAMETRIC_REPRESENTATION_CONTEXT() REPRESENTATION_CONTEXT('2D SPACE',''
  ) );
#3675 = ORIENTED_EDGE('',*,*,#1387,.T.);
#3676 = ORIENTED_EDGE('',*,*,#3655,.T.);
#3677 = ADVANCED_FACE('',(#3678),#1435,.T.);
#3678 = FACE_BOUND('',#3679,.T.);
#3679 = EDGE_LOOP('',(#3680,#3703,#3704,#3727));
#3680 = ORIENTED_EDGE('',*,*,#3681,.F.);
#3681 = EDGE_CURVE('',#1419,#3682,#3684,.T.);
#3682 = VERTEX_POINT('',#3683);
#3683 = CARTESIAN_POINT('',(28.,7.5,-13.));
#3684 = SURFACE_CURVE('',#3685,(#3689,#3696),.PCURVE_S1.);
#3685 = LINE('',#3686,#3687);
#3686 = CARTESIAN_POINT('',(28.,7.5,-18.));
#3687 = VECTOR('',#3688,1.);
#3688 = DIRECTION('',(0.,0.,1.));
#3689 = PCURVE('',#1435,#3690);
#3690 = DEFINITIONAL_REPRESENTATION('',(#3691),#3695);
#3691 = LINE('',#3692,#3693);
#3692 = CARTESIAN_POINT('',(0.,30.));
#3693 = VECTOR('',#3694,1.);
#3694 = DIRECTION('',(1.,0.));
#3695 = ( GEOMETRIC_REPRESENTATION_CONTEXT(2) 
PARAMETRIC_REPRESENTATION_CONTEXT() REPRESENTATION_CONTEXT('2D SPACE',''
  ) );
#3696 = PCURVE('',#1511,#3697);
#3697 = DEFINITIONAL_REPRESENTATION('',(#3698),#3702);
#3698 = LINE('',#3699,#3700);
#3699 = CARTESIAN_POINT('',(0.,0.));
#3700 = VECTOR('',#3701,1.);
#3701 = DIRECTION('',(1.,0.));
#3702 = ( GEOMETRIC_REPRESENTATION_CONTEXT(2) 
PARAMETRIC_REPRESENTATION_CONTEXT() REPRESENTATION_CONTEXT('2D SPACE',''
  ) );
#3703 = ORIENTED_EDGE('',*,*,#1418,.T.);
#3704 = ORIENTED_EDGE('',*,*,#3705,.T.);
#3705 = EDGE_CURVE('',#1421,#3706,#3708,.T.);
#3706 = VERTEX_POINT('',#3707);
#3707 = CARTESIAN_POINT('',(-2.,7.5,-13.));
#3708 = SURFACE_CURVE('',#3709,(#3713,#3720),.PCURVE_S1.);
#3709 = LINE('',#3710,#3711);
#3710 = CARTESIAN_POINT('',(-2.,7.5,-18.));
#3711 = VECTOR('',#3712,1.);
#3712 = DIRECTION('',(0.,0.,1.));
#3713 = PCURVE('',#1435,#3714);
#3714 = DEFINITIONAL_REPRESENTATION('',(#3715),#3719);
#3715 = LINE('',#3716,#3717);
#3716 = CARTESIAN_POINT('',(0.,0.));
#3717 = VECTOR('',#3718,1.);
#3718 = DIRECTION('',(1.,0.));
#3719 = ( GEOMETRIC_REPRESENTATION_CONTEXT(2) 
PARAMETRIC_REPRESENTATION_CONTEXT() REPRESENTATION_CONTEXT('2D SPACE',''
  ) );
#3720 = PCURVE('',#1461,#3721);
#3721 = DEFINITIONAL_REPRESENTATION('',(#3722),#3726);
#3722 = LINE('',#3723,#3724);
#3723 = CARTESIAN_POINT('',(0.,0.));
#3724 = VECTOR('',#3725,1.);
#3725 = DIRECTION('',(1.,0.));
#3726 = ( GEOMETRIC_REPRESENTATION_CONTEXT(2) 
PARAMETRIC_REPRESENTATION_CONTEXT() REPRESENTATION_CONTEXT('2D SPACE',''
  ) );
#3727 = ORIENTED_EDGE('',*,*,#3728,.F.);
#3728 = EDGE_CURVE('',#3682,#3706,#3729,.T.);
#3729 = SURFACE_CURVE('',#3730,(#3734,#3740),.PCURVE_S1.);
#3730 = LINE('',#3731,#3732);
#3731 = CARTESIAN_POINT('',(-21.,7.5,-13.));
#3732 = VECTOR('',#3733,1.);
#3733 = DIRECTION('',(-1.,0.,0.));
#3734 = PCURVE('',#1435,#3735);
#3735 = DEFINITIONAL_REPRESENTATION('',(#3736),#3739);
#3736 = B_SPLINE_CURVE_WITH_KNOTS('',1,(#3737,#3738),.UNSPECIFIED.,.F.,
  .F.,(2,2),(-49.,-19.),.PIECEWISE_BEZIER_KNOTS.);
#3737 = CARTESIAN_POINT('',(5.,30.));
#3738 = CARTESIAN_POINT('',(5.,0.));
#3739 = ( GEOMETRIC_REPRESENTATION_CONTEXT(2) 
PARAMETRIC_REPRESENTATION_CONTEXT() REPRESENTATION_CONTEXT('2D SPACE',''
  ) );
#3740 = PCURVE('',#3405,#3741);
#3741 = DEFINITIONAL_REPRESENTATION('',(#3742),#3745);
#3742 = B_SPLINE_CURVE_WITH_KNOTS('',1,(#3743,#3744),.UNSPECIFIED.,.F.,
  .F.,(2,2),(-49.,-19.),.PIECEWISE_BEZIER_KNOTS.);
#3743 = CARTESIAN_POINT('',(68.,80.));
#3744 = CARTESIAN_POINT('',(38.,80.));
#3745 = ( GEOMETRIC_REPRESENTATION_CONTEXT(2) 
PARAMETRIC_REPRESENTATION_CONTEXT() REPRESENTATION_CONTEXT('2D SPACE',''
  ) );
#3746 = ADVANCED_FACE('',(#3747),#1511,.F.);
#3747 = FACE_BOUND('',#3748,.F.);
#3748 = EDGE_LOOP('',(#3749,#3750,#3751,#3774));
#3749 = ORIENTED_EDGE('',*,*,#3681,.F.);
#3750 = ORIENTED_EDGE('',*,*,#1498,.T.);
#3751 = ORIENTED_EDGE('',*,*,#3752,.T.);
#3752 = EDGE_CURVE('',#1473,#3753,#3755,.T.);
#3753 = VERTEX_POINT('',#3754);
#3754 = CARTESIAN_POINT('',(28.,40.5,-13.));
#3755 = SURFACE_CURVE('',#3756,(#3760,#3767),.PCURVE_S1.);
#3756 = LINE('',#3757,#3758);
#3757 = CARTESIAN_POINT('',(28.,40.5,-18.));
#3758 = VECTOR('',#3759,1.);
#3759 = DIRECTION('',(0.,0.,1.));
#3760 = PCURVE('',#1511,#3761);
#3761 = DEFINITIONAL_REPRESENTATION('',(#3762),#3766);
#3762 = LINE('',#3763,#3764);
#3763 = CARTESIAN_POINT('',(0.,-33.));
#3764 = VECTOR('',#3765,1.);
#3765 = DIRECTION('',(1.,0.));
#3766 = ( GEOMETRIC_REPRESENTATION_CONTEXT(2) 
PARAMETRIC_REPRESENTATION_CONTEXT() REPRESENTATION_CONTEXT('2D SPACE',''
  ) );
#3767 = PCURVE('',#1487,#3768);
#3768 = DEFINITIONAL_REPRESENTATION('',(#3769),#3773);
#3769 = LINE('',#3770,#3771);
#3770 = CARTESIAN_POINT('',(0.,30.));
#3771 = VECTOR('',#3772,1.);
#3772 = DIRECTION('',(1.,0.));
#3773 = ( GEOMETRIC_REPRESENTATION_CONTEXT(2) 
PARAMETRIC_REPRESENTATION_CONTEXT() REPRESENTATION_CONTEXT('2D SPACE',''
  ) );
#3774 = ORIENTED_EDGE('',*,*,#3775,.F.);
#3775 = EDGE_CURVE('',#3682,#3753,#3776,.T.);
#3776 = SURFACE_CURVE('',#3777,(#3781,#3787),.PCURVE_S1.);
#3777 = LINE('',#3778,#3779);
#3778 = CARTESIAN_POINT('',(28.,-32.5,-13.));
#3779 = VECTOR('',#3780,1.);
#3780 = DIRECTION('',(0.,1.,0.));
#3781 = PCURVE('',#1511,#3782);
#3782 = DEFINITIONAL_REPRESENTATION('',(#3783),#3786);
#3783 = B_SPLINE_CURVE_WITH_KNOTS('',1,(#3784,#3785),.UNSPECIFIED.,.F.,
  .F.,(2,2),(40.,73.),.PIECEWISE_BEZIER_KNOTS.);
#3784 = CARTESIAN_POINT('',(5.,0.));
#3785 = CARTESIAN_POINT('',(5.,-33.));
#3786 = ( GEOMETRIC_REPRESENTATION_CONTEXT(2) 
PARAMETRIC_REPRESENTATION_CONTEXT() REPRESENTATION_CONTEXT('2D SPACE',''
  ) );
#3787 = PCURVE('',#3405,#3788);
#3788 = DEFINITIONAL_REPRESENTATION('',(#3789),#3792);
#3789 = B_SPLINE_CURVE_WITH_KNOTS('',1,(#3790,#3791),.UNSPECIFIED.,.F.,
  .F.,(2,2),(40.,73.),.PIECEWISE_BEZIER_KNOTS.);
#3790 = CARTESIAN_POINT('',(68.,80.));
#3791 = CARTESIAN_POINT('',(68.,113.));
#3792 = ( GEOMETRIC_REPRESENTATION_CONTEXT(2) 
PARAMETRIC_REPRESENTATION_CONTEXT() REPRESENTATION_CONTEXT('2D SPACE',''
  ) );
#3793 = ADVANCED_FACE('',(#3794),#1461,.T.);
#3794 = FACE_BOUND('',#3795,.T.);
#3795 = EDGE_LOOP('',(#3796,#3797,#3798,#3821));
#3796 = ORIENTED_EDGE('',*,*,#3705,.F.);
#3797 = ORIENTED_EDGE('',*,*,#1446,.T.);
#3798 = ORIENTED_EDGE('',*,*,#3799,.T.);
#3799 = EDGE_CURVE('',#1447,#3800,#3802,.T.);
#3800 = VERTEX_POINT('',#3801);
#3801 = CARTESIAN_POINT('',(-2.,40.5,-13.));
#3802 = SURFACE_CURVE('',#3803,(#3807,#3814),.PCURVE_S1.);
#3803 = LINE('',#3804,#3805);
#3804 = CARTESIAN_POINT('',(-2.,40.5,-18.));
#3805 = VECTOR('',#3806,1.);
#3806 = DIRECTION('',(0.,0.,1.));
#3807 = PCURVE('',#1461,#3808);
#3808 = DEFINITIONAL_REPRESENTATION('',(#3809),#3813);
#3809 = LINE('',#3810,#3811);
#3810 = CARTESIAN_POINT('',(0.,-33.));
#3811 = VECTOR('',#3812,1.);
#3812 = DIRECTION('',(1.,0.));
#3813 = ( GEOMETRIC_REPRESENTATION_CONTEXT(2) 
PARAMETRIC_REPRESENTATION_CONTEXT() REPRESENTATION_CONTEXT('2D SPACE',''
  ) );
#3814 = PCURVE('',#1487,#3815);
#3815 = DEFINITIONAL_REPRESENTATION('',(#3816),#3820);
#3816 = LINE('',#3817,#3818);
#3817 = CARTESIAN_POINT('',(0.,0.));
#3818 = VECTOR('',#3819,1.);
#3819 = DIRECTION('',(1.,0.));
#3820 = ( GEOMETRIC_REPRESENTATION_CONTEXT(2) 
PARAMETRIC_REPRESENTATION_CONTEXT() REPRESENTATION_CONTEXT('2D SPACE',''
  ) );
#3821 = ORIENTED_EDGE('',*,*,#3822,.F.);
#3822 = EDGE_CURVE('',#3706,#3800,#3823,.T.);
#3823 = SURFACE_CURVE('',#3824,(#3828,#3834),.PCURVE_S1.);
#3824 = LINE('',#3825,#3826);
#3825 = CARTESIAN_POINT('',(-2.,-32.5,-13.));
#3826 = VECTOR('',#3827,1.);
#3827 = DIRECTION('',(0.,1.,0.));
#3828 = PCURVE('',#1461,#3829);
#3829 = DEFINITIONAL_REPRESENTATION('',(#3830),#3833);
#3830 = B_SPLINE_CURVE_WITH_KNOTS('',1,(#3831,#3832),.UNSPECIFIED.,.F.,
  .F.,(2,2),(40.,73.),.PIECEWISE_BEZIER_KNOTS.);
#3831 = CARTESIAN_POINT('',(5.,0.));
#3832 = CARTESIAN_POINT('',(5.,-33.));
#3833 = ( GEOMETRIC_REPRESENTATION_CONTEXT(2) 
PARAMETRIC_REPRESENTATION_CONTEXT() REPRESENTATION_CONTEXT('2D SPACE',''
  ) );
#3834 = PCURVE('',#3405,#3835);
#3835 = DEFINITIONAL_REPRESENTATION('',(#3836),#3839);
#3836 = B_SPLINE_CURVE_WITH_KNOTS('',1,(#3837,#3838),.UNSPECIFIED.,.F.,
  .F.,(2,2),(40.,73.),.PIECEWISE_BEZIER_KNOTS.);
#3837 = CARTESIAN_POINT('',(38.,80.));
#3838 = CARTESIAN_POINT('',(38.,113.));
#3839 = ( GEOMETRIC_REPRESENTATION_CONTEXT(2) 
PARAMETRIC_REPRESENTATION_CONTEXT() REPRESENTATION_CONTEXT('2D SPACE',''
  ) );
#3840 = ADVANCED_FACE('',(#3841),#1487,.F.);
#3841 = FACE_BOUND('',#3842,.F.);
#3842 = EDGE_LOOP('',(#3843,#3844,#3845,#3846));
#3843 = ORIENTED_EDGE('',*,*,#3752,.F.);
#3844 = ORIENTED_EDGE('',*,*,#1472,.T.);
#3845 = ORIENTED_EDGE('',*,*,#3799,.T.);
#3846 = ORIENTED_EDGE('',*,*,#3847,.F.);
#3847 = EDGE_CURVE('',#3753,#3800,#3848,.T.);
#3848 = SURFACE_CURVE('',#3849,(#3853,#3859),.PCURVE_S1.);
#3849 = LINE('',#3850,#3851);
#3850 = CARTESIAN_POINT('',(-21.,40.5,-13.));
#3851 = VECTOR('',#3852,1.);
#3852 = DIRECTION('',(-1.,0.,0.));
#3853 = PCURVE('',#1487,#3854);
#3854 = DEFINITIONAL_REPRESENTATION('',(#3855),#3858);
#3855 = B_SPLINE_CURVE_WITH_KNOTS('',1,(#3856,#3857),.UNSPECIFIED.,.F.,
  .F.,(2,2),(-49.,-19.),.PIECEWISE_BEZIER_KNOTS.);
#3856 = CARTESIAN_POINT('',(5.,30.));
#3857 = CARTESIAN_POINT('',(5.,0.));
#3858 = ( GEOMETRIC_REPRESENTATION_CONTEXT(2) 
PARAMETRIC_REPRESENTATION_CONTEXT() REPRESENTATION_CONTEXT('2D SPACE',''
  ) );
#3859 = PCURVE('',#3405,#3860);
#3860 = DEFINITIONAL_REPRESENTATION('',(#3861),#3864);
#3861 = B_SPLINE_CURVE_WITH_KNOTS('',1,(#3862,#3863),.UNSPECIFIED.,.F.,
  .F.,(2,2),(-49.,-19.),.PIECEWISE_BEZIER_KNOTS.);
#3862 = CARTESIAN_POINT('',(68.,113.));
#3863 = CARTESIAN_POINT('',(38.,113.));
#3864 = ( GEOMETRIC_REPRESENTATION_CONTEXT(2) 
PARAMETRIC_REPRESENTATION_CONTEXT() REPRESENTATION_CONTEXT('2D SPACE',''
  ) );
#3865 = ADVANCED_FACE('',(#3866),#1541,.F.);
#3866 = FACE_BOUND('',#3867,.F.);
#3867 = EDGE_LOOP('',(#3868,#3892,#3913,#3914));
#3868 = ORIENTED_EDGE('',*,*,#3869,.F.);
#3869 = EDGE_CURVE('',#3870,#3870,#3872,.T.);
#3870 = VERTEX_POINT('',#3871);
#3871 = CARTESIAN_POINT('',(31.9,24.,-13.));
#3872 = SURFACE_CURVE('',#3873,(#3878,#3885),.PCURVE_S1.);
#3873 = CIRCLE('',#3874,0.9);
#3874 = AXIS2_PLACEMENT_3D('',#3875,#3876,#3877);
#3875 = CARTESIAN_POINT('',(31.,24.,-13.));
#3876 = DIRECTION('',(0.,0.,1.));
#3877 = DIRECTION('',(1.,0.,-0.));
#3878 = PCURVE('',#1541,#3879);
#3879 = DEFINITIONAL_REPRESENTATION('',(#3880),#3884);
#3880 = LINE('',#3881,#3882);
#3881 = CARTESIAN_POINT('',(0.,5.));
#3882 = VECTOR('',#3883,1.);
#3883 = DIRECTION('',(1.,0.));
#3884 = ( GEOMETRIC_REPRESENTATION_CONTEXT(2) 
PARAMETRIC_REPRESENTATION_CONTEXT() REPRESENTATION_CONTEXT('2D SPACE',''
  ) );
#3885 = PCURVE('',#3405,#3886);
#3886 = DEFINITIONAL_REPRESENTATION('',(#3887),#3891);
#3887 = CIRCLE('',#3888,0.9);
#3888 = AXIS2_PLACEMENT_2D('',#3889,#3890);
#3889 = CARTESIAN_POINT('',(71.,96.5));
#3890 = DIRECTION('',(1.,0.));
#3891 = ( GEOMETRIC_REPRESENTATION_CONTEXT(2) 
PARAMETRIC_REPRESENTATION_CONTEXT() REPRESENTATION_CONTEXT('2D SPACE',''
  ) );
#3892 = ORIENTED_EDGE('',*,*,#3893,.F.);
#3893 = EDGE_CURVE('',#1525,#3870,#3894,.T.);
#3894 = SEAM_CURVE('',#3895,(#3899,#3906),.PCURVE_S1.);
#3895 = LINE('',#3896,#3897);
#3896 = CARTESIAN_POINT('',(31.9,24.,-18.));
#3897 = VECTOR('',#3898,1.);
#3898 = DIRECTION('',(0.,0.,1.));
#3899 = PCURVE('',#1541,#3900);
#3900 = DEFINITIONAL_REPRESENTATION('',(#3901),#3905);
#3901 = LINE('',#3902,#3903);
#3902 = CARTESIAN_POINT('',(6.28318530718,-0.));
#3903 = VECTOR('',#3904,1.);
#3904 = DIRECTION('',(0.,1.));
#3905 = ( GEOMETRIC_REPRESENTATION_CONTEXT(2) 
PARAMETRIC_REPRESENTATION_CONTEXT() REPRESENTATION_CONTEXT('2D SPACE',''
  ) );
#3906 = PCURVE('',#1541,#3907);
#3907 = DEFINITIONAL_REPRESENTATION('',(#3908),#3912);
#3908 = LINE('',#3909,#3910);
#3909 = CARTESIAN_POINT('',(0.,-0.));
#3910 = VECTOR('',#3911,1.);
#3911 = DIRECTION('',(0.,1.));
#3912 = ( GEOMETRIC_REPRESENTATION_CONTEXT(2) 
PARAMETRIC_REPRESENTATION_CONTEXT() REPRESENTATION_CONTEXT('2D SPACE',''
  ) );
#3913 = ORIENTED_EDGE('',*,*,#1524,.T.);
#3914 = ORIENTED_EDGE('',*,*,#3893,.T.);
#3915 = ADVANCED_FACE('',(#3916),#1619,.T.);
#3916 = FACE_BOUND('',#3917,.F.);
#3917 = EDGE_LOOP('',(#3918,#3919,#3920));
#3918 = ORIENTED_EDGE('',*,*,#3343,.F.);
#3919 = ORIENTED_EDGE('',*,*,#3293,.T.);
#3920 = ORIENTED_EDGE('',*,*,#1604,.F.);
#3921 = ADVANCED_FACE('',(#3922),#1701,.F.);
#3922 = FACE_BOUND('',#3923,.F.);
#3923 = EDGE_LOOP('',(#3924,#3925,#3946,#3947));
#3924 = ORIENTED_EDGE('',*,*,#1684,.F.);
#3925 = ORIENTED_EDGE('',*,*,#3926,.F.);
#3926 = EDGE_CURVE('',#2767,#1685,#3927,.T.);
#3927 = SEAM_CURVE('',#3928,(#3932,#3939),.PCURVE_S1.);
#3928 = LINE('',#3929,#3930);
#3929 = CARTESIAN_POINT('',(37.,49.5,-9.25));
#3930 = VECTOR('',#3931,1.);
#3931 = DIRECTION('',(1.,0.,2.22044604925E-16));
#3932 = PCURVE('',#1701,#3933);
#3933 = DEFINITIONAL_REPRESENTATION('',(#3934),#3938);
#3934 = LINE('',#3935,#3936);
#3935 = CARTESIAN_POINT('',(6.28318530718,-0.));
#3936 = VECTOR('',#3937,1.);
#3937 = DIRECTION('',(0.,1.));
#3938 = ( GEOMETRIC_REPRESENTATION_CONTEXT(2) 
PARAMETRIC_REPRESENTATION_CONTEXT() REPRESENTATION_CONTEXT('2D SPACE',''
  ) );
#3939 = PCURVE('',#1701,#3940);
#3940 = DEFINITIONAL_REPRESENTATION('',(#3941),#3945);
#3941 = LINE('',#3942,#3943);
#3942 = CARTESIAN_POINT('',(0.,-0.));
#3943 = VECTOR('',#3944,1.);
#3944 = DIRECTION('',(0.,1.));
#3945 = ( GEOMETRIC_REPRESENTATION_CONTEXT(2) 
PARAMETRIC_REPRESENTATION_CONTEXT() REPRESENTATION_CONTEXT('2D SPACE',''
  ) );
#3946 = ORIENTED_EDGE('',*,*,#2766,.T.);
#3947 = ORIENTED_EDGE('',*,*,#3926,.T.);
#3948 = ADVANCED_FACE('',(#3949),#1732,.T.);
#3949 = FACE_BOUND('',#3950,.T.);
#3950 = EDGE_LOOP('',(#3951,#3972,#3973,#3994));
#3951 = ORIENTED_EDGE('',*,*,#3952,.F.);
#3952 = EDGE_CURVE('',#2793,#1716,#3953,.T.);
#3953 = SURFACE_CURVE('',#3954,(#3958,#3965),.PCURVE_S1.);
#3954 = LINE('',#3955,#3956);
#3955 = CARTESIAN_POINT('',(37.,-16.,-7.));
#3956 = VECTOR('',#3957,1.);
#3957 = DIRECTION('',(1.,0.,0.));
#3958 = PCURVE('',#1732,#3959);
#3959 = DEFINITIONAL_REPRESENTATION('',(#3960),#3964);
#3960 = LINE('',#3961,#3962);
#3961 = CARTESIAN_POINT('',(0.,10.));
#3962 = VECTOR('',#3963,1.);
#3963 = DIRECTION('',(1.,0.));
#3964 = ( GEOMETRIC_REPRESENTATION_CONTEXT(2) 
PARAMETRIC_REPRESENTATION_CONTEXT() REPRESENTATION_CONTEXT('2D SPACE',''
  ) );
#3965 = PCURVE('',#1808,#3966);
#3966 = DEFINITIONAL_REPRESENTATION('',(#3967),#3971);
#3967 = LINE('',#3968,#3969);
#3968 = CARTESIAN_POINT('',(0.,0.));
#3969 = VECTOR('',#3970,1.);
#3970 = DIRECTION('',(0.,1.));
#3971 = ( GEOMETRIC_REPRESENTATION_CONTEXT(2) 
PARAMETRIC_REPRESENTATION_CONTEXT() REPRESENTATION_CONTEXT('2D SPACE',''
  ) );
#3972 = ORIENTED_EDGE('',*,*,#2792,.T.);
#3973 = ORIENTED_EDGE('',*,*,#3974,.T.);
#3974 = EDGE_CURVE('',#2795,#1718,#3975,.T.);
#3975 = SURFACE_CURVE('',#3976,(#3980,#3987),.PCURVE_S1.);
#3976 = LINE('',#3977,#3978);
#3977 = CARTESIAN_POINT('',(37.,-26.,-7.));
#3978 = VECTOR('',#3979,1.);
#3979 = DIRECTION('',(1.,0.,0.));
#3980 = PCURVE('',#1732,#3981);
#3981 = DEFINITIONAL_REPRESENTATION('',(#3982),#3986);
#3982 = LINE('',#3983,#3984);
#3983 = CARTESIAN_POINT('',(0.,0.));
#3984 = VECTOR('',#3985,1.);
#3985 = DIRECTION('',(1.,0.));
#3986 = ( GEOMETRIC_REPRESENTATION_CONTEXT(2) 
PARAMETRIC_REPRESENTATION_CONTEXT() REPRESENTATION_CONTEXT('2D SPACE',''
  ) );
#3987 = PCURVE('',#1758,#3988);
#3988 = DEFINITIONAL_REPRESENTATION('',(#3989),#3993);
#3989 = LINE('',#3990,#3991);
#3990 = CARTESIAN_POINT('',(0.,0.));
#3991 = VECTOR('',#3992,1.);
#3992 = DIRECTION('',(0.,1.));
#3993 = ( GEOMETRIC_REPRESENTATION_CONTEXT(2) 
PARAMETRIC_REPRESENTATION_CONTEXT() REPRESENTATION_CONTEXT('2D SPACE',''
  ) );
#3994 = ORIENTED_EDGE('',*,*,#1715,.F.);
#3995 = ADVANCED_FACE('',(#3996),#1808,.F.);
#3996 = FACE_BOUND('',#3997,.F.);
#3997 = EDGE_LOOP('',(#3998,#3999,#4000,#4021));
#3998 = ORIENTED_EDGE('',*,*,#3952,.F.);
#3999 = ORIENTED_EDGE('',*,*,#2857,.T.);
#4000 = ORIENTED_EDGE('',*,*,#4001,.T.);
#4001 = EDGE_CURVE('',#2837,#1770,#4002,.T.);
#4002 = SURFACE_CURVE('',#4003,(#4007,#4014),.PCURVE_S1.);
#4003 = LINE('',#4004,#4005);
#4004 = CARTESIAN_POINT('',(37.,-16.,-2.));
#4005 = VECTOR('',#4006,1.);
#4006 = DIRECTION('',(1.,0.,0.));
#4007 = PCURVE('',#1808,#4008);
#4008 = DEFINITIONAL_REPRESENTATION('',(#4009),#4013);
#4009 = LINE('',#4010,#4011);
#4010 = CARTESIAN_POINT('',(5.,0.));
#4011 = VECTOR('',#4012,1.);
#4012 = DIRECTION('',(0.,1.));
#4013 = ( GEOMETRIC_REPRESENTATION_CONTEXT(2) 
PARAMETRIC_REPRESENTATION_CONTEXT() REPRESENTATION_CONTEXT('2D SPACE',''
  ) );
#4014 = PCURVE('',#1784,#4015);
#4015 = DEFINITIONAL_REPRESENTATION('',(#4016),#4020);
#4016 = LINE('',#4017,#4018);
#4017 = CARTESIAN_POINT('',(0.,10.));
#4018 = VECTOR('',#4019,1.);
#4019 = DIRECTION('',(1.,0.));
#4020 = ( GEOMETRIC_REPRESENTATION_CONTEXT(2) 
PARAMETRIC_REPRESENTATION_CONTEXT() REPRESENTATION_CONTEXT('2D SPACE',''
  ) );
#4021 = ORIENTED_EDGE('',*,*,#1795,.F.);
#4022 = ADVANCED_FACE('',(#4023),#1784,.F.);
#4023 = FACE_BOUND('',#4024,.F.);
#4024 = EDGE_LOOP('',(#4025,#4026,#4027,#4048));
#4025 = ORIENTED_EDGE('',*,*,#4001,.F.);
#4026 = ORIENTED_EDGE('',*,*,#2836,.T.);
#4027 = ORIENTED_EDGE('',*,*,#4028,.T.);
#4028 = EDGE_CURVE('',#2816,#1744,#4029,.T.);
#4029 = SURFACE_CURVE('',#4030,(#4034,#4041),.PCURVE_S1.);
#4030 = LINE('',#4031,#4032);
#4031 = CARTESIAN_POINT('',(37.,-26.,-2.));
#4032 = VECTOR('',#4033,1.);
#4033 = DIRECTION('',(1.,0.,0.));
#4034 = PCURVE('',#1784,#4035);
#4035 = DEFINITIONAL_REPRESENTATION('',(#4036),#4040);
#4036 = LINE('',#4037,#4038);
#4037 = CARTESIAN_POINT('',(0.,0.));
#4038 = VECTOR('',#4039,1.);
#4039 = DIRECTION('',(1.,0.));
#4040 = ( GEOMETRIC_REPRESENTATION_CONTEXT(2) 
PARAMETRIC_REPRESENTATION_CONTEXT() REPRESENTATION_CONTEXT('2D SPACE',''
  ) );
#4041 = PCURVE('',#1758,#4042);
#4042 = DEFINITIONAL_REPRESENTATION('',(#4043),#4047);
#4043 = LINE('',#4044,#4045);
#4044 = CARTESIAN_POINT('',(5.,0.));
#4045 = VECTOR('',#4046,1.);
#4046 = DIRECTION('',(0.,1.));
#4047 = ( GEOMETRIC_REPRESENTATION_CONTEXT(2) 
PARAMETRIC_REPRESENTATION_CONTEXT() REPRESENTATION_CONTEXT('2D SPACE',''
  ) );
#4048 = ORIENTED_EDGE('',*,*,#1769,.F.);
#4049 = ADVANCED_FACE('',(#4050),#1758,.T.);
#4050 = FACE_BOUND('',#4051,.T.);
#4051 = EDGE_LOOP('',(#4052,#4053,#4054,#4055));
#4052 = ORIENTED_EDGE('',*,*,#3974,.F.);
#4053 = ORIENTED_EDGE('',*,*,#2815,.T.);
#4054 = ORIENTED_EDGE('',*,*,#4028,.T.);
#4055 = ORIENTED_EDGE('',*,*,#1743,.F.);
#4056 = ADVANCED_FACE('',(#4057),#1840,.T.);
#4057 = FACE_BOUND('',#4058,.T.);
#4058 = EDGE_LOOP('',(#4059,#4060,#4061));
#4059 = ORIENTED_EDGE('',*,*,#3364,.F.);
#4060 = ORIENTED_EDGE('',*,*,#3319,.T.);
#4061 = ORIENTED_EDGE('',*,*,#1823,.F.);
#4062 = ADVANCED_FACE('',(#4063),#1924,.F.);
#4063 = FACE_BOUND('',#4064,.F.);
#4064 = EDGE_LOOP('',(#4065,#4066,#4087,#4088));
#4065 = ORIENTED_EDGE('',*,*,#2313,.F.);
#4066 = ORIENTED_EDGE('',*,*,#4067,.F.);
#4067 = EDGE_CURVE('',#1904,#2314,#4068,.T.);
#4068 = SEAM_CURVE('',#4069,(#4073,#4080),.PCURVE_S1.);
#4069 = LINE('',#4070,#4071);
#4070 = CARTESIAN_POINT('',(-19.6,75.5,-2.));
#4071 = VECTOR('',#4072,1.);
#4072 = DIRECTION('',(0.,-1.,2.22044604925E-16));
#4073 = PCURVE('',#1924,#4074);
#4074 = DEFINITIONAL_REPRESENTATION('',(#4075),#4079);
#4075 = LINE('',#4076,#4077);
#4076 = CARTESIAN_POINT('',(6.28318530718,-0.));
#4077 = VECTOR('',#4078,1.);
#4078 = DIRECTION('',(0.,1.));
#4079 = ( GEOMETRIC_REPRESENTATION_CONTEXT(2) 
PARAMETRIC_REPRESENTATION_CONTEXT() REPRESENTATION_CONTEXT('2D SPACE',''
  ) );
#4080 = PCURVE('',#1924,#4081);
#4081 = DEFINITIONAL_REPRESENTATION('',(#4082),#4086);
#4082 = LINE('',#4083,#4084);
#4083 = CARTESIAN_POINT('',(0.,-0.));
#4084 = VECTOR('',#4085,1.);
#4085 = DIRECTION('',(0.,1.));
#4086 = ( GEOMETRIC_REPRESENTATION_CONTEXT(2) 
PARAMETRIC_REPRESENTATION_CONTEXT() REPRESENTATION_CONTEXT('2D SPACE',''
  ) );
#4087 = ORIENTED_EDGE('',*,*,#1903,.T.);
#4088 = ORIENTED_EDGE('',*,*,#4067,.T.);
#4089 = ADVANCED_FACE('',(#4090),#1955,.F.);
#4090 = FACE_BOUND('',#4091,.F.);
#4091 = EDGE_LOOP('',(#4092,#4113,#4114,#4135));
#4092 = ORIENTED_EDGE('',*,*,#4093,.F.);
#4093 = EDGE_CURVE('',#1941,#2346,#4094,.T.);
#4094 = SURFACE_CURVE('',#4095,(#4099,#4106),.PCURVE_S1.);
#4095 = LINE('',#4096,#4097);
#4096 = CARTESIAN_POINT('',(-7.5,76.5,1.));
#4097 = VECTOR('',#4098,1.);
#4098 = DIRECTION('',(0.,-1.,2.22044604925E-16));
#4099 = PCURVE('',#1955,#4100);
#4100 = DEFINITIONAL_REPRESENTATION('',(#4101),#4105);
#4101 = LINE('',#4102,#4103);
#4102 = CARTESIAN_POINT('',(0.,12.));
#4103 = VECTOR('',#4104,1.);
#4104 = DIRECTION('',(1.,0.));
#4105 = ( GEOMETRIC_REPRESENTATION_CONTEXT(2) 
PARAMETRIC_REPRESENTATION_CONTEXT() REPRESENTATION_CONTEXT('2D SPACE',''
  ) );
#4106 = PCURVE('',#2031,#4107);
#4107 = DEFINITIONAL_REPRESENTATION('',(#4108),#4112);
#4108 = LINE('',#4109,#4110);
#4109 = CARTESIAN_POINT('',(0.,-6.));
#4110 = VECTOR('',#4111,1.);
#4111 = DIRECTION('',(1.,0.));
#4112 = ( GEOMETRIC_REPRESENTATION_CONTEXT(2) 
PARAMETRIC_REPRESENTATION_CONTEXT() REPRESENTATION_CONTEXT('2D SPACE',''
  ) );
#4113 = ORIENTED_EDGE('',*,*,#1938,.F.);
#4114 = ORIENTED_EDGE('',*,*,#4115,.T.);
#4115 = EDGE_CURVE('',#1939,#2344,#4116,.T.);
#4116 = SURFACE_CURVE('',#4117,(#4121,#4128),.PCURVE_S1.);
#4117 = LINE('',#4118,#4119);
#4118 = CARTESIAN_POINT('',(-19.5,76.5,1.));
#4119 = VECTOR('',#4120,1.);
#4120 = DIRECTION('',(0.,-1.,2.22044604925E-16));
#4121 = PCURVE('',#1955,#4122);
#4122 = DEFINITIONAL_REPRESENTATION('',(#4123),#4127);
#4123 = LINE('',#4124,#4125);
#4124 = CARTESIAN_POINT('',(0.,0.));
#4125 = VECTOR('',#4126,1.);
#4126 = DIRECTION('',(1.,0.));
#4127 = ( GEOMETRIC_REPRESENTATION_CONTEXT(2) 
PARAMETRIC_REPRESENTATION_CONTEXT() REPRESENTATION_CONTEXT('2D SPACE',''
  ) );
#4128 = PCURVE('',#1981,#4129);
#4129 = DEFINITIONAL_REPRESENTATION('',(#4130),#4134);
#4130 = LINE('',#4131,#4132);
#4131 = CARTESIAN_POINT('',(0.,-6.));
#4132 = VECTOR('',#4133,1.);
#4133 = DIRECTION('',(1.,0.));
#4134 = ( GEOMETRIC_REPRESENTATION_CONTEXT(2) 
PARAMETRIC_REPRESENTATION_CONTEXT() REPRESENTATION_CONTEXT('2D SPACE',''
  ) );
#4135 = ORIENTED_EDGE('',*,*,#2343,.T.);
#4136 = ADVANCED_FACE('',(#4137),#1981,.T.);
#4137 = FACE_BOUND('',#4138,.T.);
#4138 = EDGE_LOOP('',(#4139,#4160,#4161,#4162));
#4139 = ORIENTED_EDGE('',*,*,#4140,.F.);
#4140 = EDGE_CURVE('',#1967,#2367,#4141,.T.);
#4141 = SURFACE_CURVE('',#4142,(#4146,#4153),.PCURVE_S1.);
#4142 = LINE('',#4143,#4144);
#4143 = CARTESIAN_POINT('',(-19.5,76.5,-5.));
#4144 = VECTOR('',#4145,1.);
#4145 = DIRECTION('',(0.,-1.,2.22044604925E-16));
#4146 = PCURVE('',#1981,#4147);
#4147 = DEFINITIONAL_REPRESENTATION('',(#4148),#4152);
#4148 = LINE('',#4149,#4150);
#4149 = CARTESIAN_POINT('',(0.,0.));
#4150 = VECTOR('',#4151,1.);
#4151 = DIRECTION('',(1.,0.));
#4152 = ( GEOMETRIC_REPRESENTATION_CONTEXT(2) 
PARAMETRIC_REPRESENTATION_CONTEXT() REPRESENTATION_CONTEXT('2D SPACE',''
  ) );
#4153 = PCURVE('',#2007,#4154);
#4154 = DEFINITIONAL_REPRESENTATION('',(#4155),#4159);
#4155 = LINE('',#4156,#4157);
#4156 = CARTESIAN_POINT('',(0.,0.));
#4157 = VECTOR('',#4158,1.);
#4158 = DIRECTION('',(1.,0.));
#4159 = ( GEOMETRIC_REPRESENTATION_CONTEXT(2) 
PARAMETRIC_REPRESENTATION_CONTEXT() REPRESENTATION_CONTEXT('2D SPACE',''
  ) );
#4160 = ORIENTED_EDGE('',*,*,#1966,.F.);
#4161 = ORIENTED_EDGE('',*,*,#4115,.T.);
#4162 = ORIENTED_EDGE('',*,*,#2366,.T.);
#4163 = ADVANCED_FACE('',(#4164),#2031,.F.);
#4164 = FACE_BOUND('',#4165,.F.);
#4165 = EDGE_LOOP('',(#4166,#4187,#4188,#4189));
#4166 = ORIENTED_EDGE('',*,*,#4167,.F.);
#4167 = EDGE_CURVE('',#1993,#2388,#4168,.T.);
#4168 = SURFACE_CURVE('',#4169,(#4173,#4180),.PCURVE_S1.);
#4169 = LINE('',#4170,#4171);
#4170 = CARTESIAN_POINT('',(-7.5,76.5,-5.));
#4171 = VECTOR('',#4172,1.);
#4172 = DIRECTION('',(0.,-1.,2.22044604925E-16));
#4173 = PCURVE('',#2031,#4174);
#4174 = DEFINITIONAL_REPRESENTATION('',(#4175),#4179);
#4175 = LINE('',#4176,#4177);
#4176 = CARTESIAN_POINT('',(0.,0.));
#4177 = VECTOR('',#4178,1.);
#4178 = DIRECTION('',(1.,0.));
#4179 = ( GEOMETRIC_REPRESENTATION_CONTEXT(2) 
PARAMETRIC_REPRESENTATION_CONTEXT() REPRESENTATION_CONTEXT('2D SPACE',''
  ) );
#4180 = PCURVE('',#2007,#4181);
#4181 = DEFINITIONAL_REPRESENTATION('',(#4182),#4186);
#4182 = LINE('',#4183,#4184);
#4183 = CARTESIAN_POINT('',(0.,12.));
#4184 = VECTOR('',#4185,1.);
#4185 = DIRECTION('',(1.,0.));
#4186 = ( GEOMETRIC_REPRESENTATION_CONTEXT(2) 
PARAMETRIC_REPRESENTATION_CONTEXT() REPRESENTATION_CONTEXT('2D SPACE',''
  ) );
#4187 = ORIENTED_EDGE('',*,*,#2018,.F.);
#4188 = ORIENTED_EDGE('',*,*,#4093,.T.);
#4189 = ORIENTED_EDGE('',*,*,#2408,.T.);
#4190 = ADVANCED_FACE('',(#4191),#2007,.T.);
#4191 = FACE_BOUND('',#4192,.T.);
#4192 = EDGE_LOOP('',(#4193,#4194,#4195,#4196));
#4193 = ORIENTED_EDGE('',*,*,#4167,.F.);
#4194 = ORIENTED_EDGE('',*,*,#1992,.F.);
#4195 = ORIENTED_EDGE('',*,*,#4140,.T.);
#4196 = ORIENTED_EDGE('',*,*,#2387,.T.);
#4197 = ADVANCED_FACE('',(#4198),#2065,.F.);
#4198 = FACE_BOUND('',#4199,.F.);
#4199 = EDGE_LOOP('',(#4200,#4201,#4222,#4223));
#4200 = ORIENTED_EDGE('',*,*,#2429,.F.);
#4201 = ORIENTED_EDGE('',*,*,#4202,.F.);
#4202 = EDGE_CURVE('',#2045,#2430,#4203,.T.);
#4203 = SEAM_CURVE('',#4204,(#4208,#4215),.PCURVE_S1.);
#4204 = LINE('',#4205,#4206);
#4205 = CARTESIAN_POINT('',(-5.6,75.5,-2.));
#4206 = VECTOR('',#4207,1.);
#4207 = DIRECTION('',(0.,-1.,2.22044604925E-16));
#4208 = PCURVE('',#2065,#4209);
#4209 = DEFINITIONAL_REPRESENTATION('',(#4210),#4214);
#4210 = LINE('',#4211,#4212);
#4211 = CARTESIAN_POINT('',(6.28318530718,-0.));
#4212 = VECTOR('',#4213,1.);
#4213 = DIRECTION('',(0.,1.));
#4214 = ( GEOMETRIC_REPRESENTATION_CONTEXT(2) 
PARAMETRIC_REPRESENTATION_CONTEXT() REPRESENTATION_CONTEXT('2D SPACE',''
  ) );
#4215 = PCURVE('',#2065,#4216);
#4216 = DEFINITIONAL_REPRESENTATION('',(#4217),#4221);
#4217 = LINE('',#4218,#4219);
#4218 = CARTESIAN_POINT('',(0.,-0.));
#4219 = VECTOR('',#4220,1.);
#4220 = DIRECTION('',(0.,1.));
#4221 = ( GEOMETRIC_REPRESENTATION_CONTEXT(2) 
PARAMETRIC_REPRESENTATION_CONTEXT() REPRESENTATION_CONTEXT('2D SPACE',''
  ) );
#4222 = ORIENTED_EDGE('',*,*,#2044,.T.);
#4223 = ORIENTED_EDGE('',*,*,#4202,.T.);
#4224 = ADVANCED_FACE('',(#4225),#2100,.F.);
#4225 = FACE_BOUND('',#4226,.F.);
#4226 = EDGE_LOOP('',(#4227,#4228,#4249,#4250));
#4227 = ORIENTED_EDGE('',*,*,#2459,.F.);
#4228 = ORIENTED_EDGE('',*,*,#4229,.F.);
#4229 = EDGE_CURVE('',#2080,#2460,#4230,.T.);
#4230 = SEAM_CURVE('',#4231,(#4235,#4242),.PCURVE_S1.);
#4231 = LINE('',#4232,#4233);
#4232 = CARTESIAN_POINT('',(-26.5,75.5,5.));
#4233 = VECTOR('',#4234,1.);
#4234 = DIRECTION('',(0.,-1.,2.22044604925E-16));
#4235 = PCURVE('',#2100,#4236);
#4236 = DEFINITIONAL_REPRESENTATION('',(#4237),#4241);
#4237 = LINE('',#4238,#4239);
#4238 = CARTESIAN_POINT('',(6.28318530718,-0.));
#4239 = VECTOR('',#4240,1.);
#4240 = DIRECTION('',(0.,1.));
#4241 = ( GEOMETRIC_REPRESENTATION_CONTEXT(2) 
PARAMETRIC_REPRESENTATION_CONTEXT() REPRESENTATION_CONTEXT('2D SPACE',''
  ) );
#4242 = PCURVE('',#2100,#4243);
#4243 = DEFINITIONAL_REPRESENTATION('',(#4244),#4248);
#4244 = LINE('',#4245,#4246);
#4245 = CARTESIAN_POINT('',(0.,-0.));
#4246 = VECTOR('',#4247,1.);
#4247 = DIRECTION('',(0.,1.));
#4248 = ( GEOMETRIC_REPRESENTATION_CONTEXT(2) 
PARAMETRIC_REPRESENTATION_CONTEXT() REPRESENTATION_CONTEXT('2D SPACE',''
  ) );
#4249 = ORIENTED_EDGE('',*,*,#2079,.T.);
#4250 = ORIENTED_EDGE('',*,*,#4229,.T.);
#4251 = ADVANCED_FACE('',(#4252),#2135,.F.);
#4252 = FACE_BOUND('',#4253,.F.);
#4253 = EDGE_LOOP('',(#4254,#4255,#4276,#4277));
#4254 = ORIENTED_EDGE('',*,*,#2489,.F.);
#4255 = ORIENTED_EDGE('',*,*,#4256,.F.);
#4256 = EDGE_CURVE('',#2115,#2490,#4257,.T.);
#4257 = SEAM_CURVE('',#4258,(#4262,#4269),.PCURVE_S1.);
#4258 = LINE('',#4259,#4260);
#4259 = CARTESIAN_POINT('',(10.6,75.5,-2.));
#4260 = VECTOR('',#4261,1.);
#4261 = DIRECTION('',(0.,-1.,2.22044604925E-16));
#4262 = PCURVE('',#2135,#4263);
#4263 = DEFINITIONAL_REPRESENTATION('',(#4264),#4268);
#4264 = LINE('',#4265,#4266);
#4265 = CARTESIAN_POINT('',(6.28318530718,-0.));
#4266 = VECTOR('',#4267,1.);
#4267 = DIRECTION('',(0.,1.));
#4268 = ( GEOMETRIC_REPRESENTATION_CONTEXT(2) 
PARAMETRIC_REPRESENTATION_CONTEXT() REPRESENTATION_CONTEXT('2D SPACE',''
  ) );
#4269 = PCURVE('',#2135,#4270);
#4270 = DEFINITIONAL_REPRESENTATION('',(#4271),#4275);
#4271 = LINE('',#4272,#4273);
#4272 = CARTESIAN_POINT('',(0.,-0.));
#4273 = VECTOR('',#4274,1.);
#4274 = DIRECTION('',(0.,1.));
#4275 = ( GEOMETRIC_REPRESENTATION_CONTEXT(2) 
PARAMETRIC_REPRESENTATION_CONTEXT() REPRESENTATION_CONTEXT('2D SPACE',''
  ) );
#4276 = ORIENTED_EDGE('',*,*,#2114,.T.);
#4277 = ORIENTED_EDGE('',*,*,#4256,.T.);
#4278 = ADVANCED_FACE('',(#4279),#2170,.F.);
#4279 = FACE_BOUND('',#4280,.F.);
#4280 = EDGE_LOOP('',(#4281,#4282,#4303,#4304));
#4281 = ORIENTED_EDGE('',*,*,#2519,.F.);
#4282 = ORIENTED_EDGE('',*,*,#4283,.F.);
#4283 = EDGE_CURVE('',#2150,#2520,#4284,.T.);
#4284 = SEAM_CURVE('',#4285,(#4289,#4296),.PCURVE_S1.);
#4285 = LINE('',#4286,#4287);
#4286 = CARTESIAN_POINT('',(28.6,75.5,-2.));
#4287 = VECTOR('',#4288,1.);
#4288 = DIRECTION('',(0.,-1.,2.22044604925E-16));
#4289 = PCURVE('',#2170,#4290);
#4290 = DEFINITIONAL_REPRESENTATION('',(#4291),#4295);
#4291 = LINE('',#4292,#4293);
#4292 = CARTESIAN_POINT('',(6.28318530718,-0.));
#4293 = VECTOR('',#4294,1.);
#4294 = DIRECTION('',(0.,1.));
#4295 = ( GEOMETRIC_REPRESENTATION_CONTEXT(2) 
PARAMETRIC_REPRESENTATION_CONTEXT() REPRESENTATION_CONTEXT('2D SPACE',''
  ) );
#4296 = PCURVE('',#2170,#4297);
#4297 = DEFINITIONAL_REPRESENTATION('',(#4298),#4302);
#4298 = LINE('',#4299,#4300);
#4299 = CARTESIAN_POINT('',(0.,-0.));
#4300 = VECTOR('',#4301,1.);
#4301 = DIRECTION('',(0.,1.));
#4302 = ( GEOMETRIC_REPRESENTATION_CONTEXT(2) 
PARAMETRIC_REPRESENTATION_CONTEXT() REPRESENTATION_CONTEXT('2D SPACE',''
  ) );
#4303 = ORIENTED_EDGE('',*,*,#2149,.T.);
#4304 = ORIENTED_EDGE('',*,*,#4283,.T.);
#4305 = ADVANCED_FACE('',(#4306),#2225,.F.);
#4306 = FACE_BOUND('',#4307,.T.);
#4307 = EDGE_LOOP('',(#4308,#4332,#4354));
#4308 = ORIENTED_EDGE('',*,*,#4309,.F.);
#4309 = EDGE_CURVE('',#4310,#2186,#4312,.T.);
#4310 = VERTEX_POINT('',#4311);
#4311 = CARTESIAN_POINT('',(-37.,69.5,-13.));
#4312 = SURFACE_CURVE('',#4313,(#4318,#4325),.PCURVE_S1.);
#4313 = CIRCLE('',#4314,1.);
#4314 = AXIS2_PLACEMENT_3D('',#4315,#4316,#4317);
#4315 = CARTESIAN_POINT('',(-37.,69.5,-12.));
#4316 = DIRECTION('',(0.,1.,-0.));
#4317 = DIRECTION('',(-1.,0.,2.449293598295E-16));
#4318 = PCURVE('',#2225,#4319);
#4319 = DEFINITIONAL_REPRESENTATION('',(#4320),#4324);
#4320 = LINE('',#4321,#4322);
#4321 = CARTESIAN_POINT('',(-0.,-6.28318530718));
#4322 = VECTOR('',#4323,1.);
#4323 = DIRECTION('',(-0.,1.));
#4324 = ( GEOMETRIC_REPRESENTATION_CONTEXT(2) 
PARAMETRIC_REPRESENTATION_CONTEXT() REPRESENTATION_CONTEXT('2D SPACE',''
  ) );
#4325 = PCURVE('',#3238,#4326);
#4326 = DEFINITIONAL_REPRESENTATION('',(#4327),#4331);
#4327 = LINE('',#4328,#4329);
#4328 = CARTESIAN_POINT('',(-6.28318530718,142.));
#4329 = VECTOR('',#4330,1.);
#4330 = DIRECTION('',(1.,-0.));
#4331 = ( GEOMETRIC_REPRESENTATION_CONTEXT(2) 
PARAMETRIC_REPRESENTATION_CONTEXT() REPRESENTATION_CONTEXT('2D SPACE',''
  ) );
#4332 = ORIENTED_EDGE('',*,*,#4333,.T.);
#4333 = EDGE_CURVE('',#4310,#2209,#4334,.T.);
#4334 = SURFACE_CURVE('',#4335,(#4340,#4347),.PCURVE_S1.);
#4335 = CIRCLE('',#4336,1.);
#4336 = AXIS2_PLACEMENT_3D('',#4337,#4338,#4339);
#4337 = CARTESIAN_POINT('',(-37.,69.5,-12.));
#4338 = DIRECTION('',(1.,1.110223024625E-16,0.));
#4339 = DIRECTION('',(-1.110223024625E-16,1.,2.449293598295E-16));
#4340 = PCURVE('',#2225,#4341);
#4341 = DEFINITIONAL_REPRESENTATION('',(#4342),#4346);
#4342 = LINE('',#4343,#4344);
#4343 = CARTESIAN_POINT('',(-1.570796326795,-6.28318530718));
#4344 = VECTOR('',#4345,1.);
#4345 = DIRECTION('',(-0.,1.));
#4346 = ( GEOMETRIC_REPRESENTATION_CONTEXT(2) 
PARAMETRIC_REPRESENTATION_CONTEXT() REPRESENTATION_CONTEXT('2D SPACE',''
  ) );
#4347 = PCURVE('',#2278,#4348);
#4348 = DEFINITIONAL_REPRESENTATION('',(#4349),#4353);
#4349 = LINE('',#4350,#4351);
#4350 = CARTESIAN_POINT('',(-6.28318530718,3.));
#4351 = VECTOR('',#4352,1.);
#4352 = DIRECTION('',(1.,-0.));
#4353 = ( GEOMETRIC_REPRESENTATION_CONTEXT(2) 
PARAMETRIC_REPRESENTATION_CONTEXT() REPRESENTATION_CONTEXT('2D SPACE',''
  ) );
#4354 = ORIENTED_EDGE('',*,*,#2208,.F.);
#4355 = ADVANCED_FACE('',(#4356),#2278,.F.);
#4356 = FACE_BOUND('',#4357,.T.);
#4357 = EDGE_LOOP('',(#4358,#4359,#4382,#4636));
#4358 = ORIENTED_EDGE('',*,*,#4333,.F.);
#4359 = ORIENTED_EDGE('',*,*,#4360,.T.);
#4360 = EDGE_CURVE('',#4310,#4361,#4363,.T.);
#4361 = VERTEX_POINT('',#4362);
#4362 = CARTESIAN_POINT('',(33.5,69.5,-13.));
#4363 = SURFACE_CURVE('',#4364,(#4368,#4375),.PCURVE_S1.);
#4364 = LINE('',#4365,#4366);
#4365 = CARTESIAN_POINT('',(-40.,69.5,-13.));
#4366 = VECTOR('',#4367,1.);
#4367 = DIRECTION('',(1.,0.,0.));
#4368 = PCURVE('',#2278,#4369);
#4369 = DEFINITIONAL_REPRESENTATION('',(#4370),#4374);
#4370 = LINE('',#4371,#4372);
#4371 = CARTESIAN_POINT('',(-1.570796326795,0.));
#4372 = VECTOR('',#4373,1.);
#4373 = DIRECTION('',(-0.,1.));
#4374 = ( GEOMETRIC_REPRESENTATION_CONTEXT(2) 
PARAMETRIC_REPRESENTATION_CONTEXT() REPRESENTATION_CONTEXT('2D SPACE',''
  ) );
#4375 = PCURVE('',#3405,#4376);
#4376 = DEFINITIONAL_REPRESENTATION('',(#4377),#4381);
#4377 = LINE('',#4378,#4379);
#4378 = CARTESIAN_POINT('',(0.,142.));
#4379 = VECTOR('',#4380,1.);
#4380 = DIRECTION('',(1.,0.));
#4381 = ( GEOMETRIC_REPRESENTATION_CONTEXT(2) 
PARAMETRIC_REPRESENTATION_CONTEXT() REPRESENTATION_CONTEXT('2D SPACE',''
  ) );
#4382 = ORIENTED_EDGE('',*,*,#4383,.F.);
#4383 = EDGE_CURVE('',#2263,#4361,#4384,.T.);
#4384 = SURFACE_CURVE('',#4385,(#4465,#4548),.PCURVE_S1.);
#4385 = B_SPLINE_CURVE_WITH_KNOTS('',8,(#4386,#4387,#4388,#4389,#4390,
    #4391,#4392,#4393,#4394,#4395,#4396,#4397,#4398,#4399,#4400,#4401,
    #4402,#4403,#4404,#4405,#4406,#4407,#4408,#4409,#4410,#4411,#4412,
    #4413,#4414,#4415,#4416,#4417,#4418,#4419,#4420,#4421,#4422,#4423,
    #4424,#4425,#4426,#4427,#4428,#4429,#4430,#4431,#4432,#4433,#4434,
    #4435,#4436,#4437,#4438,#4439,#4440,#4441,#4442,#4443,#4444,#4445,
    #4446,#4447,#4448,#4449,#4450,#4451,#4452,#4453,#4454,#4455,#4456,
    #4457,#4458,#4459,#4460,#4461,#4462,#4463,#4464),.UNSPECIFIED.,.F.,
  .F.,(9,7,7,7,7,7,7,7,7,7,7,9),(0.,1.025268004361E-03,
    2.087152087515E-03,3.149034869774E-03,4.210915689214E-03,
    5.272793884024E-03,6.334668792361E-03,7.396539752393E-03,
    8.458406102248E-03,9.337188088786E-03,0.787388041116,1.),
  .UNSPECIFIED.);
#4386 = CARTESIAN_POINT('',(35.5,70.5,-12.));
#4387 = CARTESIAN_POINT('',(35.499726562479,70.5,-12.00017293707));
#4388 = CARTESIAN_POINT('',(35.499453124957,70.49999996582,
    -12.00034587414));
#4389 = CARTESIAN_POINT('',(35.499179687437,70.499999897461,
    -12.00051881121));
#4390 = CARTESIAN_POINT('',(35.498906249919,70.499999794922,
    -12.00069174827));
#4391 = CARTESIAN_POINT('',(35.498632812405,70.499999658203,
    -12.00086468532));
#4392 = CARTESIAN_POINT('',(35.498359374896,70.499999487305,
    -12.00103762235));
#4393 = CARTESIAN_POINT('',(35.498085937393,70.499999282226,
    -12.00121055936));
#4394 = CARTESIAN_POINT('',(35.497529296945,70.499998795166,
    -12.00156260954));
#4395 = CARTESIAN_POINT('',(35.497246094001,70.499998510698,
    -12.0017417227));
#4396 = CARTESIAN_POINT('',(35.496962891066,70.499998189566,
    -12.00192083584));
#4397 = CARTESIAN_POINT('',(35.496679688142,70.49999783177,
    -12.00209994894));
#4398 = CARTESIAN_POINT('',(35.496396485229,70.499997437308,
    -12.00227906199));
#4399 = CARTESIAN_POINT('',(35.49611328233,70.499997006182,-12.002458175
    ));
#4400 = CARTESIAN_POINT('',(35.495830079445,70.499996538391,
    -12.00263728796));
#4401 = CARTESIAN_POINT('',(35.495263674053,70.49999552948,
    -12.00299551355));
#4402 = CARTESIAN_POINT('',(35.494980471547,70.49999498836,
    -12.00317462617));
#4403 = CARTESIAN_POINT('',(35.494697269057,70.499994410576,
    -12.00335373874));
#4404 = CARTESIAN_POINT('',(35.494414066586,70.499993796127,
    -12.00353285124));
#4405 = CARTESIAN_POINT('',(35.494130864134,70.499993145013,
    -12.00371196366));
#4406 = CARTESIAN_POINT('',(35.493847661704,70.499992457234,
    -12.00389107602));
#4407 = CARTESIAN_POINT('',(35.493564459296,70.49999173279,
    -12.00407018829));
#4408 = CARTESIAN_POINT('',(35.492998055051,70.499990210575,
    -12.00442841233));
#4409 = CARTESIAN_POINT('',(35.492714853215,70.499989412803,
    -12.0046075241));
#4410 = CARTESIAN_POINT('',(35.492431651403,70.499988578367,
    -12.00478663578));
#4411 = CARTESIAN_POINT('',(35.492148449617,70.499987707266,
    -12.00496574737));
#4412 = CARTESIAN_POINT('',(35.49186524786,70.4999867995,-12.00514485885
    ));
#4413 = CARTESIAN_POINT('',(35.491582046131,70.499985855069,
    -12.00532397024));
#4414 = CARTESIAN_POINT('',(35.491298844433,70.499984873973,
    -12.00550308151));
#4415 = CARTESIAN_POINT('',(35.4907324418,70.499982838455,
    -12.00586130339));
#4416 = CARTESIAN_POINT('',(35.490449240866,70.499981784032,
    -12.00604041399));
#4417 = CARTESIAN_POINT('',(35.490166039964,70.499980692945,
    -12.00621952447));
#4418 = CARTESIAN_POINT('',(35.489882839097,70.499979565192,
    -12.00639863483));
#4419 = CARTESIAN_POINT('',(35.489599638266,70.499978400775,
    -12.00657774507));
#4420 = CARTESIAN_POINT('',(35.489316437472,70.499977199693,
    -12.00675685517));
#4421 = CARTESIAN_POINT('',(35.489033236716,70.499975961946,
    -12.00693596513));
#4422 = CARTESIAN_POINT('',(35.488466836161,70.499973413126,
    -12.00729418421));
#4423 = CARTESIAN_POINT('',(35.488183636361,70.499972102053,
    -12.00747329333));
#4424 = CARTESIAN_POINT('',(35.487900436602,70.499970754315,
    -12.00765240231));
#4425 = CARTESIAN_POINT('',(35.487617236886,70.499969369913,
    -12.00783151113));
#4426 = CARTESIAN_POINT('',(35.487334037214,70.499967948845,
    -12.0080106198));
#4427 = CARTESIAN_POINT('',(35.487050837587,70.499966491113,
    -12.0081897283));
#4428 = CARTESIAN_POINT('',(35.486767638006,70.499964996715,
    -12.00836883664));
#4429 = CARTESIAN_POINT('',(35.486201239993,70.499961934595,
    -12.00872705231));
#4430 = CARTESIAN_POINT('',(35.485918041561,70.499960366874,
    -12.00890615964));
#4431 = CARTESIAN_POINT('',(35.485634843178,70.499958762487,
    -12.00908526679));
#4432 = CARTESIAN_POINT('',(35.485351644845,70.499957121435,
    -12.00926437376));
#4433 = CARTESIAN_POINT('',(35.485068446564,70.499955443719,
    -12.00944348055));
#4434 = CARTESIAN_POINT('',(35.484785248336,70.499953729337,
    -12.00962258715));
#4435 = CARTESIAN_POINT('',(35.484502050163,70.49995197829,
    -12.00980169355));
#4436 = CARTESIAN_POINT('',(35.483935655158,70.499948402873,
    -12.01015990517));
#4437 = CARTESIAN_POINT('',(35.483652458326,70.499946578504,
    -12.0103390104));
#4438 = CARTESIAN_POINT('',(35.483369261551,70.49994471747,
    -12.01051811542));
#4439 = CARTESIAN_POINT('',(35.483086064834,70.49994281977,
    -12.01069722022));
#4440 = CARTESIAN_POINT('',(35.482802868178,70.499940885406,
    -12.01087632482));
#4441 = CARTESIAN_POINT('',(35.482519671582,70.499938914376,
    -12.0110554292));
#4442 = CARTESIAN_POINT('',(35.482236475049,70.499936906681,
    -12.01123453335));
#4443 = CARTESIAN_POINT('',(35.481718910143,70.499933170444,
    -12.01156186054));
#4444 = CARTESIAN_POINT('',(35.481484541751,70.499931453455,
    -12.01171008365));
#4445 = CARTESIAN_POINT('',(35.481250173403,70.499929711355,
    -12.01185830661));
#4446 = CARTESIAN_POINT('',(35.4810158051,70.499927944142,-12.0120065294
    ));
#4447 = CARTESIAN_POINT('',(35.480781436843,70.499926151818,
    -12.01215475202));
#4448 = CARTESIAN_POINT('',(35.480547068633,70.499924334381,
    -12.01230297448));
#4449 = CARTESIAN_POINT('',(35.480312700471,70.499922491832,
    -12.01245119677));
#4450 = CARTESIAN_POINT('',(35.272574862671,70.498267045607,
    -12.14383144832));
#4451 = CARTESIAN_POINT('',(35.067500847099,70.476948420437,
    -12.27341454561));
#4452 = CARTESIAN_POINT('',(34.863137933449,70.436697773302,
    -12.40089633989));
#4453 = CARTESIAN_POINT('',(34.658835999068,70.376506284415,
    -12.52524270069));
#4454 = CARTESIAN_POINT('',(34.455047616464,70.294553440207,
    -12.64427797682));
#4455 = CARTESIAN_POINT('',(34.253613648108,70.188631655403,
    -12.75405801965));
#4456 = CARTESIAN_POINT('',(34.058222760905,70.056702427792,
    -12.84831413475));
#4457 = CARTESIAN_POINT('',(33.823794486268,69.855996177152,
    -12.93566747356));
#4458 = CARTESIAN_POINT('',(33.774137652984,69.810842486939,
    -12.95256900936));
#4459 = CARTESIAN_POINT('',(33.725319199349,69.763647328341,
    -12.96736864473));
#4460 = CARTESIAN_POINT('',(33.677520143567,69.714469270052,
    -12.97979882458));
#4461 = CARTESIAN_POINT('',(33.630918560396,69.663390017491,
    -12.98957952855));
#4462 = CARTESIAN_POINT('',(33.585688128428,69.610518166623,
    -12.99641669458));
#4463 = CARTESIAN_POINT('',(33.541996000889,69.555994667852,-13.));
#4464 = CARTESIAN_POINT('',(33.5,69.5,-13.));
#4465 = PCURVE('',#2278,#4466);
#4466 = DEFINITIONAL_REPRESENTATION('',(#4467),#4547);
#4467 = B_SPLINE_CURVE_WITH_KNOTS('',8,(#4468,#4469,#4470,#4471,#4472,
    #4473,#4474,#4475,#4476,#4477,#4478,#4479,#4480,#4481,#4482,#4483,
    #4484,#4485,#4486,#4487,#4488,#4489,#4490,#4491,#4492,#4493,#4494,
    #4495,#4496,#4497,#4498,#4499,#4500,#4501,#4502,#4503,#4504,#4505,
    #4506,#4507,#4508,#4509,#4510,#4511,#4512,#4513,#4514,#4515,#4516,
    #4517,#4518,#4519,#4520,#4521,#4522,#4523,#4524,#4525,#4526,#4527,
    #4528,#4529,#4530,#4531,#4532,#4533,#4534,#4535,#4536,#4537,#4538,
    #4539,#4540,#4541,#4542,#4543,#4544,#4545,#4546),.UNSPECIFIED.,.F.,
  .F.,(9,7,7,7,7,7,7,7,7,7,7,9),(0.,1.025268004361E-03,
    2.087152087515E-03,3.149034869774E-03,4.210915689214E-03,
    5.272793884024E-03,6.334668792361E-03,7.396539752393E-03,
    8.458406102248E-03,9.337188088786E-03,0.787388041116,1.),
  .UNSPECIFIED.);
#4468 = CARTESIAN_POINT('',(0.,75.5));
#4469 = CARTESIAN_POINT('',(-1.729370732411E-04,75.499726562479));
#4470 = CARTESIAN_POINT('',(-3.458741462704E-04,75.499453124957));
#4471 = CARTESIAN_POINT('',(-5.188112228149E-04,75.499179687437));
#4472 = CARTESIAN_POINT('',(-6.917483065473E-04,75.498906249919));
#4473 = CARTESIAN_POINT('',(-8.646854010854E-04,75.498632812405));
#4474 = CARTESIAN_POINT('',(-1.037622509992E-03,75.498359374896));
#4475 = CARTESIAN_POINT('',(-1.210559636776E-03,75.498085937392));
#4476 = CARTESIAN_POINT('',(-1.562610152508E-03,75.497529296945));
#4477 = CARTESIAN_POINT('',(-1.741723543082E-03,75.497246094001));
#4478 = CARTESIAN_POINT('',(-1.920836960632E-03,75.496962891066));
#4479 = CARTESIAN_POINT('',(-2.099950409161E-03,75.496679688142));
#4480 = CARTESIAN_POINT('',(-2.27906389265E-03,75.496396485229));
#4481 = CARTESIAN_POINT('',(-2.458177415065E-03,75.49611328233));
#4482 = CARTESIAN_POINT('',(-2.637290980356E-03,75.495830079445));
#4483 = CARTESIAN_POINT('',(-2.995517985128E-03,75.495263674053));
#4484 = CARTESIAN_POINT('',(-3.174631424634E-03,75.494980471547));
#4485 = CARTESIAN_POINT('',(-3.353744914949E-03,75.494697269057));
#4486 = CARTESIAN_POINT('',(-3.532858460051E-03,75.494414066586));
#4487 = CARTESIAN_POINT('',(-3.711972063912E-03,75.494130864134));
#4488 = CARTESIAN_POINT('',(-3.891085730501E-03,75.493847661704));
#4489 = CARTESIAN_POINT('',(-4.070199463785E-03,75.493564459296));
#4490 = CARTESIAN_POINT('',(-4.428426740582E-03,75.492998055051));
#4491 = CARTESIAN_POINT('',(-4.607540284101E-03,75.492714853215));
#4492 = CARTESIAN_POINT('',(-4.786653902257E-03,75.492431651403));
#4493 = CARTESIAN_POINT('',(-4.965767599023E-03,75.492148449617));
#4494 = CARTESIAN_POINT('',(-5.144881378373E-03,75.49186524786));
#4495 = CARTESIAN_POINT('',(-5.323995244279E-03,75.491582046131));
#4496 = CARTESIAN_POINT('',(-5.503109200712E-03,75.491298844433));
#4497 = CARTESIAN_POINT('',(-5.861336859854E-03,75.4907324418));
#4498 = CARTESIAN_POINT('',(-6.040450562566E-03,75.490449240866));
#4499 = CARTESIAN_POINT('',(-6.219564363746E-03,75.490166039964));
#4500 = CARTESIAN_POINT('',(-6.398678267364E-03,75.489882839097));
#4501 = CARTESIAN_POINT('',(-6.57779227739E-03,75.489599638266));
#4502 = CARTESIAN_POINT('',(-6.756906397798E-03,75.489316437472));
#4503 = CARTESIAN_POINT('',(-6.936020632559E-03,75.489033236716));
#4504 = CARTESIAN_POINT('',(-7.294248784383E-03,75.48846683616));
#4505 = CARTESIAN_POINT('',(-7.473362701446E-03,75.488183636361));
#4506 = CARTESIAN_POINT('',(-7.652476740806E-03,75.487900436602));
#4507 = CARTESIAN_POINT('',(-7.83159090643E-03,75.487617236886));
#4508 = CARTESIAN_POINT('',(-8.01070520229E-03,75.487334037214));
#4509 = CARTESIAN_POINT('',(-8.18981963236E-03,75.487050837587));
#4510 = CARTESIAN_POINT('',(-8.368934200613E-03,75.486767638006));
#4511 = CARTESIAN_POINT('',(-8.727162955447E-03,75.486201239993));
#4512 = CARTESIAN_POINT('',(-8.90627714203E-03,75.485918041561));
#4513 = CARTESIAN_POINT('',(-9.085391474741E-03,75.485634843178));
#4514 = CARTESIAN_POINT('',(-9.264505957545E-03,75.485351644845));
#4515 = CARTESIAN_POINT('',(-9.443620594412E-03,75.485068446564));
#4516 = CARTESIAN_POINT('',(-9.622735389315E-03,75.484785248336));
#4517 = CARTESIAN_POINT('',(-9.801850346233E-03,75.484502050163));
#4518 = CARTESIAN_POINT('',(-1.016007981442E-02,75.483935655158));
#4519 = CARTESIAN_POINT('',(-1.033919432568E-02,75.483652458326));
#4520 = CARTESIAN_POINT('',(-1.05183090069E-02,75.483369261551));
#4521 = CARTESIAN_POINT('',(-1.069742386205E-02,75.483086064834));
#4522 = CARTESIAN_POINT('',(-1.08765388951E-02,75.482802868178));
#4523 = CARTESIAN_POINT('',(-1.105565411003E-02,75.482519671582));
#4524 = CARTESIAN_POINT('',(-1.12347695108E-02,75.482236475049));
#4525 = CARTESIAN_POINT('',(-1.156211802592E-02,75.481718910143));
#4526 = CARTESIAN_POINT('',(-1.171035108046E-02,75.481484541751));
#4527 = CARTESIAN_POINT('',(-1.185858426725E-02,75.481250173403));
#4528 = CARTESIAN_POINT('',(-1.200681758855E-02,75.4810158051));
#4529 = CARTESIAN_POINT('',(-1.215505104662E-02,75.480781436843));
#4530 = CARTESIAN_POINT('',(-1.23032846437E-02,75.480547068633));
#4531 = CARTESIAN_POINT('',(-1.245151838205E-02,75.480312700471));
#4532 = CARTESIAN_POINT('',(-0.14384219918,75.272574862671));
#4533 = CARTESIAN_POINT('',(-0.273685125544,75.067500847099));
#4534 = CARTESIAN_POINT('',(-0.405099476977,74.863137933449));
#4535 = CARTESIAN_POINT('',(-0.540248920508,74.658835999068));
#4536 = CARTESIAN_POINT('',(-0.681134703,74.455047616464));
#4537 = CARTESIAN_POINT('',(-0.829792855059,74.253613648108));
#4538 = CARTESIAN_POINT('',(-0.988378843527,74.058222760905));
#4539 = CARTESIAN_POINT('',(-1.20727060867,73.823794486268));
#4540 = CARTESIAN_POINT('',(-1.255417897074,73.774137652984));
#4541 = CARTESIAN_POINT('',(-1.30475603881,73.725319199349));
#4542 = CARTESIAN_POINT('',(-1.355315955034,73.677520143567));
#4543 = CARTESIAN_POINT('',(-1.407138887563,73.630918560396));
#4544 = CARTESIAN_POINT('',(-1.4602780985,73.585688128428));
#4545 = CARTESIAN_POINT('',(-1.514801658943,73.541996000889));
#4546 = CARTESIAN_POINT('',(-1.570796326795,73.5));
#4547 = ( GEOMETRIC_REPRESENTATION_CONTEXT(2) 
PARAMETRIC_REPRESENTATION_CONTEXT() REPRESENTATION_CONTEXT('2D SPACE',''
  ) );
#4548 = PCURVE('',#4549,#4554);
#4549 = CYLINDRICAL_SURFACE('',#4550,2.5);
#4550 = AXIS2_PLACEMENT_3D('',#4551,#4552,#4553);
#4551 = CARTESIAN_POINT('',(35.5,68.,-13.5));
#4552 = DIRECTION('',(0.,0.,1.));
#4553 = DIRECTION('',(1.,0.,0.));
#4554 = DEFINITIONAL_REPRESENTATION('',(#4555),#4635);
#4555 = B_SPLINE_CURVE_WITH_KNOTS('',8,(#4556,#4557,#4558,#4559,#4560,
    #4561,#4562,#4563,#4564,#4565,#4566,#4567,#4568,#4569,#4570,#4571,
    #4572,#4573,#4574,#4575,#4576,#4577,#4578,#4579,#4580,#4581,#4582,
    #4583,#4584,#4585,#4586,#4587,#4588,#4589,#4590,#4591,#4592,#4593,
    #4594,#4595,#4596,#4597,#4598,#4599,#4600,#4601,#4602,#4603,#4604,
    #4605,#4606,#4607,#4608,#4609,#4610,#4611,#4612,#4613,#4614,#4615,
    #4616,#4617,#4618,#4619,#4620,#4621,#4622,#4623,#4624,#4625,#4626,
    #4627,#4628,#4629,#4630,#4631,#4632,#4633,#4634),.UNSPECIFIED.,.F.,
  .F.,(9,7,7,7,7,7,7,7,7,7,7,9),(0.,1.025268004361E-03,
    2.087152087515E-03,3.149034869774E-03,4.210915689214E-03,
    5.272793884024E-03,6.334668792361E-03,7.396539752393E-03,
    8.458406102248E-03,9.337188088786E-03,0.787388041116,1.),
  .UNSPECIFIED.);
#4556 = CARTESIAN_POINT('',(1.570796326795,1.5));
#4557 = CARTESIAN_POINT('',(1.570905701803,1.499827062927));
#4558 = CARTESIAN_POINT('',(1.571015076812,1.499654125854));
#4559 = CARTESIAN_POINT('',(1.571124451822,1.499481188785));
#4560 = CARTESIAN_POINT('',(1.571233826835,1.499308251725));
#4561 = CARTESIAN_POINT('',(1.571343201853,1.499135314678));
#4562 = CARTESIAN_POINT('',(1.571452576876,1.498962377648));
#4563 = CARTESIAN_POINT('',(1.571561951908,1.498789440639));
#4564 = CARTESIAN_POINT('',(1.571784608172,1.49843739046));
#4565 = CARTESIAN_POINT('',(1.571897889406,1.498258277292));
#4566 = CARTESIAN_POINT('',(1.572011170651,1.498079164156));
#4567 = CARTESIAN_POINT('',(1.572124451909,1.497900051057));
#4568 = CARTESIAN_POINT('',(1.572237733182,1.497720938001));
#4569 = CARTESIAN_POINT('',(1.572351014472,1.497541824991));
#4570 = CARTESIAN_POINT('',(1.572464295779,1.497362712033));
#4571 = CARTESIAN_POINT('',(1.572690858295,1.497004486449));
#4572 = CARTESIAN_POINT('',(1.572804139504,1.496825373823));
#4573 = CARTESIAN_POINT('',(1.572917420734,1.496646261258));
#4574 = CARTESIAN_POINT('',(1.573030701987,1.496467148759));
#4575 = CARTESIAN_POINT('',(1.573143983265,1.496288036332));
#4576 = CARTESIAN_POINT('',(1.57325726457,1.496108923979));
#4577 = CARTESIAN_POINT('',(1.573370545902,1.495929811707));
#4578 = CARTESIAN_POINT('',(1.573597108419,1.495571587665));
#4579 = CARTESIAN_POINT('',(1.573710389602,1.495392475894));
#4580 = CARTESIAN_POINT('',(1.573823670817,1.495213364213));
#4581 = CARTESIAN_POINT('',(1.573936952065,1.495034252627));
#4582 = CARTESIAN_POINT('',(1.574050233348,1.494855141141));
#4583 = CARTESIAN_POINT('',(1.574163514668,1.494676029758));
#4584 = CARTESIAN_POINT('',(1.574276796026,1.494496918485));
#4585 = CARTESIAN_POINT('',(1.574503358542,1.494138696609));
#4586 = CARTESIAN_POINT('',(1.5746166397,1.493959586006));
#4587 = CARTESIAN_POINT('',(1.5747299209,1.493780475522));
#4588 = CARTESIAN_POINT('',(1.574843202143,1.493601365162));
#4589 = CARTESIAN_POINT('',(1.574956483431,1.493422254929));
#4590 = CARTESIAN_POINT('',(1.575069764766,1.493243144829));
#4591 = CARTESIAN_POINT('',(1.575183046149,1.493064034868));
#4592 = CARTESIAN_POINT('',(1.575409608665,1.492705815783));
#4593 = CARTESIAN_POINT('',(1.575522889798,1.492526706661));
#4594 = CARTESIAN_POINT('',(1.575636170983,1.492347597686));
#4595 = CARTESIAN_POINT('',(1.575749452221,1.492168488863));
#4596 = CARTESIAN_POINT('',(1.575862733514,1.491989380197));
#4597 = CARTESIAN_POINT('',(1.575976014864,1.491810271693));
#4598 = CARTESIAN_POINT('',(1.576089296272,1.491631163355));
#4599 = CARTESIAN_POINT('',(1.576315858788,1.491272947688));
#4600 = CARTESIAN_POINT('',(1.576429139896,1.491093840358));
#4601 = CARTESIAN_POINT('',(1.576542421066,1.490914733205));
#4602 = CARTESIAN_POINT('',(1.576655702299,1.490735626233));
#4603 = CARTESIAN_POINT('',(1.576768983597,1.490556519446));
#4604 = CARTESIAN_POINT('',(1.576882264962,1.490377412849));
#4605 = CARTESIAN_POINT('',(1.576995546396,1.490198306448));
#4606 = CARTESIAN_POINT('',(1.577222108912,1.489840094823));
#4607 = CARTESIAN_POINT('',(1.577335389994,1.489660989599));
#4608 = CARTESIAN_POINT('',(1.577448671148,1.48948188458));
#4609 = CARTESIAN_POINT('',(1.577561952376,1.489302779771));
#4610 = CARTESIAN_POINT('',(1.57767523368,1.489123675176));
#4611 = CARTESIAN_POINT('',(1.57778851506,1.4889445708));
#4612 = CARTESIAN_POINT('',(1.577901796519,1.488765466648));
#4613 = CARTESIAN_POINT('',(1.578108827875,1.488438139455));
#4614 = CARTESIAN_POINT('',(1.578202577747,1.488289916343));
#4615 = CARTESIAN_POINT('',(1.578296327676,1.48814169339));
#4616 = CARTESIAN_POINT('',(1.578390077661,1.487993470599));
#4617 = CARTESIAN_POINT('',(1.578483827704,1.487845247973));
#4618 = CARTESIAN_POINT('',(1.578577577805,1.487697025514));
#4619 = CARTESIAN_POINT('',(1.578671327967,1.487548803225));
#4620 = CARTESIAN_POINT('',(1.661769101469,1.356168551672));
#4621 = CARTESIAN_POINT('',(1.743863855058,1.226585454385));
#4622 = CARTESIAN_POINT('',(1.826607193422,1.099103660108));
#4623 = CARTESIAN_POINT('',(1.911048951601,0.974757299303));
#4624 = CARTESIAN_POINT('',(1.998060192981,0.855722023179));
#4625 = CARTESIAN_POINT('',(2.088210302588,0.745941980342));
#4626 = CARTESIAN_POINT('',(2.181900459122,0.651685865248));
#4627 = CARTESIAN_POINT('',(2.305344124003,0.564332526436));
#4628 = CARTESIAN_POINT('',(2.332178826046,0.547430990635));
#4629 = CARTESIAN_POINT('',(2.359318222653,0.532631355266));
#4630 = CARTESIAN_POINT('',(2.386723420778,0.520201175411));
#4631 = CARTESIAN_POINT('',(2.414352831896,0.510420471441));
#4632 = CARTESIAN_POINT('',(2.442160587515,0.503583305411));
#4633 = CARTESIAN_POINT('',(2.47009421087,0.5));
#4634 = CARTESIAN_POINT('',(2.498091544797,0.5));
#4635 = ( GEOMETRIC_REPRESENTATION_CONTEXT(2) 
PARAMETRIC_REPRESENTATION_CONTEXT() REPRESENTATION_CONTEXT('2D SPACE',''
  ) );
#4636 = ORIENTED_EDGE('',*,*,#2262,.F.);
#4637 = ADVANCED_FACE('',(#4638),#2566,.F.);
#4638 = FACE_BOUND('',#4639,.T.);
#4639 = EDGE_LOOP('',(#4640,#4641,#4687));
#4640 = ORIENTED_EDGE('',*,*,#2550,.F.);
#4641 = ORIENTED_EDGE('',*,*,#4642,.F.);
#4642 = EDGE_CURVE('',#4643,#2263,#4645,.T.);
#4643 = VERTEX_POINT('',#4644);
#4644 = CARTESIAN_POINT('',(37.,70.,-12.86602540378));
#4645 = SURFACE_CURVE('',#4646,(#4656,#4669),.PCURVE_S1.);
#4646 = B_SPLINE_CURVE_WITH_KNOTS('',8,(#4647,#4648,#4649,#4650,#4651,
    #4652,#4653,#4654,#4655),.UNSPECIFIED.,.F.,.F.,(9,9),(0.,1.),
  .PIECEWISE_BEZIER_KNOTS.);
#4647 = CARTESIAN_POINT('',(37.0000006,69.99999955,-12.86602566359));
#4648 = CARTESIAN_POINT('',(36.824099829164,70.131925210581,
    -12.78985843934));
#4649 = CARTESIAN_POINT('',(36.640463655439,70.242026082556,
    -12.69566820288));
#4650 = CARTESIAN_POINT('',(36.452625471242,70.330692353159,
    -12.59018583981));
#4651 = CARTESIAN_POINT('',(36.263087695925,70.399394125168,
    -12.47776014892));
#4652 = CARTESIAN_POINT('',(36.07320692627,70.449720177773,
    -12.36129097412));
#4653 = CARTESIAN_POINT('',(35.883277083559,70.483038364209,
    -12.24240469743));
#4654 = CARTESIAN_POINT('',(35.692626878101,70.499999873737,
    -12.12182811635));
#4655 = CARTESIAN_POINT('',(35.5,70.5,-12.));
#4656 = PCURVE('',#2566,#4657);
#4657 = DEFINITIONAL_REPRESENTATION('',(#4658),#4668);
#4658 = B_SPLINE_CURVE_WITH_KNOTS('',8,(#4659,#4660,#4661,#4662,#4663,
    #4664,#4665,#4666,#4667),.UNSPECIFIED.,.F.,.F.,(9,9),(0.,1.),
  .PIECEWISE_BEZIER_KNOTS.);
#4659 = CARTESIAN_POINT('',(-1.047198070812,77.0000006));
#4660 = CARTESIAN_POINT('',(-0.894863485214,76.824099829164));
#4661 = CARTESIAN_POINT('',(-0.752417429553,76.640463655439));
#4662 = CARTESIAN_POINT('',(-0.617507602183,76.452625471242));
#4663 = CARTESIAN_POINT('',(-0.488554923061,76.263087695925));
#4664 = CARTESIAN_POINT('',(-0.364041052849,76.07320692627));
#4665 = CARTESIAN_POINT('',(-0.242406474242,75.883277083559));
#4666 = CARTESIAN_POINT('',(-0.121827798954,75.692626878101));
#4667 = CARTESIAN_POINT('',(0.,75.5));
#4668 = ( GEOMETRIC_REPRESENTATION_CONTEXT(2) 
PARAMETRIC_REPRESENTATION_CONTEXT() REPRESENTATION_CONTEXT('2D SPACE',''
  ) );
#4669 = PCURVE('',#4670,#4675);
#4670 = CYLINDRICAL_SURFACE('',#4671,2.5);
#4671 = AXIS2_PLACEMENT_3D('',#4672,#4673,#4674);
#4672 = CARTESIAN_POINT('',(35.5,68.,-13.5));
#4673 = DIRECTION('',(0.,0.,1.));
#4674 = DIRECTION('',(1.,0.,0.));
#4675 = DEFINITIONAL_REPRESENTATION('',(#4676),#4686);
#4676 = B_SPLINE_CURVE_WITH_KNOTS('',8,(#4677,#4678,#4679,#4680,#4681,
    #4682,#4683,#4684,#4685),.UNSPECIFIED.,.F.,.F.,(9,9),(0.,1.),
  .PIECEWISE_BEZIER_KNOTS.);
#4677 = CARTESIAN_POINT('',(0.927294918002,0.633974336408));
#4678 = CARTESIAN_POINT('',(1.015245323209,0.710141560657));
#4679 = CARTESIAN_POINT('',(1.10043306644,0.804331797114));
#4680 = CARTESIAN_POINT('',(1.18285815096,0.909814160185));
#4681 = CARTESIAN_POINT('',(1.262833963186,1.02223985108));
#4682 = CARTESIAN_POINT('',(1.340815995985,1.138709025875));
#4683 = CARTESIAN_POINT('',(1.417485691031,1.257595302563));
#4684 = CARTESIAN_POINT('',(1.493745537951,1.378171883644));
#4685 = CARTESIAN_POINT('',(1.570796326795,1.5));
#4686 = ( GEOMETRIC_REPRESENTATION_CONTEXT(2) 
PARAMETRIC_REPRESENTATION_CONTEXT() REPRESENTATION_CONTEXT('2D SPACE',''
  ) );
#4687 = ORIENTED_EDGE('',*,*,#4688,.T.);
#4688 = EDGE_CURVE('',#4643,#2551,#4689,.T.);
#4689 = SURFACE_CURVE('',#4690,(#4695,#4702),.PCURVE_S1.);
#4690 = CIRCLE('',#4691,1.);
#4691 = AXIS2_PLACEMENT_3D('',#4692,#4693,#4694);
#4692 = CARTESIAN_POINT('',(37.,69.5,-12.));
#4693 = DIRECTION('',(1.,-1.110223024625E-16,0.));
#4694 = DIRECTION('',(1.110223024625E-16,1.,2.449293598295E-16));
#4695 = PCURVE('',#2566,#4696);
#4696 = DEFINITIONAL_REPRESENTATION('',(#4697),#4701);
#4697 = LINE('',#4698,#4699);
#4698 = CARTESIAN_POINT('',(-6.28318530718,77.));
#4699 = VECTOR('',#4700,1.);
#4700 = DIRECTION('',(1.,-0.));
#4701 = ( GEOMETRIC_REPRESENTATION_CONTEXT(2) 
PARAMETRIC_REPRESENTATION_CONTEXT() REPRESENTATION_CONTEXT('2D SPACE',''
  ) );
#4702 = PCURVE('',#2642,#4703);
#4703 = DEFINITIONAL_REPRESENTATION('',(#4704),#4708);
#4704 = LINE('',#4705,#4706);
#4705 = CARTESIAN_POINT('',(1.570796326795,-6.28318530718));
#4706 = VECTOR('',#4707,1.);
#4707 = DIRECTION('',(0.,1.));
#4708 = ( GEOMETRIC_REPRESENTATION_CONTEXT(2) 
PARAMETRIC_REPRESENTATION_CONTEXT() REPRESENTATION_CONTEXT('2D SPACE',''
  ) );
#4709 = ADVANCED_FACE('',(#4710),#2642,.F.);
#4710 = FACE_BOUND('',#4711,.F.);
#4711 = EDGE_LOOP('',(#4712,#4736,#4817,#4818));
#4712 = ORIENTED_EDGE('',*,*,#4713,.F.);
#4713 = EDGE_CURVE('',#4714,#2605,#4716,.T.);
#4714 = VERTEX_POINT('',#4715);
#4715 = CARTESIAN_POINT('',(37.5,69.5,-12.86602540378));
#4716 = SURFACE_CURVE('',#4717,(#4722,#4729),.PCURVE_S1.);
#4717 = CIRCLE('',#4718,1.);
#4718 = AXIS2_PLACEMENT_3D('',#4719,#4720,#4721);
#4719 = CARTESIAN_POINT('',(37.,69.5,-12.));
#4720 = DIRECTION('',(0.,-1.,0.));
#4721 = DIRECTION('',(1.,0.,2.449293598295E-16));
#4722 = PCURVE('',#2642,#4723);
#4723 = DEFINITIONAL_REPRESENTATION('',(#4724),#4728);
#4724 = LINE('',#4725,#4726);
#4725 = CARTESIAN_POINT('',(0.,-6.28318530718));
#4726 = VECTOR('',#4727,1.);
#4727 = DIRECTION('',(0.,1.));
#4728 = ( GEOMETRIC_REPRESENTATION_CONTEXT(2) 
PARAMETRIC_REPRESENTATION_CONTEXT() REPRESENTATION_CONTEXT('2D SPACE',''
  ) );
#4729 = PCURVE('',#2696,#4730);
#4730 = DEFINITIONAL_REPRESENTATION('',(#4731),#4735);
#4731 = LINE('',#4732,#4733);
#4732 = CARTESIAN_POINT('',(6.28318530718,142.));
#4733 = VECTOR('',#4734,1.);
#4734 = DIRECTION('',(-1.,-0.));
#4735 = ( GEOMETRIC_REPRESENTATION_CONTEXT(2) 
PARAMETRIC_REPRESENTATION_CONTEXT() REPRESENTATION_CONTEXT('2D SPACE',''
  ) );
#4736 = ORIENTED_EDGE('',*,*,#4737,.T.);
#4737 = EDGE_CURVE('',#4714,#4643,#4738,.T.);
#4738 = SURFACE_CURVE('',#4739,(#4763,#4790),.PCURVE_S1.);
#4739 = B_SPLINE_CURVE_WITH_KNOTS('',8,(#4740,#4741,#4742,#4743,#4744,
    #4745,#4746,#4747,#4748,#4749,#4750,#4751,#4752,#4753,#4754,#4755,
    #4756,#4757,#4758,#4759,#4760,#4761,#4762),.UNSPECIFIED.,.F.,.F.,(9,
    7,7,9),(0.,0.499336224559,0.813307872813,1.),.UNSPECIFIED.);
#4740 = CARTESIAN_POINT('',(37.5,69.5,-12.86602540378));
#4741 = CARTESIAN_POINT('',(37.468100531324,69.542532624901,
    -12.88444257061));
#4742 = CARTESIAN_POINT('',(37.436890566372,69.58199245036,
    -12.8982838911));
#4743 = CARTESIAN_POINT('',(37.406871098333,69.618117437206,
    -12.90835451549));
#4744 = CARTESIAN_POINT('',(37.378100952908,69.651320485609,
    -12.91560707916));
#4745 = CARTESIAN_POINT('',(37.350262394423,69.682265300684,
    -12.92065474493));
#4746 = CARTESIAN_POINT('',(37.322986581892,69.711533411622,
    -12.92388473095));
#4747 = CARTESIAN_POINT('',(37.295803641395,69.739720269108,
    -12.92551160542));
#4748 = CARTESIAN_POINT('',(37.250654130297,69.784885968042,
    -12.92553784099));
#4749 = CARTESIAN_POINT('',(37.233037335996,69.802116192536,
    -12.92491127892));
#4750 = CARTESIAN_POINT('',(37.21508862818,69.81928572005,
    -12.92364860936));
#4751 = CARTESIAN_POINT('',(37.196665842619,69.836519917031,
    -12.92171985632));
#4752 = CARTESIAN_POINT('',(37.177621403489,69.853931832938,
    -12.91906427075));
#4753 = CARTESIAN_POINT('',(37.157801438544,69.871622846473,
    -12.91558838847));
#4754 = CARTESIAN_POINT('',(37.137052019711,69.889676670069,
    -12.91116236065));
#4755 = CARTESIAN_POINT('',(37.10225834133,69.919129269681,
    -12.90231575135));
#4756 = CARTESIAN_POINT('',(37.088909264244,69.930255969888,
    -12.89862100509));
#4757 = CARTESIAN_POINT('',(37.075160190213,69.941534985756,
    -12.89449653833));
#4758 = CARTESIAN_POINT('',(37.060990444226,69.952968120407,
    -12.88990356164));
#4759 = CARTESIAN_POINT('',(37.046386527063,69.964549825781,
    -12.88480059677));
#4760 = CARTESIAN_POINT('',(37.031344858478,69.976266220831,
    -12.87914579789));
#4761 = CARTESIAN_POINT('',(37.015874520376,69.988094109718,
    -12.87289927274));
#4762 = CARTESIAN_POINT('',(37.,70.,-12.86602540378));
#4763 = PCURVE('',#2642,#4764);
#4764 = DEFINITIONAL_REPRESENTATION('',(#4765),#4789);
#4765 = B_SPLINE_CURVE_WITH_KNOTS('',8,(#4766,#4767,#4768,#4769,#4770,
    #4771,#4772,#4773,#4774,#4775,#4776,#4777,#4778,#4779,#4780,#4781,
    #4782,#4783,#4784,#4785,#4786,#4787,#4788),.UNSPECIFIED.,.F.,.F.,(9,
    7,7,9),(0.,0.499336224559,0.813307872813,1.),.UNSPECIFIED.);
#4766 = CARTESIAN_POINT('',(0.,-1.047197551197));
#4767 = CARTESIAN_POINT('',(8.506524980272E-02,-1.084031884851));
#4768 = CARTESIAN_POINT('',(0.176388399357,-1.11440029009));
#4769 = CARTESIAN_POINT('',(0.27270716075,-1.138338893214));
#4770 = CARTESIAN_POINT('',(0.372509248897,-1.156478638037));
#4771 = CARTESIAN_POINT('',(0.474371837544,-1.169561837614));
#4772 = CARTESIAN_POINT('',(0.577306453919,-1.178087802572));
#4773 = CARTESIAN_POINT('',(0.680674052679,-1.18238425278));
#4774 = CARTESIAN_POINT('',(0.849319046591,-1.182453534455));
#4775 = CARTESIAN_POINT('',(0.914398012297,-1.18079877384));
#4776 = CARTESIAN_POINT('',(0.979340630768,-1.177464338135));
#4777 = CARTESIAN_POINT('',(1.044002507104,-1.172408213042));
#4778 = CARTESIAN_POINT('',(1.108200394392,-1.165547015612));
#4779 = CARTESIAN_POINT('',(1.171711954424,-1.156761896851));
#4780 = CARTESIAN_POINT('',(1.234280863555,-1.145907870101));
#4781 = CARTESIAN_POINT('',(1.33210472914,-1.125048230226));
#4782 = CARTESIAN_POINT('',(1.368140142303,-1.116484472597));
#4783 = CARTESIAN_POINT('',(1.403665329259,-1.107105488286));
#4784 = CARTESIAN_POINT('',(1.438602715599,-1.096882289078));
#4785 = CARTESIAN_POINT('',(1.47286894389,-1.085790299328));
#4786 = CARTESIAN_POINT('',(1.506378491101,-1.073812952733));
#4787 = CARTESIAN_POINT('',(1.539047286042,-1.060945289115));
#4788 = CARTESIAN_POINT('',(1.570796326795,-1.047197551197));
#4789 = ( GEOMETRIC_REPRESENTATION_CONTEXT(2) 
PARAMETRIC_REPRESENTATION_CONTEXT() REPRESENTATION_CONTEXT('2D SPACE',''
  ) );
#4790 = PCURVE('',#4670,#4791);
#4791 = DEFINITIONAL_REPRESENTATION('',(#4792),#4816);
#4792 = B_SPLINE_CURVE_WITH_KNOTS('',8,(#4793,#4794,#4795,#4796,#4797,
    #4798,#4799,#4800,#4801,#4802,#4803,#4804,#4805,#4806,#4807,#4808,
    #4809,#4810,#4811,#4812,#4813,#4814,#4815),.UNSPECIFIED.,.F.,.F.,(9,
    7,7,9),(0.,0.499336224559,0.813307872813,1.),.UNSPECIFIED.);
#4793 = CARTESIAN_POINT('',(0.643501108793,0.633974596216));
#4794 = CARTESIAN_POINT('',(0.664767421244,0.615557429388));
#4795 = CARTESIAN_POINT('',(0.684884947958,0.6017161089));
#4796 = CARTESIAN_POINT('',(0.703664326019,0.591645484505));
#4797 = CARTESIAN_POINT('',(0.7212312907,0.584392920835));
#4798 = CARTESIAN_POINT('',(0.737875349956,0.579345255067));
#4799 = CARTESIAN_POINT('',(0.753874401368,0.576115269042));
#4800 = CARTESIAN_POINT('',(0.769535390002,0.574488394578));
#4801 = CARTESIAN_POINT('',(0.795080389396,0.574462159002));
#4802 = CARTESIAN_POINT('',(0.804936595487,0.575088721072));
#4803 = CARTESIAN_POINT('',(0.814870951761,0.576351390638));
#4804 = CARTESIAN_POINT('',(0.824960590935,0.578280143678));
#4805 = CARTESIAN_POINT('',(0.835280919175,0.58093572925));
#4806 = CARTESIAN_POINT('',(0.845906312904,0.584411611525));
#4807 = CARTESIAN_POINT('',(0.856906964512,0.588837639348));
#4808 = CARTESIAN_POINT('',(0.87514124291,0.597684248642));
#4809 = CARTESIAN_POINT('',(0.882092321344,0.601378994907));
#4810 = CARTESIAN_POINT('',(0.889205352133,0.605503461661));
#4811 = CARTESIAN_POINT('',(0.896487692276,0.61009643836));
#4812 = CARTESIAN_POINT('',(0.903942723621,0.61519940323));
#4813 = CARTESIAN_POINT('',(0.911568760574,0.620854202106));
#4814 = CARTESIAN_POINT('',(0.919357957813,0.627100727256));
#4815 = CARTESIAN_POINT('',(0.927295218002,0.633974596216));
#4816 = ( GEOMETRIC_REPRESENTATION_CONTEXT(2) 
PARAMETRIC_REPRESENTATION_CONTEXT() REPRESENTATION_CONTEXT('2D SPACE',''
  ) );
#4817 = ORIENTED_EDGE('',*,*,#4688,.T.);
#4818 = ORIENTED_EDGE('',*,*,#2627,.F.);
#4819 = ADVANCED_FACE('',(#4820),#2696,.F.);
#4820 = FACE_BOUND('',#4821,.F.);
#4821 = EDGE_LOOP('',(#4822,#4823,#5051));
#4822 = ORIENTED_EDGE('',*,*,#2682,.F.);
#4823 = ORIENTED_EDGE('',*,*,#4824,.T.);
#4824 = EDGE_CURVE('',#2660,#4714,#4825,.T.);
#4825 = SURFACE_CURVE('',#4826,(#4899,#4975),.PCURVE_S1.);
#4826 = B_SPLINE_CURVE_WITH_KNOTS('',8,(#4827,#4828,#4829,#4830,#4831,
    #4832,#4833,#4834,#4835,#4836,#4837,#4838,#4839,#4840,#4841,#4842,
    #4843,#4844,#4845,#4846,#4847,#4848,#4849,#4850,#4851,#4852,#4853,
    #4854,#4855,#4856,#4857,#4858,#4859,#4860,#4861,#4862,#4863,#4864,
    #4865,#4866,#4867,#4868,#4869,#4870,#4871,#4872,#4873,#4874,#4875,
    #4876,#4877,#4878,#4879,#4880,#4881,#4882,#4883,#4884,#4885,#4886,
    #4887,#4888,#4889,#4890,#4891,#4892,#4893,#4894,#4895,#4896,#4897,
    #4898),.UNSPECIFIED.,.F.,.F.,(9,7,7,7,7,7,7,7,7,7,9),(0.,
    1.320381797772E-03,2.640762934097E-03,4.062710351613E-03,
    5.535439106577E-03,7.008164411177E-03,8.379318545657E-03,
    9.852034589986E-03,1.132474449373E-02,1.27466646097E-02,1.),
  .UNSPECIFIED.);
#4827 = CARTESIAN_POINT('',(38.,68.,-12.));
#4828 = CARTESIAN_POINT('',(38.,68.000253906273,-12.00016058442));
#4829 = CARTESIAN_POINT('',(37.999999970529,68.000507812546,
    -12.00032116885));
#4830 = CARTESIAN_POINT('',(37.999999911586,68.000761718819,
    -12.00048175327));
#4831 = CARTESIAN_POINT('',(37.999999823172,68.001015625089,
    -12.00064233769));
#4832 = CARTESIAN_POINT('',(37.999999705287,68.001269531356,
    -12.0008029221));
#4833 = CARTESIAN_POINT('',(37.999999557931,68.00152343762,
    -12.00096350649));
#4834 = CARTESIAN_POINT('',(37.999999381103,68.001777343879,
    -12.00112409086));
#4835 = CARTESIAN_POINT('',(37.999998968506,68.002285156258,
    -12.00144525949));
#4836 = CARTESIAN_POINT('',(37.999998732736,68.002539062378,
    -12.00160584375));
#4837 = CARTESIAN_POINT('',(37.999998467494,68.002792968491,
    -12.00176642798));
#4838 = CARTESIAN_POINT('',(37.999998172782,68.003046874597,
    -12.00192701218));
#4839 = CARTESIAN_POINT('',(37.999997848598,68.003300780694,
    -12.00208759635));
#4840 = CARTESIAN_POINT('',(37.999997494943,68.003554686781,
    -12.00224818049));
#4841 = CARTESIAN_POINT('',(37.999997111816,68.003808592858,
    -12.00240876458));
#4842 = CARTESIAN_POINT('',(37.999996254883,68.004335935936,
    -12.00274228514));
#4843 = CARTESIAN_POINT('',(37.999995776367,68.004609372935,
    -12.00291522158));
#4844 = CARTESIAN_POINT('',(37.999995263672,68.00488280992,
    -12.00308815798));
#4845 = CARTESIAN_POINT('',(37.999994716798,68.005156246889,
    -12.00326109431));
#4846 = CARTESIAN_POINT('',(37.999994135743,68.005429683841,
    -12.00343403059));
#4847 = CARTESIAN_POINT('',(37.999993520509,68.005703120775,
    -12.0036069668));
#4848 = CARTESIAN_POINT('',(37.999992871095,68.005976557689,
    -12.00377990294));
#4849 = CARTESIAN_POINT('',(37.999991479495,68.0065331966,
    -12.00413195107));
#4850 = CARTESIAN_POINT('',(37.999990734823,68.006816398595,
    -12.00431106304));
#4851 = CARTESIAN_POINT('',(37.999989953487,68.007099600566,
    -12.00449017493));
#4852 = CARTESIAN_POINT('',(37.999989135487,68.007382802512,
    -12.00466928673));
#4853 = CARTESIAN_POINT('',(37.999988280821,68.007666004432,
    -12.00484839843));
#4854 = CARTESIAN_POINT('',(37.999987389491,68.007949206325,
    -12.00502751004));
#4855 = CARTESIAN_POINT('',(37.999986461495,68.008232408189,
    -12.00520662155));
#4856 = CARTESIAN_POINT('',(37.999984532177,68.008798811194,
    -12.00556484392));
#4857 = CARTESIAN_POINT('',(37.999983530855,68.009082012334,
    -12.00574395479));
#4858 = CARTESIAN_POINT('',(37.999982492867,68.009365213443,
    -12.00592306555));
#4859 = CARTESIAN_POINT('',(37.999981418215,68.009648414519,
    -12.00610217619));
#4860 = CARTESIAN_POINT('',(37.999980306898,68.009931615561,
    -12.00628128671));
#4861 = CARTESIAN_POINT('',(37.999979158916,68.010214816568,
    -12.0064603971));
#4862 = CARTESIAN_POINT('',(37.999977974269,68.010498017537,
    -12.00663950736));
#4863 = CARTESIAN_POINT('',(37.999975615877,68.011044887551,
    -12.00698537471));
#4864 = CARTESIAN_POINT('',(37.999974447015,68.011308556599,
    -12.00715213181));
#4865 = CARTESIAN_POINT('',(37.999973246371,68.011572225613,
    -12.0073188888));
#4866 = CARTESIAN_POINT('',(37.999972013945,68.011835894593,
    -12.00748564565));
#4867 = CARTESIAN_POINT('',(37.999970749737,68.012099563535,
    -12.00765240238));
#4868 = CARTESIAN_POINT('',(37.999969453747,68.012363232441,
    -12.00781915898));
#4869 = CARTESIAN_POINT('',(37.999968125974,68.012626901308,
    -12.00798591543));
#4870 = CARTESIAN_POINT('',(37.999965306162,68.013173769014,
    -12.00833177977));
#4871 = CARTESIAN_POINT('',(37.99996380924,68.013456967846,
    -12.00851088762));
#4872 = CARTESIAN_POINT('',(37.999962275653,68.013740166632,
    -12.00868999531));
#4873 = CARTESIAN_POINT('',(37.999960705401,68.01402336537,
    -12.00886910282));
#4874 = CARTESIAN_POINT('',(37.999959098484,68.014306564058,
    -12.00904821016));
#4875 = CARTESIAN_POINT('',(37.999957454901,68.014589762695,
    -12.00922731731));
#4876 = CARTESIAN_POINT('',(37.999955774654,68.014872961279,
    -12.00940642428));
#4877 = CARTESIAN_POINT('',(37.999952340837,68.015439357161,
    -12.00976463708));
#4878 = CARTESIAN_POINT('',(37.999950587266,68.015722554458,
    -12.00994374292));
#4879 = CARTESIAN_POINT('',(37.999948797031,68.016005751699,
    -12.01012284856));
#4880 = CARTESIAN_POINT('',(37.999946970131,68.016288948885,
    -12.01030195399));
#4881 = CARTESIAN_POINT('',(37.999945106566,68.016572146013,
    -12.01048105922));
#4882 = CARTESIAN_POINT('',(37.999943206335,68.016855343082,
    -12.01066016424));
#4883 = CARTESIAN_POINT('',(37.99994126944,68.017138540091,
    -12.01083926905));
#4884 = CARTESIAN_POINT('',(37.99993739038,68.017695167287,
    -12.01119130138));
#4885 = CARTESIAN_POINT('',(37.999935450702,68.017968597479,
    -12.01136422892));
#4886 = CARTESIAN_POINT('',(37.999933476844,68.018242027612,
    -12.01153715626));
#4887 = CARTESIAN_POINT('',(37.999931468806,68.018515457685,
    -12.01171008338));
#4888 = CARTESIAN_POINT('',(37.999929426587,68.018788887698,
    -12.01188301028));
#4889 = CARTESIAN_POINT('',(37.999927350188,68.019062317648,
    -12.01205593696));
#4890 = CARTESIAN_POINT('',(37.999925239609,68.019335747534,
    -12.01222886341));
#4891 = CARTESIAN_POINT('',(37.998433966894,68.209454233136,
    -12.13246618994));
#4892 = CARTESIAN_POINT('',(37.980479861683,68.397751901435,
    -12.25145961738));
#4893 = CARTESIAN_POINT('',(37.94648125637,68.585464244188,
    -12.36880880355));
#4894 = CARTESIAN_POINT('',(37.895798063802,68.772964030405,
    -12.4836182312));
#4895 = CARTESIAN_POINT('',(37.827214205794,68.959905247357,
    -12.59426096551));
#4896 = CARTESIAN_POINT('',(37.739224672214,69.145088378513,
    -12.69802524084));
#4897 = CARTESIAN_POINT('',(37.630322216648,69.326237153071,
    -12.79078392721));
#4898 = CARTESIAN_POINT('',(37.49999955,69.5000006,-12.86602566359));
#4899 = PCURVE('',#2696,#4900);
#4900 = DEFINITIONAL_REPRESENTATION('',(#4901),#4974);
#4901 = B_SPLINE_CURVE_WITH_KNOTS('',8,(#4902,#4903,#4904,#4905,#4906,
    #4907,#4908,#4909,#4910,#4911,#4912,#4913,#4914,#4915,#4916,#4917,
    #4918,#4919,#4920,#4921,#4922,#4923,#4924,#4925,#4926,#4927,#4928,
    #4929,#4930,#4931,#4932,#4933,#4934,#4935,#4936,#4937,#4938,#4939,
    #4940,#4941,#4942,#4943,#4944,#4945,#4946,#4947,#4948,#4949,#4950,
    #4951,#4952,#4953,#4954,#4955,#4956,#4957,#4958,#4959,#4960,#4961,
    #4962,#4963,#4964,#4965,#4966,#4967,#4968,#4969,#4970,#4971,#4972,
    #4973),.UNSPECIFIED.,.F.,.F.,(9,7,7,7,7,7,7,7,7,7,9),(0.,
    1.320381797772E-03,2.640762934097E-03,4.062710351613E-03,
    5.535439106577E-03,7.008164411177E-03,8.379318545657E-03,
    9.852034589986E-03,1.132474449373E-02,1.27466646097E-02,1.),
  .UNSPECIFIED.);
#4902 = CARTESIAN_POINT('',(0.,140.5));
#4903 = CARTESIAN_POINT('',(1.605844271702E-04,140.50025390627));
#4904 = CARTESIAN_POINT('',(3.211688543419E-04,140.50050781254));
#4905 = CARTESIAN_POINT('',(4.817532843536E-04,140.50076171881));
#4906 = CARTESIAN_POINT('',(6.423377200562E-04,140.50101562508));
#4907 = CARTESIAN_POINT('',(8.029221643136E-04,140.50126953135));
#4908 = CARTESIAN_POINT('',(9.63506620002E-04,140.50152343762));
#4909 = CARTESIAN_POINT('',(1.12409109001E-03,140.50177734387));
#4910 = CARTESIAN_POINT('',(1.445259984011E-03,140.50228515625));
#4911 = CARTESIAN_POINT('',(1.605844407988E-03,140.50253906237));
#4912 = CARTESIAN_POINT('',(1.766428851994E-03,140.50279296849));
#4913 = CARTESIAN_POINT('',(1.927013318871E-03,140.50304687459));
#4914 = CARTESIAN_POINT('',(2.087597811474E-03,140.50330078069));
#4915 = CARTESIAN_POINT('',(2.248182332677E-03,140.50355468678));
#4916 = CARTESIAN_POINT('',(2.40876688537E-03,140.50380859285));
#4917 = CARTESIAN_POINT('',(2.742288537839E-03,140.50433593593));
#4918 = CARTESIAN_POINT('',(2.915225643075E-03,140.50460937293));
#4919 = CARTESIAN_POINT('',(3.088162791721E-03,140.50488280992));
#4920 = CARTESIAN_POINT('',(3.26109998734E-03,140.50515624688));
#4921 = CARTESIAN_POINT('',(3.4340372335E-03,140.50542968384));
#4922 = CARTESIAN_POINT('',(3.606974533779E-03,140.50570312077));
#4923 = CARTESIAN_POINT('',(3.77991189176E-03,140.50597655768));
#4924 = CARTESIAN_POINT('',(4.13196276278E-03,140.5065331966));
#4925 = CARTESIAN_POINT('',(4.311076280262E-03,140.50681639859));
#4926 = CARTESIAN_POINT('',(4.490189867453E-03,140.50709960056));
#4927 = CARTESIAN_POINT('',(4.669303528323E-03,140.50738280251));
#4928 = CARTESIAN_POINT('',(4.848417266846E-03,140.50766600443));
#4929 = CARTESIAN_POINT('',(5.027531086992E-03,140.50794920632));
#4930 = CARTESIAN_POINT('',(5.206644992732E-03,140.50823240818));
#4931 = CARTESIAN_POINT('',(5.564872563717E-03,140.50879881119));
#4932 = CARTESIAN_POINT('',(5.743986228966E-03,140.50908201233));
#4933 = CARTESIAN_POINT('',(5.923099987751E-03,140.50936521344));
#4934 = CARTESIAN_POINT('',(6.102213844042E-03,140.50964841451));
#4935 = CARTESIAN_POINT('',(6.28132780181E-03,140.50993161556));
#4936 = CARTESIAN_POINT('',(6.460441865029E-03,140.51021481656));
#4937 = CARTESIAN_POINT('',(6.639556037674E-03,140.51049801753));
#4938 = CARTESIAN_POINT('',(6.98543142513E-03,140.51104488755));
#4939 = CARTESIAN_POINT('',(7.152192624843E-03,140.51130855659));
#4940 = CARTESIAN_POINT('',(7.318953926055E-03,140.51157222561));
#4941 = CARTESIAN_POINT('',(7.485715331966E-03,140.51183589459));
#4942 = CARTESIAN_POINT('',(7.652476845779E-03,140.51209956353));
#4943 = CARTESIAN_POINT('',(7.8192384707E-03,140.51236323244));
#4944 = CARTESIAN_POINT('',(7.986000209942E-03,140.5126269013));
#4945 = CARTESIAN_POINT('',(8.331876037854E-03,140.51317376901));
#4946 = CARTESIAN_POINT('',(8.510990144574E-03,140.51345696784));
#4947 = CARTESIAN_POINT('',(8.690104390849E-03,140.51374016663));
#4948 = CARTESIAN_POINT('',(8.869218780648E-03,140.51402336537));
#4949 = CARTESIAN_POINT('',(9.048333317943E-03,140.51430656405));
#4950 = CARTESIAN_POINT('',(9.227448006704E-03,140.51458976269));
#4951 = CARTESIAN_POINT('',(9.406562850903E-03,140.51487296127));
#4952 = CARTESIAN_POINT('',(9.764792111282E-03,140.51543935716));
#4953 = CARTESIAN_POINT('',(9.943906527451E-03,140.51572255445));
#4954 = CARTESIAN_POINT('',(1.0123021107E-02,140.51600575169));
#4955 = CARTESIAN_POINT('',(1.030213585391E-02,140.51628894888));
#4956 = CARTESIAN_POINT('',(1.048125077216E-02,140.51657214601));
#4957 = CARTESIAN_POINT('',(1.066036586571E-02,140.51685534308));
#4958 = CARTESIAN_POINT('',(1.083948113853E-02,140.51713854009));
#4959 = CARTESIAN_POINT('',(1.119153484224E-02,140.51769516728));
#4960 = CARTESIAN_POINT('',(1.13644732607E-02,140.51796859747));
#4961 = CARTESIAN_POINT('',(1.153741185357E-02,140.51824202761));
#4962 = CARTESIAN_POINT('',(1.17103506244E-02,140.51851545768));
#4963 = CARTESIAN_POINT('',(1.188328957679E-02,140.51878888769));
#4964 = CARTESIAN_POINT('',(1.205622871429E-02,140.51906231764));
#4965 = CARTESIAN_POINT('',(1.22291680405E-02,140.51933574753));
#4966 = CARTESIAN_POINT('',(0.132475742157,140.70945423313));
#4967 = CARTESIAN_POINT('',(0.251683370244,140.89775190143));
#4968 = CARTESIAN_POINT('',(0.372079163596,141.08546424418));
#4969 = CARTESIAN_POINT('',(0.495274606316,141.2729640304));
#4970 = CARTESIAN_POINT('',(0.622751844738,141.45990524735));
#4971 = CARTESIAN_POINT('',(0.756021876748,141.64508837851));
#4972 = CARTESIAN_POINT('',(0.896714462615,141.82623715307));
#4973 = CARTESIAN_POINT('',(1.047198070812,142.0000006));
#4974 = ( GEOMETRIC_REPRESENTATION_CONTEXT(2) 
PARAMETRIC_REPRESENTATION_CONTEXT() REPRESENTATION_CONTEXT('2D SPACE',''
  ) );
#4975 = PCURVE('',#4670,#4976);
#4976 = DEFINITIONAL_REPRESENTATION('',(#4977),#5050);
#4977 = B_SPLINE_CURVE_WITH_KNOTS('',8,(#4978,#4979,#4980,#4981,#4982,
    #4983,#4984,#4985,#4986,#4987,#4988,#4989,#4990,#4991,#4992,#4993,
    #4994,#4995,#4996,#4997,#4998,#4999,#5000,#5001,#5002,#5003,#5004,
    #5005,#5006,#5007,#5008,#5009,#5010,#5011,#5012,#5013,#5014,#5015,
    #5016,#5017,#5018,#5019,#5020,#5021,#5022,#5023,#5024,#5025,#5026,
    #5027,#5028,#5029,#5030,#5031,#5032,#5033,#5034,#5035,#5036,#5037,
    #5038,#5039,#5040,#5041,#5042,#5043,#5044,#5045,#5046,#5047,#5048,
    #5049),.UNSPECIFIED.,.F.,.F.,(9,7,7,7,7,7,7,7,7,7,9),(0.,
    1.320381797772E-03,2.640762934097E-03,4.062710351613E-03,
    5.535439106577E-03,7.008164411177E-03,8.379318545657E-03,
    9.852034589986E-03,1.132474449373E-02,1.27466646097E-02,1.),
  .UNSPECIFIED.);
#4978 = CARTESIAN_POINT('',(0.,1.5));
#4979 = CARTESIAN_POINT('',(1.015625092775E-04,1.499839415573));
#4980 = CARTESIAN_POINT('',(2.031250185524E-04,1.499678831146));
#4981 = CARTESIAN_POINT('',(3.046875290455E-04,1.499518246722));
#4982 = CARTESIAN_POINT('',(4.06250041973E-04,1.499357662305));
#4983 = CARTESIAN_POINT('',(5.078125585466E-04,1.499197077899));
#4984 = CARTESIAN_POINT('',(6.093750799729E-04,1.499036493506));
#4985 = CARTESIAN_POINT('',(7.109376074541E-04,1.498875909131));
#4986 = CARTESIAN_POINT('',(9.140626260353E-04,1.498554740502));
#4987 = CARTESIAN_POINT('',(1.01562511714E-03,1.498394156248));
#4988 = CARTESIAN_POINT('',(1.117187616727E-03,1.498233572019));
#4989 = CARTESIAN_POINT('',(1.218750126017E-03,1.498072987817));
#4990 = CARTESIAN_POINT('',(1.320312646221E-03,1.497912403646));
#4991 = CARTESIAN_POINT('',(1.421875178549E-03,1.49775181951));
#4992 = CARTESIAN_POINT('',(1.523437724202E-03,1.497591235412));
#4993 = CARTESIAN_POINT('',(1.734375233911E-03,1.49725771486));
#4994 = CARTESIAN_POINT('',(1.843750200301E-03,1.497084778413));
#4995 = CARTESIAN_POINT('',(1.953125185065E-03,1.496911842019));
#4996 = CARTESIAN_POINT('',(2.062500189719E-03,1.496738905681));
#4997 = CARTESIAN_POINT('',(2.171875215778E-03,1.496565969405));
#4998 = CARTESIAN_POINT('',(2.281250264755E-03,1.496393033193));
#4999 = CARTESIAN_POINT('',(2.39062533816E-03,1.496220097051));
#5000 = CARTESIAN_POINT('',(2.613281598167E-03,1.49586804893));
#5001 = CARTESIAN_POINT('',(2.726562786659E-03,1.495688936957));
#5002 = CARTESIAN_POINT('',(2.839844004658E-03,1.495509825068));
#5003 = CARTESIAN_POINT('',(2.953125253844E-03,1.495330713267));
#5004 = CARTESIAN_POINT('',(3.066406535899E-03,1.495151601561));
#5005 = CARTESIAN_POINT('',(3.179687852505E-03,1.494972489952));
#5006 = CARTESIAN_POINT('',(3.292969205343E-03,1.494793378446));
#5007 = CARTESIAN_POINT('',(3.519531721455E-03,1.494435156071));
#5008 = CARTESIAN_POINT('',(3.632812884731E-03,1.494256045201));
#5009 = CARTESIAN_POINT('',(3.746094087601E-03,1.494076934443));
#5010 = CARTESIAN_POINT('',(3.859375331745E-03,1.493897823804));
#5011 = CARTESIAN_POINT('',(3.972656618845E-03,1.493718713286));
#5012 = CARTESIAN_POINT('',(4.085937950581E-03,1.493539602895));
#5013 = CARTESIAN_POINT('',(4.199219328635E-03,1.493360492637));
#5014 = CARTESIAN_POINT('',(4.417969368023E-03,1.49301462529));
#5015 = CARTESIAN_POINT('',(4.523438022965E-03,1.492847868183));
#5016 = CARTESIAN_POINT('',(4.62890672087E-03,1.492681111199));
#5017 = CARTESIAN_POINT('',(4.734375463096E-03,1.492514354341));
#5018 = CARTESIAN_POINT('',(4.839844251E-03,1.492347597614));
#5019 = CARTESIAN_POINT('',(4.945313085938E-03,1.49218084102));
#5020 = CARTESIAN_POINT('',(5.050781969267E-03,1.492014084563));
#5021 = CARTESIAN_POINT('',(5.269531959534E-03,1.49166822023));
#5022 = CARTESIAN_POINT('',(5.382813074116E-03,1.491489112375));
#5023 = CARTESIAN_POINT('',(5.496094247769E-03,1.491310004688));
#5024 = CARTESIAN_POINT('',(5.609375482174E-03,1.491130897174));
#5025 = CARTESIAN_POINT('',(5.722656779011E-03,1.490951789837));
#5026 = CARTESIAN_POINT('',(5.835938139962E-03,1.490772682683));
#5027 = CARTESIAN_POINT('',(5.94921956671E-03,1.490593575716));
#5028 = CARTESIAN_POINT('',(6.175782082824E-03,1.490235362914));
#5029 = CARTESIAN_POINT('',(6.289063172188E-03,1.490056257078));
#5030 = CARTESIAN_POINT('',(6.402344330711E-03,1.489877151439));
#5031 = CARTESIAN_POINT('',(6.515625560073E-03,1.489698046002));
#5032 = CARTESIAN_POINT('',(6.628906861954E-03,1.489518940771));
#5033 = CARTESIAN_POINT('',(6.742188238037E-03,1.489339835751));
#5034 = CARTESIAN_POINT('',(6.855469690003E-03,1.489160730947));
#5035 = CARTESIAN_POINT('',(7.078125975007E-03,1.488808698615));
#5036 = CARTESIAN_POINT('',(7.187500802788E-03,1.488635771071));
#5037 = CARTESIAN_POINT('',(7.296875704388E-03,1.488462843737));
#5038 = CARTESIAN_POINT('',(7.406250681321E-03,1.488289916618));
#5039 = CARTESIAN_POINT('',(7.515625735103E-03,1.488116989718));
#5040 = CARTESIAN_POINT('',(7.625000867244E-03,1.48794406304));
#5041 = CARTESIAN_POINT('',(7.734376079258E-03,1.48777113659));
#5042 = CARTESIAN_POINT('',(8.378410976625E-02,1.367533810054));
#5043 = CARTESIAN_POINT('',(0.159157113365,1.248540382618));
#5044 = CARTESIAN_POINT('',(0.235014150591,1.131191196448));
#5045 = CARTESIAN_POINT('',(0.312130003546,1.016381768796));
#5046 = CARTESIAN_POINT('',(0.391139796341,0.905739034489));
#5047 = CARTESIAN_POINT('',(0.472515508719,0.801974759154));
#5048 = CARTESIAN_POINT('',(0.55661966578,0.709216072789));
#5049 = CARTESIAN_POINT('',(0.643501408793,0.633974336408));
#5050 = ( GEOMETRIC_REPRESENTATION_CONTEXT(2) 
PARAMETRIC_REPRESENTATION_CONTEXT() REPRESENTATION_CONTEXT('2D SPACE',''
  ) );
#5051 = ORIENTED_EDGE('',*,*,#4713,.T.);
#5052 = ADVANCED_FACE('',(#5053),#2750,.F.);
#5053 = FACE_BOUND('',#5054,.F.);
#5054 = EDGE_LOOP('',(#5055,#5311,#5334,#5394));
#5055 = ORIENTED_EDGE('',*,*,#5056,.T.);
#5056 = EDGE_CURVE('',#2714,#5057,#5059,.T.);
#5057 = VERTEX_POINT('',#5058);
#5058 = CARTESIAN_POINT('',(37.,-66.,-13.));
#5059 = SURFACE_CURVE('',#5060,(#5140,#5223),.PCURVE_S1.);
#5060 = B_SPLINE_CURVE_WITH_KNOTS('',8,(#5061,#5062,#5063,#5064,#5065,
    #5066,#5067,#5068,#5069,#5070,#5071,#5072,#5073,#5074,#5075,#5076,
    #5077,#5078,#5079,#5080,#5081,#5082,#5083,#5084,#5085,#5086,#5087,
    #5088,#5089,#5090,#5091,#5092,#5093,#5094,#5095,#5096,#5097,#5098,
    #5099,#5100,#5101,#5102,#5103,#5104,#5105,#5106,#5107,#5108,#5109,
    #5110,#5111,#5112,#5113,#5114,#5115,#5116,#5117,#5118,#5119,#5120,
    #5121,#5122,#5123,#5124,#5125,#5126,#5127,#5128,#5129,#5130,#5131,
    #5132,#5133,#5134,#5135,#5136,#5137,#5138,#5139),.UNSPECIFIED.,.F.,
  .F.,(9,7,7,7,7,7,7,7,7,7,7,9),(0.,9.520309348427E-04,
    1.904061392768E-03,2.929323882363E-03,3.991201087674E-03,
    5.05307580518E-03,6.041714966043E-03,7.103583006805E-03,
    8.16544662004E-03,9.190689424559E-03,0.787387607597,1.),
  .UNSPECIFIED.);
#5061 = CARTESIAN_POINT('',(38.,-68.,-12.));
#5062 = CARTESIAN_POINT('',(38.,-67.99974609372,-12.00016058442));
#5063 = CARTESIAN_POINT('',(37.999999970529,-67.99949218745,
    -12.00032116885));
#5064 = CARTESIAN_POINT('',(37.999999911586,-67.99923828118,
    -12.00048175327));
#5065 = CARTESIAN_POINT('',(37.999999823172,-67.99898437491,
    -12.00064233769));
#5066 = CARTESIAN_POINT('',(37.999999705287,-67.99873046864,
    -12.0008029221));
#5067 = CARTESIAN_POINT('',(37.999999557931,-67.99847656238,
    -12.00096350649));
#5068 = CARTESIAN_POINT('',(37.999999381103,-67.99822265612,
    -12.00112409086));
#5069 = CARTESIAN_POINT('',(37.999998968506,-67.99771484374,
    -12.00144525949));
#5070 = CARTESIAN_POINT('',(37.999998732736,-67.99746093762,
    -12.00160584375));
#5071 = CARTESIAN_POINT('',(37.999998467494,-67.9972070315,
    -12.00176642798));
#5072 = CARTESIAN_POINT('',(37.999998172782,-67.9969531254,
    -12.00192701218));
#5073 = CARTESIAN_POINT('',(37.999997848598,-67.9966992193,
    -12.00208759635));
#5074 = CARTESIAN_POINT('',(37.999997494943,-67.99644531321,
    -12.00224818049));
#5075 = CARTESIAN_POINT('',(37.999997111816,-67.99619140714,
    -12.00240876458));
#5076 = CARTESIAN_POINT('',(37.999996254883,-67.99566406406,
    -12.00274228514));
#5077 = CARTESIAN_POINT('',(37.999995776367,-67.99539062706,
    -12.00291522158));
#5078 = CARTESIAN_POINT('',(37.999995263672,-67.99511719008,
    -12.00308815798));
#5079 = CARTESIAN_POINT('',(37.999994716798,-67.99484375311,
    -12.00326109431));
#5080 = CARTESIAN_POINT('',(37.999994135743,-67.99457031615,
    -12.00343403059));
#5081 = CARTESIAN_POINT('',(37.999993520509,-67.99429687922,
    -12.0036069668));
#5082 = CARTESIAN_POINT('',(37.999992871095,-67.99402344231,
    -12.00377990294));
#5083 = CARTESIAN_POINT('',(37.999991479495,-67.9934668034,
    -12.00413195107));
#5084 = CARTESIAN_POINT('',(37.999990734823,-67.9931836014,
    -12.00431106304));
#5085 = CARTESIAN_POINT('',(37.999989953487,-67.99290039943,
    -12.00449017493));
#5086 = CARTESIAN_POINT('',(37.999989135487,-67.99261719748,
    -12.00466928673));
#5087 = CARTESIAN_POINT('',(37.999988280821,-67.99233399556,
    -12.00484839843));
#5088 = CARTESIAN_POINT('',(37.999987389491,-67.99205079367,
    -12.00502751004));
#5089 = CARTESIAN_POINT('',(37.999986461495,-67.99176759181,
    -12.00520662155));
#5090 = CARTESIAN_POINT('',(37.999984532177,-67.9912011888,
    -12.00556484392));
#5091 = CARTESIAN_POINT('',(37.999983530855,-67.99091798766,
    -12.00574395479));
#5092 = CARTESIAN_POINT('',(37.999982492867,-67.99063478655,
    -12.00592306555));
#5093 = CARTESIAN_POINT('',(37.999981418215,-67.99035158548,
    -12.00610217619));
#5094 = CARTESIAN_POINT('',(37.999980306898,-67.99006838443,
    -12.00628128671));
#5095 = CARTESIAN_POINT('',(37.999979158916,-67.98978518343,
    -12.0064603971));
#5096 = CARTESIAN_POINT('',(37.999977974269,-67.98950198246,
    -12.00663950736));
#5097 = CARTESIAN_POINT('',(37.999975615877,-67.98895511244,
    -12.00698537471));
#5098 = CARTESIAN_POINT('',(37.999974447015,-67.9886914434,
    -12.00715213181));
#5099 = CARTESIAN_POINT('',(37.999973246371,-67.98842777438,
    -12.0073188888));
#5100 = CARTESIAN_POINT('',(37.999972013945,-67.9881641054,
    -12.00748564565));
#5101 = CARTESIAN_POINT('',(37.999970749737,-67.98790043646,
    -12.00765240238));
#5102 = CARTESIAN_POINT('',(37.999969453747,-67.98763676755,
    -12.00781915898));
#5103 = CARTESIAN_POINT('',(37.999968125974,-67.98737309869,
    -12.00798591543));
#5104 = CARTESIAN_POINT('',(37.999965306162,-67.98682623098,
    -12.00833177977));
#5105 = CARTESIAN_POINT('',(37.99996380924,-67.98654303215,
    -12.00851088762));
#5106 = CARTESIAN_POINT('',(37.999962275653,-67.98625983336,
    -12.00868999531));
#5107 = CARTESIAN_POINT('',(37.999960705401,-67.98597663463,
    -12.00886910282));
#5108 = CARTESIAN_POINT('',(37.999959098484,-67.98569343594,
    -12.00904821016));
#5109 = CARTESIAN_POINT('',(37.999957454901,-67.9854102373,
    -12.00922731731));
#5110 = CARTESIAN_POINT('',(37.999955774654,-67.98512703872,
    -12.00940642428));
#5111 = CARTESIAN_POINT('',(37.999952340837,-67.98456064283,
    -12.00976463708));
#5112 = CARTESIAN_POINT('',(37.999950587266,-67.98427744554,
    -12.00994374292));
#5113 = CARTESIAN_POINT('',(37.999948797031,-67.9839942483,
    -12.01012284856));
#5114 = CARTESIAN_POINT('',(37.999946970131,-67.98371105111,
    -12.01030195399));
#5115 = CARTESIAN_POINT('',(37.999945106566,-67.98342785398,
    -12.01048105922));
#5116 = CARTESIAN_POINT('',(37.999943206335,-67.98314465691,
    -12.01066016424));
#5117 = CARTESIAN_POINT('',(37.99994126944,-67.9828614599,
    -12.01083926905));
#5118 = CARTESIAN_POINT('',(37.99993739038,-67.98230483271,
    -12.01119130138));
#5119 = CARTESIAN_POINT('',(37.999935450702,-67.98203140252,
    -12.01136422892));
#5120 = CARTESIAN_POINT('',(37.999933476844,-67.98175797238,
    -12.01153715626));
#5121 = CARTESIAN_POINT('',(37.999931468806,-67.98148454231,
    -12.01171008338));
#5122 = CARTESIAN_POINT('',(37.999929426587,-67.9812111123,
    -12.01188301028));
#5123 = CARTESIAN_POINT('',(37.999927350188,-67.98093768235,
    -12.01205593696));
#5124 = CARTESIAN_POINT('',(37.999925239609,-67.98066425246,
    -12.01222886341));
#5125 = CARTESIAN_POINT('',(37.99829514365,-67.77284755206,
    -12.14365913641));
#5126 = CARTESIAN_POINT('',(37.976994354872,-67.56773441347,
    -12.27326882869));
#5127 = CARTESIAN_POINT('',(37.936755115547,-67.36333224583,
    -12.40077807282));
#5128 = CARTESIAN_POINT('',(37.876568554355,-67.15899048539,
    -12.52515250922));
#5129 = CARTESIAN_POINT('',(37.794613503734,-66.95516152548,
    -12.64421594584));
#5130 = CARTESIAN_POINT('',(37.688681154459,-66.7536868035,
    -12.75402279436));
#5131 = CARTESIAN_POINT('',(37.556731698819,-66.55825694995,
    -12.84830139513));
#5132 = CARTESIAN_POINT('',(37.355996177152,-66.32379448626,
    -12.93566747356));
#5133 = CARTESIAN_POINT('',(37.310842486939,-66.27413765298,
    -12.95256900936));
#5134 = CARTESIAN_POINT('',(37.263647328341,-66.22531919934,
    -12.96736864473));
#5135 = CARTESIAN_POINT('',(37.214469270052,-66.17752014356,
    -12.97979882458));
#5136 = CARTESIAN_POINT('',(37.163390017492,-66.13091856039,
    -12.98957952855));
#5137 = CARTESIAN_POINT('',(37.110518166623,-66.08568812842,
    -12.99641669458));
#5138 = CARTESIAN_POINT('',(37.055994667852,-66.04199600088,-13.));
#5139 = CARTESIAN_POINT('',(37.,-66.,-13.));
#5140 = PCURVE('',#2750,#5141);
#5141 = DEFINITIONAL_REPRESENTATION('',(#5142),#5222);
#5142 = B_SPLINE_CURVE_WITH_KNOTS('',8,(#5143,#5144,#5145,#5146,#5147,
    #5148,#5149,#5150,#5151,#5152,#5153,#5154,#5155,#5156,#5157,#5158,
    #5159,#5160,#5161,#5162,#5163,#5164,#5165,#5166,#5167,#5168,#5169,
    #5170,#5171,#5172,#5173,#5174,#5175,#5176,#5177,#5178,#5179,#5180,
    #5181,#5182,#5183,#5184,#5185,#5186,#5187,#5188,#5189,#5190,#5191,
    #5192,#5193,#5194,#5195,#5196,#5197,#5198,#5199,#5200,#5201,#5202,
    #5203,#5204,#5205,#5206,#5207,#5208,#5209,#5210,#5211,#5212,#5213,
    #5214,#5215,#5216,#5217,#5218,#5219,#5220,#5221),.UNSPECIFIED.,.F.,
  .F.,(9,7,7,7,7,7,7,7,7,7,7,9),(0.,9.520309348427E-04,
    1.904061392768E-03,2.929323882363E-03,3.991201087674E-03,
    5.05307580518E-03,6.041714966043E-03,7.103583006805E-03,
    8.16544662004E-03,9.190689424559E-03,0.787387607597,1.),
  .UNSPECIFIED.);
#5143 = CARTESIAN_POINT('',(0.,4.5));
#5144 = CARTESIAN_POINT('',(1.605844271677E-04,4.500253906273));
#5145 = CARTESIAN_POINT('',(3.211688543387E-04,4.500507812546));
#5146 = CARTESIAN_POINT('',(4.817532843509E-04,4.500761718819));
#5147 = CARTESIAN_POINT('',(6.423377200548E-04,4.501015625089));
#5148 = CARTESIAN_POINT('',(8.029221643137E-04,4.501269531356));
#5149 = CARTESIAN_POINT('',(9.635066200031E-04,4.50152343762));
#5150 = CARTESIAN_POINT('',(1.124091090011E-03,4.501777343879));
#5151 = CARTESIAN_POINT('',(1.445259984011E-03,4.502285156258));
#5152 = CARTESIAN_POINT('',(1.605844407989E-03,4.502539062378));
#5153 = CARTESIAN_POINT('',(1.766428851996E-03,4.502792968491));
#5154 = CARTESIAN_POINT('',(1.927013318873E-03,4.503046874597));
#5155 = CARTESIAN_POINT('',(2.087597811476E-03,4.503300780694));
#5156 = CARTESIAN_POINT('',(2.248182332679E-03,4.503554686781));
#5157 = CARTESIAN_POINT('',(2.40876688537E-03,4.503808592858));
#5158 = CARTESIAN_POINT('',(2.74228853784E-03,4.504335935936));
#5159 = CARTESIAN_POINT('',(2.915225643075E-03,4.504609372935));
#5160 = CARTESIAN_POINT('',(3.08816279172E-03,4.50488280992));
#5161 = CARTESIAN_POINT('',(3.261099987338E-03,4.505156246889));
#5162 = CARTESIAN_POINT('',(3.434037233499E-03,4.505429683841));
#5163 = CARTESIAN_POINT('',(3.606974533778E-03,4.505703120775));
#5164 = CARTESIAN_POINT('',(3.77991189176E-03,4.505976557689));
#5165 = CARTESIAN_POINT('',(4.13196276278E-03,4.5065331966));
#5166 = CARTESIAN_POINT('',(4.311076280262E-03,4.506816398595));
#5167 = CARTESIAN_POINT('',(4.490189867453E-03,4.507099600566));
#5168 = CARTESIAN_POINT('',(4.669303528324E-03,4.507382802512));
#5169 = CARTESIAN_POINT('',(4.848417266847E-03,4.507666004432));
#5170 = CARTESIAN_POINT('',(5.027531086993E-03,4.507949206325));
#5171 = CARTESIAN_POINT('',(5.206644992732E-03,4.508232408189));
#5172 = CARTESIAN_POINT('',(5.564872563716E-03,4.508798811194));
#5173 = CARTESIAN_POINT('',(5.743986228963E-03,4.509082012334));
#5174 = CARTESIAN_POINT('',(5.923099987746E-03,4.509365213443));
#5175 = CARTESIAN_POINT('',(6.102213844036E-03,4.509648414519));
#5176 = CARTESIAN_POINT('',(6.281327801805E-03,4.509931615561));
#5177 = CARTESIAN_POINT('',(6.460441865027E-03,4.510214816568));
#5178 = CARTESIAN_POINT('',(6.639556037674E-03,4.510498017537));
#5179 = CARTESIAN_POINT('',(6.98543142513E-03,4.511044887551));
#5180 = CARTESIAN_POINT('',(7.152192624839E-03,4.511308556599));
#5181 = CARTESIAN_POINT('',(7.318953926048E-03,4.511572225613));
#5182 = CARTESIAN_POINT('',(7.485715331958E-03,4.511835894593));
#5183 = CARTESIAN_POINT('',(7.652476845772E-03,4.512099563535));
#5184 = CARTESIAN_POINT('',(7.819238470697E-03,4.512363232441));
#5185 = CARTESIAN_POINT('',(7.986000209943E-03,4.512626901308));
#5186 = CARTESIAN_POINT('',(8.331876037855E-03,4.513173769014));
#5187 = CARTESIAN_POINT('',(8.510990144571E-03,4.513456967846));
#5188 = CARTESIAN_POINT('',(8.690104390841E-03,4.513740166632));
#5189 = CARTESIAN_POINT('',(8.869218780638E-03,4.51402336537));
#5190 = CARTESIAN_POINT('',(9.048333317934E-03,4.514306564058));
#5191 = CARTESIAN_POINT('',(9.227448006699E-03,4.514589762695));
#5192 = CARTESIAN_POINT('',(9.406562850903E-03,4.514872961279));
#5193 = CARTESIAN_POINT('',(9.764792111282E-03,4.515439357161));
#5194 = CARTESIAN_POINT('',(9.943906527453E-03,4.515722554458));
#5195 = CARTESIAN_POINT('',(1.012302110701E-02,4.516005751699));
#5196 = CARTESIAN_POINT('',(1.030213585392E-02,4.516288948885));
#5197 = CARTESIAN_POINT('',(1.048125077216E-02,4.516572146013));
#5198 = CARTESIAN_POINT('',(1.066036586571E-02,4.516855343082));
#5199 = CARTESIAN_POINT('',(1.083948113853E-02,4.517138540091));
#5200 = CARTESIAN_POINT('',(1.119153484223E-02,4.517695167287));
#5201 = CARTESIAN_POINT('',(1.13644732607E-02,4.517968597479));
#5202 = CARTESIAN_POINT('',(1.153741185357E-02,4.518242027612));
#5203 = CARTESIAN_POINT('',(1.171035062441E-02,4.518515457685));
#5204 = CARTESIAN_POINT('',(1.188328957679E-02,4.518788887698));
#5205 = CARTESIAN_POINT('',(1.20562287143E-02,4.519062317648));
#5206 = CARTESIAN_POINT('',(1.22291680405E-02,4.519335747534));
#5207 = CARTESIAN_POINT('',(0.143669549487,4.727152447935));
#5208 = CARTESIAN_POINT('',(0.273534956215,4.932265586526));
#5209 = CARTESIAN_POINT('',(0.404970932363,5.136667754168));
#5210 = CARTESIAN_POINT('',(0.540142067895,5.341009514609));
#5211 = CARTESIAN_POINT('',(0.681050576497,5.544838474511));
#5212 = CARTESIAN_POINT('',(0.82973340796,5.746313196494));
#5213 = CARTESIAN_POINT('',(0.988346920322,5.941743050044));
#5214 = CARTESIAN_POINT('',(1.20727060867,6.176205513732));
#5215 = CARTESIAN_POINT('',(1.255417897074,6.225862347016));
#5216 = CARTESIAN_POINT('',(1.30475603881,6.274680800651));
#5217 = CARTESIAN_POINT('',(1.355315955034,6.322479856433));
#5218 = CARTESIAN_POINT('',(1.407138887563,6.369081439603));
#5219 = CARTESIAN_POINT('',(1.4602780985,6.414311871572));
#5220 = CARTESIAN_POINT('',(1.514801658943,6.458003999111));
#5221 = CARTESIAN_POINT('',(1.570796326795,6.5));
#5222 = ( GEOMETRIC_REPRESENTATION_CONTEXT(2) 
PARAMETRIC_REPRESENTATION_CONTEXT() REPRESENTATION_CONTEXT('2D SPACE',''
  ) );
#5223 = PCURVE('',#5224,#5229);
#5224 = CYLINDRICAL_SURFACE('',#5225,2.5);
#5225 = AXIS2_PLACEMENT_3D('',#5226,#5227,#5228);
#5226 = CARTESIAN_POINT('',(35.5,-68.,-13.5));
#5227 = DIRECTION('',(0.,0.,1.));
#5228 = DIRECTION('',(1.,0.,0.));
#5229 = DEFINITIONAL_REPRESENTATION('',(#5230),#5310);
#5230 = B_SPLINE_CURVE_WITH_KNOTS('',8,(#5231,#5232,#5233,#5234,#5235,
    #5236,#5237,#5238,#5239,#5240,#5241,#5242,#5243,#5244,#5245,#5246,
    #5247,#5248,#5249,#5250,#5251,#5252,#5253,#5254,#5255,#5256,#5257,
    #5258,#5259,#5260,#5261,#5262,#5263,#5264,#5265,#5266,#5267,#5268,
    #5269,#5270,#5271,#5272,#5273,#5274,#5275,#5276,#5277,#5278,#5279,
    #5280,#5281,#5282,#5283,#5284,#5285,#5286,#5287,#5288,#5289,#5290,
    #5291,#5292,#5293,#5294,#5295,#5296,#5297,#5298,#5299,#5300,#5301,
    #5302,#5303,#5304,#5305,#5306,#5307,#5308,#5309),.UNSPECIFIED.,.F.,
  .F.,(9,7,7,7,7,7,7,7,7,7,7,9),(0.,9.520309348427E-04,
    1.904061392768E-03,2.929323882363E-03,3.991201087674E-03,
    5.05307580518E-03,6.041714966043E-03,7.103583006805E-03,
    8.16544662004E-03,9.190689424559E-03,0.787387607597,1.),
  .UNSPECIFIED.);
#5231 = CARTESIAN_POINT('',(0.,1.5));
#5232 = CARTESIAN_POINT('',(1.015625092759E-04,1.499839415573));
#5233 = CARTESIAN_POINT('',(2.031250185503E-04,1.499678831146));
#5234 = CARTESIAN_POINT('',(3.046875290437E-04,1.499518246722));
#5235 = CARTESIAN_POINT('',(4.062500419721E-04,1.499357662305));
#5236 = CARTESIAN_POINT('',(5.078125585466E-04,1.499197077899));
#5237 = CARTESIAN_POINT('',(6.093750799736E-04,1.499036493506));
#5238 = CARTESIAN_POINT('',(7.109376074548E-04,1.498875909131));
#5239 = CARTESIAN_POINT('',(9.14062626035E-04,1.498554740502));
#5240 = CARTESIAN_POINT('',(1.015625117141E-03,1.498394156248));
#5241 = CARTESIAN_POINT('',(1.117187616729E-03,1.498233572019));
#5242 = CARTESIAN_POINT('',(1.218750126018E-03,1.498072987817));
#5243 = CARTESIAN_POINT('',(1.320312646223E-03,1.497912403646));
#5244 = CARTESIAN_POINT('',(1.42187517855E-03,1.49775181951));
#5245 = CARTESIAN_POINT('',(1.523437724202E-03,1.497591235412));
#5246 = CARTESIAN_POINT('',(1.734375233911E-03,1.49725771486));
#5247 = CARTESIAN_POINT('',(1.843750200301E-03,1.497084778413));
#5248 = CARTESIAN_POINT('',(1.953125185064E-03,1.496911842019));
#5249 = CARTESIAN_POINT('',(2.062500189718E-03,1.496738905681));
#5250 = CARTESIAN_POINT('',(2.171875215777E-03,1.496565969405));
#5251 = CARTESIAN_POINT('',(2.281250264754E-03,1.496393033193));
#5252 = CARTESIAN_POINT('',(2.390625338159E-03,1.496220097051));
#5253 = CARTESIAN_POINT('',(2.613281598166E-03,1.49586804893));
#5254 = CARTESIAN_POINT('',(2.726562786659E-03,1.495688936957));
#5255 = CARTESIAN_POINT('',(2.839844004658E-03,1.495509825068));
#5256 = CARTESIAN_POINT('',(2.953125253844E-03,1.495330713267));
#5257 = CARTESIAN_POINT('',(3.066406535899E-03,1.495151601561));
#5258 = CARTESIAN_POINT('',(3.179687852505E-03,1.494972489952));
#5259 = CARTESIAN_POINT('',(3.292969205342E-03,1.494793378446));
#5260 = CARTESIAN_POINT('',(3.519531721455E-03,1.494435156071));
#5261 = CARTESIAN_POINT('',(3.632812884729E-03,1.494256045201));
#5262 = CARTESIAN_POINT('',(3.746094087597E-03,1.494076934443));
#5263 = CARTESIAN_POINT('',(3.859375331741E-03,1.493897823804));
#5264 = CARTESIAN_POINT('',(3.972656618841E-03,1.493718713286));
#5265 = CARTESIAN_POINT('',(4.085937950579E-03,1.493539602895));
#5266 = CARTESIAN_POINT('',(4.199219328634E-03,1.493360492637));
#5267 = CARTESIAN_POINT('',(4.417969368023E-03,1.49301462529));
#5268 = CARTESIAN_POINT('',(4.523438022962E-03,1.492847868183));
#5269 = CARTESIAN_POINT('',(4.628906720865E-03,1.492681111199));
#5270 = CARTESIAN_POINT('',(4.73437546309E-03,1.492514354341));
#5271 = CARTESIAN_POINT('',(4.839844250995E-03,1.492347597614));
#5272 = CARTESIAN_POINT('',(4.945313085935E-03,1.49218084102));
#5273 = CARTESIAN_POINT('',(5.050781969267E-03,1.492014084563));
#5274 = CARTESIAN_POINT('',(5.269531959534E-03,1.49166822023));
#5275 = CARTESIAN_POINT('',(5.382813074116E-03,1.491489112375));
#5276 = CARTESIAN_POINT('',(5.496094247768E-03,1.491310004688));
#5277 = CARTESIAN_POINT('',(5.609375482173E-03,1.491130897174));
#5278 = CARTESIAN_POINT('',(5.722656779009E-03,1.490951789837));
#5279 = CARTESIAN_POINT('',(5.835938139961E-03,1.490772682683));
#5280 = CARTESIAN_POINT('',(5.949219566709E-03,1.490593575716));
#5281 = CARTESIAN_POINT('',(6.175782082824E-03,1.490235362914));
#5282 = CARTESIAN_POINT('',(6.28906317219E-03,1.490056257078));
#5283 = CARTESIAN_POINT('',(6.402344330715E-03,1.489877151439));
#5284 = CARTESIAN_POINT('',(6.515625560078E-03,1.489698046002));
#5285 = CARTESIAN_POINT('',(6.628906861958E-03,1.489518940771));
#5286 = CARTESIAN_POINT('',(6.742188238038E-03,1.489339835751));
#5287 = CARTESIAN_POINT('',(6.855469690001E-03,1.489160730947));
#5288 = CARTESIAN_POINT('',(7.078125975006E-03,1.488808698615));
#5289 = CARTESIAN_POINT('',(7.187500802788E-03,1.488635771071));
#5290 = CARTESIAN_POINT('',(7.29687570439E-03,1.488462843737));
#5291 = CARTESIAN_POINT('',(7.406250681325E-03,1.488289916618));
#5292 = CARTESIAN_POINT('',(7.515625735106E-03,1.488116989718));
#5293 = CARTESIAN_POINT('',(7.625000867245E-03,1.48794406304));
#5294 = CARTESIAN_POINT('',(7.734376079258E-03,1.48777113659));
#5295 = CARTESIAN_POINT('',(9.086361346625E-02,1.356340863586));
#5296 = CARTESIAN_POINT('',(0.172972974778,1.226731171301));
#5297 = CARTESIAN_POINT('',(0.255730546755,1.099221927172));
#5298 = CARTESIAN_POINT('',(0.340186646582,0.974847490779));
#5299 = CARTESIAN_POINT('',(0.427212855555,0.855784054155));
#5300 = CARTESIAN_POINT('',(0.51737887062,0.745977205638));
#5301 = CARTESIAN_POINT('',(0.611086129286,0.65169860487));
#5302 = CARTESIAN_POINT('',(0.734547797208,0.564332526436));
#5303 = CARTESIAN_POINT('',(0.761382499251,0.547430990635));
#5304 = CARTESIAN_POINT('',(0.788521895859,0.532631355266));
#5305 = CARTESIAN_POINT('',(0.815927093983,0.520201175411));
#5306 = CARTESIAN_POINT('',(0.843556505101,0.510420471441));
#5307 = CARTESIAN_POINT('',(0.87136426072,0.503583305411));
#5308 = CARTESIAN_POINT('',(0.899297884076,0.5));
#5309 = CARTESIAN_POINT('',(0.927295218002,0.5));
#5310 = ( GEOMETRIC_REPRESENTATION_CONTEXT(2) 
PARAMETRIC_REPRESENTATION_CONTEXT() REPRESENTATION_CONTEXT('2D SPACE',''
  ) );
#5311 = ORIENTED_EDGE('',*,*,#5312,.T.);
#5312 = EDGE_CURVE('',#5057,#5313,#5315,.T.);
#5313 = VERTEX_POINT('',#5314);
#5314 = CARTESIAN_POINT('',(37.,66.,-13.));
#5315 = SURFACE_CURVE('',#5316,(#5320,#5327),.PCURVE_S1.);
#5316 = LINE('',#5317,#5318);
#5317 = CARTESIAN_POINT('',(37.,-72.5,-13.));
#5318 = VECTOR('',#5319,1.);
#5319 = DIRECTION('',(0.,1.,0.));
#5320 = PCURVE('',#2750,#5321);
#5321 = DEFINITIONAL_REPRESENTATION('',(#5322),#5326);
#5322 = LINE('',#5323,#5324);
#5323 = CARTESIAN_POINT('',(1.570796326795,0.));
#5324 = VECTOR('',#5325,1.);
#5325 = DIRECTION('',(0.,1.));
#5326 = ( GEOMETRIC_REPRESENTATION_CONTEXT(2) 
PARAMETRIC_REPRESENTATION_CONTEXT() REPRESENTATION_CONTEXT('2D SPACE',''
  ) );
#5327 = PCURVE('',#3405,#5328);
#5328 = DEFINITIONAL_REPRESENTATION('',(#5329),#5333);
#5329 = LINE('',#5330,#5331);
#5330 = CARTESIAN_POINT('',(77.,0.));
#5331 = VECTOR('',#5332,1.);
#5332 = DIRECTION('',(0.,1.));
#5333 = ( GEOMETRIC_REPRESENTATION_CONTEXT(2) 
PARAMETRIC_REPRESENTATION_CONTEXT() REPRESENTATION_CONTEXT('2D SPACE',''
  ) );
#5334 = ORIENTED_EDGE('',*,*,#5335,.T.);
#5335 = EDGE_CURVE('',#5313,#2660,#5336,.T.);
#5336 = SURFACE_CURVE('',#5337,(#5354,#5374),.PCURVE_S1.);
#5337 = B_SPLINE_CURVE_WITH_KNOTS('',8,(#5338,#5339,#5340,#5341,#5342,
    #5343,#5344,#5345,#5346,#5347,#5348,#5349,#5350,#5351,#5352,#5353),
  .UNSPECIFIED.,.F.,.F.,(9,7,9),(0.,0.217101983844,1.),.UNSPECIFIED.);
#5338 = CARTESIAN_POINT('',(37.,66.,-13.));
#5339 = CARTESIAN_POINT('',(37.057153438588,66.042865078941,-13.));
#5340 = CARTESIAN_POINT('',(37.112769488084,66.087493690488,
    -12.99626685369));
#5341 = CARTESIAN_POINT('',(37.166658091349,66.133718549366,
    -12.98915195187));
#5342 = CARTESIAN_POINT('',(37.218672237819,66.181362803404,
    -12.97898519041));
#5343 = CARTESIAN_POINT('',(37.268699918755,66.230243178857,
    -12.96607818089));
#5344 = CARTESIAN_POINT('',(37.316658010866,66.28017235779,
    -12.95072673382));
#5345 = CARTESIAN_POINT('',(37.362488088283,66.330960587553,
    -12.93321261459));
#5346 = CARTESIAN_POINT('',(37.56361971244,66.567973321653,
    -12.84381664423));
#5347 = CARTESIAN_POINT('',(37.695234319325,66.764913770768,
    -12.74818236744));
#5348 = CARTESIAN_POINT('',(37.800691969839,66.968023262692,
    -12.63699400645));
#5349 = CARTESIAN_POINT('',(37.881876731853,67.173470940683,
    -12.51656476027));
#5350 = CARTESIAN_POINT('',(37.940972060716,67.37915708474,
    -12.3910749778));
#5351 = CARTESIAN_POINT('',(37.980005303061,67.584596414435,
    -12.2627222303));
#5352 = CARTESIAN_POINT('',(37.999999701471,67.790853466331,
    -12.13227622887));
#5353 = CARTESIAN_POINT('',(38.,68.,-12.));
#5354 = PCURVE('',#2750,#5355);
#5355 = DEFINITIONAL_REPRESENTATION('',(#5356),#5373);
#5356 = B_SPLINE_CURVE_WITH_KNOTS('',8,(#5357,#5358,#5359,#5360,#5361,
    #5362,#5363,#5364,#5365,#5366,#5367,#5368,#5369,#5370,#5371,#5372),
  .UNSPECIFIED.,.F.,.F.,(9,7,9),(0.,0.217101983844,1.),.UNSPECIFIED.);
#5357 = CARTESIAN_POINT('',(1.570796326795,138.5));
#5358 = CARTESIAN_POINT('',(1.513642888207,138.54286507894));
#5359 = CARTESIAN_POINT('',(1.458026767052,138.58749369048));
#5360 = CARTESIAN_POINT('',(1.403853875129,138.63371854936));
#5361 = CARTESIAN_POINT('',(1.351050400027,138.6813628034));
#5362 = CARTESIAN_POINT('',(1.299558456616,138.73024317885));
#5363 = CARTESIAN_POINT('',(1.249332962252,138.78017235779));
#5364 = CARTESIAN_POINT('',(1.200339735706,138.83096058755));
#5365 = CARTESIAN_POINT('',(0.980236192452,139.06797332165));
#5366 = CARTESIAN_POINT('',(0.821121740352,139.26491377076));
#5367 = CARTESIAN_POINT('',(0.671811722817,139.46802326269));
#5368 = CARTESIAN_POINT('',(0.530287742344,139.67347094068));
#5369 = CARTESIAN_POINT('',(0.394590291719,139.87915708474));
#5370 = CARTESIAN_POINT('',(0.26272585177,140.08459641443));
#5371 = CARTESIAN_POINT('',(0.132275623119,140.29085346633));
#5372 = CARTESIAN_POINT('',(0.,140.5));
#5373 = ( GEOMETRIC_REPRESENTATION_CONTEXT(2) 
PARAMETRIC_REPRESENTATION_CONTEXT() REPRESENTATION_CONTEXT('2D SPACE',''
  ) );
#5374 = PCURVE('',#4549,#5375);
#5375 = DEFINITIONAL_REPRESENTATION('',(#5376),#5393);
#5376 = B_SPLINE_CURVE_WITH_KNOTS('',8,(#5377,#5378,#5379,#5380,#5381,
    #5382,#5383,#5384,#5385,#5386,#5387,#5388,#5389,#5390,#5391,#5392),
  .UNSPECIFIED.,.F.,.F.,(9,7,9),(0.,0.217101983844,1.),.UNSPECIFIED.);
#5377 = CARTESIAN_POINT('',(5.355890089178,0.5));
#5378 = CARTESIAN_POINT('',(5.384466808472,0.5));
#5379 = CARTESIAN_POINT('',(5.412974803034,0.503733146306));
#5380 = CARTESIAN_POINT('',(5.441348704361,0.510848048128));
#5381 = CARTESIAN_POINT('',(5.469533799309,0.521014809583));
#5382 = CARTESIAN_POINT('',(5.497482635054,0.533921819105));
#5383 = CARTESIAN_POINT('',(5.525152462891,0.549273266177));
#5384 = CARTESIAN_POINT('',(5.552503520873,0.566787385405));
#5385 = CARTESIAN_POINT('',(5.676844321167,0.656183355767));
#5386 = CARTESIAN_POINT('',(5.770971649476,0.751817632553));
#5387 = CARTESIAN_POINT('',(5.861617259576,0.86300599354));
#5388 = CARTESIAN_POINT('',(5.949110582638,0.983435239731));
#5389 = CARTESIAN_POINT('',(6.033954599117,1.1089250222));
#5390 = CARTESIAN_POINT('',(6.117024360172,1.237277769696));
#5391 = CARTESIAN_POINT('',(6.199526606339,1.367723771121));
#5392 = CARTESIAN_POINT('',(6.28318530718,1.5));
#5393 = ( GEOMETRIC_REPRESENTATION_CONTEXT(2) 
PARAMETRIC_REPRESENTATION_CONTEXT() REPRESENTATION_CONTEXT('2D SPACE',''
  ) );
#5394 = ORIENTED_EDGE('',*,*,#2736,.F.);
#5395 = ADVANCED_FACE('',(#5396),#2916,.F.);
#5396 = FACE_BOUND('',#5397,.F.);
#5397 = EDGE_LOOP('',(#5398,#5422,#5466));
#5398 = ORIENTED_EDGE('',*,*,#5399,.F.);
#5399 = EDGE_CURVE('',#5400,#2880,#5402,.T.);
#5400 = VERTEX_POINT('',#5401);
#5401 = CARTESIAN_POINT('',(37.5,-69.5,-12.86602540378));
#5402 = SURFACE_CURVE('',#5403,(#5408,#5415),.PCURVE_S1.);
#5403 = CIRCLE('',#5404,1.);
#5404 = AXIS2_PLACEMENT_3D('',#5405,#5406,#5407);
#5405 = CARTESIAN_POINT('',(37.,-69.5,-12.));
#5406 = DIRECTION('',(0.,-1.,0.));
#5407 = DIRECTION('',(1.,0.,2.449293598295E-16));
#5408 = PCURVE('',#2916,#5409);
#5409 = DEFINITIONAL_REPRESENTATION('',(#5410),#5414);
#5410 = LINE('',#5411,#5412);
#5411 = CARTESIAN_POINT('',(6.28318530718,3.));
#5412 = VECTOR('',#5413,1.);
#5413 = DIRECTION('',(-1.,-0.));
#5414 = ( GEOMETRIC_REPRESENTATION_CONTEXT(2) 
PARAMETRIC_REPRESENTATION_CONTEXT() REPRESENTATION_CONTEXT('2D SPACE',''
  ) );
#5415 = PCURVE('',#2952,#5416);
#5416 = DEFINITIONAL_REPRESENTATION('',(#5417),#5421);
#5417 = LINE('',#5418,#5419);
#5418 = CARTESIAN_POINT('',(-0.,-6.28318530718));
#5419 = VECTOR('',#5420,1.);
#5420 = DIRECTION('',(-0.,1.));
#5421 = ( GEOMETRIC_REPRESENTATION_CONTEXT(2) 
PARAMETRIC_REPRESENTATION_CONTEXT() REPRESENTATION_CONTEXT('2D SPACE',''
  ) );
#5422 = ORIENTED_EDGE('',*,*,#5423,.T.);
#5423 = EDGE_CURVE('',#5400,#2714,#5424,.T.);
#5424 = SURFACE_CURVE('',#5425,(#5435,#5448),.PCURVE_S1.);
#5425 = B_SPLINE_CURVE_WITH_KNOTS('',8,(#5426,#5427,#5428,#5429,#5430,
    #5431,#5432,#5433,#5434),.UNSPECIFIED.,.F.,.F.,(9,9),(0.,1.),
  .PIECEWISE_BEZIER_KNOTS.);
#5426 = CARTESIAN_POINT('',(37.49999955,-69.5000006,-12.86602566359));
#5427 = CARTESIAN_POINT('',(37.63192521057,-69.32409982917,
    -12.78985843934));
#5428 = CARTESIAN_POINT('',(37.742026082556,-69.14046365544,
    -12.69566820289));
#5429 = CARTESIAN_POINT('',(37.830692353174,-68.95262547121,
    -12.5901858398));
#5430 = CARTESIAN_POINT('',(37.899394125164,-68.76308769591,
    -12.47776014891));
#5431 = CARTESIAN_POINT('',(37.949720177764,-68.57320692628,
    -12.36129097413));
#5432 = CARTESIAN_POINT('',(37.983038364213,-68.38327708359,
    -12.24240469745));
#5433 = CARTESIAN_POINT('',(37.999999873738,-68.19262687806,
    -12.12182811633));
#5434 = CARTESIAN_POINT('',(38.,-68.,-12.));
#5435 = PCURVE('',#2916,#5436);
#5436 = DEFINITIONAL_REPRESENTATION('',(#5437),#5447);
#5437 = B_SPLINE_CURVE_WITH_KNOTS('',8,(#5438,#5439,#5440,#5441,#5442,
    #5443,#5444,#5445,#5446),.UNSPECIFIED.,.F.,.F.,(9,9),(0.,1.),
  .PIECEWISE_BEZIER_KNOTS.);
#5438 = CARTESIAN_POINT('',(1.047198070812,2.9999994));
#5439 = CARTESIAN_POINT('',(0.894863485225,3.175900170823));
#5440 = CARTESIAN_POINT('',(0.752417429555,3.359536344555));
#5441 = CARTESIAN_POINT('',(0.617507602166,3.54737452878));
#5442 = CARTESIAN_POINT('',(0.488554923056,3.736912304087));
#5443 = CARTESIAN_POINT('',(0.364041052857,3.926793073716));
#5444 = CARTESIAN_POINT('',(0.242406474263,4.116722916408));
#5445 = CARTESIAN_POINT('',(0.121827798932,4.307373121934));
#5446 = CARTESIAN_POINT('',(0.,4.5));
#5447 = ( GEOMETRIC_REPRESENTATION_CONTEXT(2) 
PARAMETRIC_REPRESENTATION_CONTEXT() REPRESENTATION_CONTEXT('2D SPACE',''
  ) );
#5448 = PCURVE('',#5449,#5454);
#5449 = CYLINDRICAL_SURFACE('',#5450,2.5);
#5450 = AXIS2_PLACEMENT_3D('',#5451,#5452,#5453);
#5451 = CARTESIAN_POINT('',(35.5,-68.,-13.5));
#5452 = DIRECTION('',(0.,0.,1.));
#5453 = DIRECTION('',(1.,0.,0.));
#5454 = DEFINITIONAL_REPRESENTATION('',(#5455),#5465);
#5455 = B_SPLINE_CURVE_WITH_KNOTS('',8,(#5456,#5457,#5458,#5459,#5460,
    #5461,#5462,#5463,#5464),.UNSPECIFIED.,.F.,.F.,(9,9),(0.,1.),
  .PIECEWISE_BEZIER_KNOTS.);
#5456 = CARTESIAN_POINT('',(5.639683898386,0.633974336408));
#5457 = CARTESIAN_POINT('',(5.727634303586,0.710141560651));
#5458 = CARTESIAN_POINT('',(5.812822046823,0.804331797109));
#5459 = CARTESIAN_POINT('',(5.895247131355,0.909814160197));
#5460 = CARTESIAN_POINT('',(5.975222943574,1.02223985109));
#5461 = CARTESIAN_POINT('',(6.053204976364,1.138709025866));
#5462 = CARTESIAN_POINT('',(6.129874671402,1.257595302542));
#5463 = CARTESIAN_POINT('',(6.20613451835,1.378171883666));
#5464 = CARTESIAN_POINT('',(6.28318530718,1.5));
#5465 = ( GEOMETRIC_REPRESENTATION_CONTEXT(2) 
PARAMETRIC_REPRESENTATION_CONTEXT() REPRESENTATION_CONTEXT('2D SPACE',''
  ) );
#5466 = ORIENTED_EDGE('',*,*,#2902,.F.);
#5467 = ADVANCED_FACE('',(#5468),#2952,.F.);
#5468 = FACE_BOUND('',#5469,.T.);
#5469 = EDGE_LOOP('',(#5470,#5471,#5554,#5576));
#5470 = ORIENTED_EDGE('',*,*,#5399,.F.);
#5471 = ORIENTED_EDGE('',*,*,#5472,.F.);
#5472 = EDGE_CURVE('',#5473,#5400,#5475,.T.);
#5473 = VERTEX_POINT('',#5474);
#5474 = CARTESIAN_POINT('',(37.,-70.,-12.86602540378));
#5475 = SURFACE_CURVE('',#5476,(#5500,#5527),.PCURVE_S1.);
#5476 = B_SPLINE_CURVE_WITH_KNOTS('',8,(#5477,#5478,#5479,#5480,#5481,
    #5482,#5483,#5484,#5485,#5486,#5487,#5488,#5489,#5490,#5491,#5492,
    #5493,#5494,#5495,#5496,#5497,#5498,#5499),.UNSPECIFIED.,.F.,.F.,(9,
    7,7,9),(0.,0.499336224559,0.813307872813,1.),.UNSPECIFIED.);
#5477 = CARTESIAN_POINT('',(37.,-70.,-12.86602540378));
#5478 = CARTESIAN_POINT('',(37.042532624901,-69.96810053132,
    -12.88444257061));
#5479 = CARTESIAN_POINT('',(37.08199245036,-69.93689056637,
    -12.8982838911));
#5480 = CARTESIAN_POINT('',(37.118117437206,-69.90687109833,
    -12.90835451549));
#5481 = CARTESIAN_POINT('',(37.151320485609,-69.8781009529,
    -12.91560707916));
#5482 = CARTESIAN_POINT('',(37.182265300684,-69.85026239442,
    -12.92065474493));
#5483 = CARTESIAN_POINT('',(37.211533411622,-69.82298658189,
    -12.92388473095));
#5484 = CARTESIAN_POINT('',(37.239720269108,-69.79580364139,
    -12.92551160542));
#5485 = CARTESIAN_POINT('',(37.284885968042,-69.75065413029,
    -12.92553784099));
#5486 = CARTESIAN_POINT('',(37.302116192536,-69.73303733599,
    -12.92491127892));
#5487 = CARTESIAN_POINT('',(37.31928572005,-69.71508862818,
    -12.92364860936));
#5488 = CARTESIAN_POINT('',(37.336519917031,-69.69666584261,
    -12.92171985632));
#5489 = CARTESIAN_POINT('',(37.353931832938,-69.67762140348,
    -12.91906427075));
#5490 = CARTESIAN_POINT('',(37.371622846474,-69.65780143854,
    -12.91558838847));
#5491 = CARTESIAN_POINT('',(37.389676670069,-69.63705201971,
    -12.91116236065));
#5492 = CARTESIAN_POINT('',(37.419129269681,-69.60225834133,
    -12.90231575135));
#5493 = CARTESIAN_POINT('',(37.430255969888,-69.58890926424,
    -12.89862100509));
#5494 = CARTESIAN_POINT('',(37.441534985756,-69.57516019021,
    -12.89449653833));
#5495 = CARTESIAN_POINT('',(37.452968120407,-69.56099044422,
    -12.88990356164));
#5496 = CARTESIAN_POINT('',(37.464549825781,-69.54638652706,
    -12.88480059677));
#5497 = CARTESIAN_POINT('',(37.476266220831,-69.53134485847,
    -12.87914579789));
#5498 = CARTESIAN_POINT('',(37.488094109718,-69.51587452037,
    -12.87289927274));
#5499 = CARTESIAN_POINT('',(37.5,-69.5,-12.86602540378));
#5500 = PCURVE('',#2952,#5501);
#5501 = DEFINITIONAL_REPRESENTATION('',(#5502),#5526);
#5502 = B_SPLINE_CURVE_WITH_KNOTS('',8,(#5503,#5504,#5505,#5506,#5507,
    #5508,#5509,#5510,#5511,#5512,#5513,#5514,#5515,#5516,#5517,#5518,
    #5519,#5520,#5521,#5522,#5523,#5524,#5525),.UNSPECIFIED.,.F.,.F.,(9,
    7,7,9),(0.,0.499336224559,0.813307872813,1.),.UNSPECIFIED.);
#5503 = CARTESIAN_POINT('',(-1.570796326795,-1.047197551197));
#5504 = CARTESIAN_POINT('',(-1.485731076992,-1.084031884851));
#5505 = CARTESIAN_POINT('',(-1.394407927439,-1.11440029009));
#5506 = CARTESIAN_POINT('',(-1.298089166045,-1.138338893215));
#5507 = CARTESIAN_POINT('',(-1.198287077898,-1.156478638037));
#5508 = CARTESIAN_POINT('',(-1.096424489251,-1.169561837614));
#5509 = CARTESIAN_POINT('',(-0.993489872876,-1.178087802572));
#5510 = CARTESIAN_POINT('',(-0.890122274116,-1.18238425278));
#5511 = CARTESIAN_POINT('',(-0.721477280203,-1.182453534455));
#5512 = CARTESIAN_POINT('',(-0.656398314498,-1.18079877384));
#5513 = CARTESIAN_POINT('',(-0.591455696026,-1.177464338135));
#5514 = CARTESIAN_POINT('',(-0.526793819691,-1.172408213042));
#5515 = CARTESIAN_POINT('',(-0.462595932403,-1.165547015612));
#5516 = CARTESIAN_POINT('',(-0.399084372371,-1.156761896851));
#5517 = CARTESIAN_POINT('',(-0.336515463239,-1.145907870101));
#5518 = CARTESIAN_POINT('',(-0.238691597655,-1.125048230226));
#5519 = CARTESIAN_POINT('',(-0.202656184492,-1.116484472597));
#5520 = CARTESIAN_POINT('',(-0.167130997536,-1.107105488286));
#5521 = CARTESIAN_POINT('',(-0.132193611195,-1.096882289078));
#5522 = CARTESIAN_POINT('',(-9.792738290501E-02,-1.085790299328));
#5523 = CARTESIAN_POINT('',(-6.4417835694E-02,-1.073812952733));
#5524 = CARTESIAN_POINT('',(-3.174904075256E-02,-1.060945289115));
#5525 = CARTESIAN_POINT('',(0.,-1.047197551197));
#5526 = ( GEOMETRIC_REPRESENTATION_CONTEXT(2) 
PARAMETRIC_REPRESENTATION_CONTEXT() REPRESENTATION_CONTEXT('2D SPACE',''
  ) );
#5527 = PCURVE('',#5449,#5528);
#5528 = DEFINITIONAL_REPRESENTATION('',(#5529),#5553);
#5529 = B_SPLINE_CURVE_WITH_KNOTS('',8,(#5530,#5531,#5532,#5533,#5534,
    #5535,#5536,#5537,#5538,#5539,#5540,#5541,#5542,#5543,#5544,#5545,
    #5546,#5547,#5548,#5549,#5550,#5551,#5552),.UNSPECIFIED.,.F.,.F.,(9,
    7,7,9),(0.,0.499336224559,0.813307872813,1.),.UNSPECIFIED.);
#5530 = CARTESIAN_POINT('',(5.355890089178,0.633974596216));
#5531 = CARTESIAN_POINT('',(5.377156401629,0.615557429388));
#5532 = CARTESIAN_POINT('',(5.397273928343,0.6017161089));
#5533 = CARTESIAN_POINT('',(5.416053306404,0.591645484505));
#5534 = CARTESIAN_POINT('',(5.433620271085,0.584392920835));
#5535 = CARTESIAN_POINT('',(5.450264330341,0.579345255067));
#5536 = CARTESIAN_POINT('',(5.466263381753,0.576115269042));
#5537 = CARTESIAN_POINT('',(5.481924370387,0.574488394578));
#5538 = CARTESIAN_POINT('',(5.507469369781,0.574462159002));
#5539 = CARTESIAN_POINT('',(5.517325575872,0.575088721072));
#5540 = CARTESIAN_POINT('',(5.527259932146,0.576351390638));
#5541 = CARTESIAN_POINT('',(5.53734957132,0.578280143678));
#5542 = CARTESIAN_POINT('',(5.54766989956,0.58093572925));
#5543 = CARTESIAN_POINT('',(5.558295293288,0.584411611525));
#5544 = CARTESIAN_POINT('',(5.569295944897,0.588837639348));
#5545 = CARTESIAN_POINT('',(5.587530223295,0.597684248642));
#5546 = CARTESIAN_POINT('',(5.594481301728,0.601378994907));
#5547 = CARTESIAN_POINT('',(5.601594332518,0.605503461661));
#5548 = CARTESIAN_POINT('',(5.608876672661,0.61009643836));
#5549 = CARTESIAN_POINT('',(5.616331704005,0.61519940323));
#5550 = CARTESIAN_POINT('',(5.623957740958,0.620854202106));
#5551 = CARTESIAN_POINT('',(5.631746938198,0.627100727256));
#5552 = CARTESIAN_POINT('',(5.639684198386,0.633974596216));
#5553 = ( GEOMETRIC_REPRESENTATION_CONTEXT(2) 
PARAMETRIC_REPRESENTATION_CONTEXT() REPRESENTATION_CONTEXT('2D SPACE',''
  ) );
#5554 = ORIENTED_EDGE('',*,*,#5555,.T.);
#5555 = EDGE_CURVE('',#5473,#2936,#5556,.T.);
#5556 = SURFACE_CURVE('',#5557,(#5562,#5569),.PCURVE_S1.);
#5557 = CIRCLE('',#5558,1.);
#5558 = AXIS2_PLACEMENT_3D('',#5559,#5560,#5561);
#5559 = CARTESIAN_POINT('',(37.,-69.5,-12.));
#5560 = DIRECTION('',(-1.,-1.110223024625E-16,0.));
#5561 = DIRECTION('',(1.110223024625E-16,-1.,2.449293598295E-16));
#5562 = PCURVE('',#2952,#5563);
#5563 = DEFINITIONAL_REPRESENTATION('',(#5564),#5568);
#5564 = LINE('',#5565,#5566);
#5565 = CARTESIAN_POINT('',(-1.570796326795,-6.28318530718));
#5566 = VECTOR('',#5567,1.);
#5567 = DIRECTION('',(-0.,1.));
#5568 = ( GEOMETRIC_REPRESENTATION_CONTEXT(2) 
PARAMETRIC_REPRESENTATION_CONTEXT() REPRESENTATION_CONTEXT('2D SPACE',''
  ) );
#5569 = PCURVE('',#3128,#5570);
#5570 = DEFINITIONAL_REPRESENTATION('',(#5571),#5575);
#5571 = LINE('',#5572,#5573);
#5572 = CARTESIAN_POINT('',(6.28318530718,77.));
#5573 = VECTOR('',#5574,1.);
#5574 = DIRECTION('',(-1.,-0.));
#5575 = ( GEOMETRIC_REPRESENTATION_CONTEXT(2) 
PARAMETRIC_REPRESENTATION_CONTEXT() REPRESENTATION_CONTEXT('2D SPACE',''
  ) );
#5576 = ORIENTED_EDGE('',*,*,#2935,.F.);
#5577 = ADVANCED_FACE('',(#5578),#3006,.F.);
#5578 = FACE_BOUND('',#5579,.F.);
#5579 = EDGE_LOOP('',(#5580,#5604,#5648));
#5580 = ORIENTED_EDGE('',*,*,#5581,.F.);
#5581 = EDGE_CURVE('',#5582,#2989,#5584,.T.);
#5582 = VERTEX_POINT('',#5583);
#5583 = CARTESIAN_POINT('',(-37.,-70.,-12.86602540378));
#5584 = SURFACE_CURVE('',#5585,(#5590,#5597),.PCURVE_S1.);
#5585 = CIRCLE('',#5586,1.);
#5586 = AXIS2_PLACEMENT_3D('',#5587,#5588,#5589);
#5587 = CARTESIAN_POINT('',(-37.,-69.5,-12.));
#5588 = DIRECTION('',(-1.,1.110223024625E-16,0.));
#5589 = DIRECTION('',(-1.110223024625E-16,-1.,2.449293598295E-16));
#5590 = PCURVE('',#3006,#5591);
#5591 = DEFINITIONAL_REPRESENTATION('',(#5592),#5596);
#5592 = LINE('',#5593,#5594);
#5593 = CARTESIAN_POINT('',(6.28318530718,3.));
#5594 = VECTOR('',#5595,1.);
#5595 = DIRECTION('',(-1.,-0.));
#5596 = ( GEOMETRIC_REPRESENTATION_CONTEXT(2) 
PARAMETRIC_REPRESENTATION_CONTEXT() REPRESENTATION_CONTEXT('2D SPACE',''
  ) );
#5597 = PCURVE('',#3184,#5598);
#5598 = DEFINITIONAL_REPRESENTATION('',(#5599),#5603);
#5599 = LINE('',#5600,#5601);
#5600 = CARTESIAN_POINT('',(1.570796326795,-6.28318530718));
#5601 = VECTOR('',#5602,1.);
#5602 = DIRECTION('',(0.,1.));
#5603 = ( GEOMETRIC_REPRESENTATION_CONTEXT(2) 
PARAMETRIC_REPRESENTATION_CONTEXT() REPRESENTATION_CONTEXT('2D SPACE',''
  ) );
#5604 = ORIENTED_EDGE('',*,*,#5605,.T.);
#5605 = EDGE_CURVE('',#5582,#2991,#5606,.T.);
#5606 = SURFACE_CURVE('',#5607,(#5617,#5630),.PCURVE_S1.);
#5607 = B_SPLINE_CURVE_WITH_KNOTS('',8,(#5608,#5609,#5610,#5611,#5612,
    #5613,#5614,#5615,#5616),.UNSPECIFIED.,.F.,.F.,(9,9),(0.,1.),
  .PIECEWISE_BEZIER_KNOTS.);
#5608 = CARTESIAN_POINT('',(-37.0000006,-69.99999955,-12.86602566359));
#5609 = CARTESIAN_POINT('',(-36.82409982916,-70.13192521057,
    -12.78985843934));
#5610 = CARTESIAN_POINT('',(-36.64046365544,-70.24202608255,
    -12.69566820288));
#5611 = CARTESIAN_POINT('',(-36.45262547123,-70.33069235316,
    -12.59018583981));
#5612 = CARTESIAN_POINT('',(-36.26308769592,-70.39939412516,
    -12.47776014892));
#5613 = CARTESIAN_POINT('',(-36.07320692627,-70.44972017777,
    -12.36129097412));
#5614 = CARTESIAN_POINT('',(-35.88327708357,-70.4830383642,
    -12.24240469744));
#5615 = CARTESIAN_POINT('',(-35.69262687809,-70.49999987373,
    -12.12182811635));
#5616 = CARTESIAN_POINT('',(-35.5,-70.5,-12.));
#5617 = PCURVE('',#3006,#5618);
#5618 = DEFINITIONAL_REPRESENTATION('',(#5619),#5629);
#5619 = B_SPLINE_CURVE_WITH_KNOTS('',8,(#5620,#5621,#5622,#5623,#5624,
    #5625,#5626,#5627,#5628),.UNSPECIFIED.,.F.,.F.,(9,9),(0.,1.),
  .PIECEWISE_BEZIER_KNOTS.);
#5620 = CARTESIAN_POINT('',(1.047198070812,2.9999994));
#5621 = CARTESIAN_POINT('',(0.894863485216,3.175900170834));
#5622 = CARTESIAN_POINT('',(0.752417429555,3.359536344558));
#5623 = CARTESIAN_POINT('',(0.617507602176,3.547374528769));
#5624 = CARTESIAN_POINT('',(0.488554923063,3.736912304071));
#5625 = CARTESIAN_POINT('',(0.364041052849,3.926793073733));
#5626 = CARTESIAN_POINT('',(0.24240647425,4.116722916429));
#5627 = CARTESIAN_POINT('',(0.121827798947,4.30737312191));
#5628 = CARTESIAN_POINT('',(0.,4.5));
#5629 = ( GEOMETRIC_REPRESENTATION_CONTEXT(2) 
PARAMETRIC_REPRESENTATION_CONTEXT() REPRESENTATION_CONTEXT('2D SPACE',''
  ) );
#5630 = PCURVE('',#5631,#5636);
#5631 = CYLINDRICAL_SURFACE('',#5632,2.5);
#5632 = AXIS2_PLACEMENT_3D('',#5633,#5634,#5635);
#5633 = CARTESIAN_POINT('',(-35.5,-68.,-13.5));
#5634 = DIRECTION('',(0.,0.,1.));
#5635 = DIRECTION('',(1.,0.,0.));
#5636 = DEFINITIONAL_REPRESENTATION('',(#5637),#5647);
#5637 = B_SPLINE_CURVE_WITH_KNOTS('',8,(#5638,#5639,#5640,#5641,#5642,
    #5643,#5644,#5645,#5646),.UNSPECIFIED.,.F.,.F.,(9,9),(0.,1.),
  .PIECEWISE_BEZIER_KNOTS.);
#5638 = CARTESIAN_POINT('',(4.068887571591,0.633974336408));
#5639 = CARTESIAN_POINT('',(4.156837976797,0.710141560655));
#5640 = CARTESIAN_POINT('',(4.242025720029,0.804331797112));
#5641 = CARTESIAN_POINT('',(4.324450804554,0.90981416019));
#5642 = CARTESIAN_POINT('',(4.404426616775,1.022239851079));
#5643 = CARTESIAN_POINT('',(4.482408649574,1.138709025876));
#5644 = CARTESIAN_POINT('',(4.559078344617,1.257595302556));
#5645 = CARTESIAN_POINT('',(4.635338191545,1.378171883651));
#5646 = CARTESIAN_POINT('',(4.712388980385,1.5));
#5647 = ( GEOMETRIC_REPRESENTATION_CONTEXT(2) 
PARAMETRIC_REPRESENTATION_CONTEXT() REPRESENTATION_CONTEXT('2D SPACE',''
  ) );
#5648 = ORIENTED_EDGE('',*,*,#2988,.F.);
#5649 = ADVANCED_FACE('',(#5650),#3078,.F.);
#5650 = FACE_BOUND('',#5651,.F.);
#5651 = EDGE_LOOP('',(#5652,#5908,#5931,#5991));
#5652 = ORIENTED_EDGE('',*,*,#5653,.T.);
#5653 = EDGE_CURVE('',#2991,#5654,#5656,.T.);
#5654 = VERTEX_POINT('',#5655);
#5655 = CARTESIAN_POINT('',(-33.5,-69.5,-13.));
#5656 = SURFACE_CURVE('',#5657,(#5737,#5820),.PCURVE_S1.);
#5657 = B_SPLINE_CURVE_WITH_KNOTS('',8,(#5658,#5659,#5660,#5661,#5662,
    #5663,#5664,#5665,#5666,#5667,#5668,#5669,#5670,#5671,#5672,#5673,
    #5674,#5675,#5676,#5677,#5678,#5679,#5680,#5681,#5682,#5683,#5684,
    #5685,#5686,#5687,#5688,#5689,#5690,#5691,#5692,#5693,#5694,#5695,
    #5696,#5697,#5698,#5699,#5700,#5701,#5702,#5703,#5704,#5705,#5706,
    #5707,#5708,#5709,#5710,#5711,#5712,#5713,#5714,#5715,#5716,#5717,
    #5718,#5719,#5720,#5721,#5722,#5723,#5724,#5725,#5726,#5727,#5728,
    #5729,#5730,#5731,#5732,#5733,#5734,#5735,#5736),.UNSPECIFIED.,.F.,
  .F.,(9,7,7,7,7,7,7,7,7,7,7,9),(0.,1.025268004466E-03,
    2.087152087724E-03,3.149034870145E-03,4.210915689735E-03,
    5.272793884635E-03,6.334668793063E-03,7.396539753188E-03,
    8.458406103091E-03,9.337188089615E-03,0.787388041121,1.),
  .UNSPECIFIED.);
#5658 = CARTESIAN_POINT('',(-35.5,-70.5,-12.));
#5659 = CARTESIAN_POINT('',(-35.49972656247,-70.5,-12.00017293707));
#5660 = CARTESIAN_POINT('',(-35.49945312495,-70.49999996582,
    -12.00034587414));
#5661 = CARTESIAN_POINT('',(-35.49917968743,-70.49999989746,
    -12.00051881121));
#5662 = CARTESIAN_POINT('',(-35.49890624991,-70.49999979492,
    -12.00069174827));
#5663 = CARTESIAN_POINT('',(-35.4986328124,-70.4999996582,
    -12.00086468532));
#5664 = CARTESIAN_POINT('',(-35.49835937489,-70.4999994873,
    -12.00103762235));
#5665 = CARTESIAN_POINT('',(-35.49808593739,-70.49999928222,
    -12.00121055936));
#5666 = CARTESIAN_POINT('',(-35.49752929694,-70.49999879516,
    -12.00156260954));
#5667 = CARTESIAN_POINT('',(-35.497246094,-70.49999851069,-12.0017417227
    ));
#5668 = CARTESIAN_POINT('',(-35.49696289106,-70.49999818956,
    -12.00192083584));
#5669 = CARTESIAN_POINT('',(-35.49667968814,-70.49999783177,
    -12.00209994894));
#5670 = CARTESIAN_POINT('',(-35.49639648522,-70.4999974373,
    -12.00227906199));
#5671 = CARTESIAN_POINT('',(-35.49611328233,-70.49999700618,
    -12.002458175));
#5672 = CARTESIAN_POINT('',(-35.49583007944,-70.49999653839,
    -12.00263728796));
#5673 = CARTESIAN_POINT('',(-35.49526367405,-70.49999552948,
    -12.00299551355));
#5674 = CARTESIAN_POINT('',(-35.49498047154,-70.49999498836,
    -12.00317462617));
#5675 = CARTESIAN_POINT('',(-35.49469726905,-70.49999441057,
    -12.00335373874));
#5676 = CARTESIAN_POINT('',(-35.49441406658,-70.49999379612,
    -12.00353285124));
#5677 = CARTESIAN_POINT('',(-35.49413086413,-70.49999314501,
    -12.00371196366));
#5678 = CARTESIAN_POINT('',(-35.4938476617,-70.49999245723,
    -12.00389107602));
#5679 = CARTESIAN_POINT('',(-35.49356445929,-70.49999173279,
    -12.00407018829));
#5680 = CARTESIAN_POINT('',(-35.49299805505,-70.49999021057,
    -12.00442841233));
#5681 = CARTESIAN_POINT('',(-35.49271485321,-70.4999894128,
    -12.0046075241));
#5682 = CARTESIAN_POINT('',(-35.4924316514,-70.49998857836,
    -12.00478663578));
#5683 = CARTESIAN_POINT('',(-35.49214844961,-70.49998770726,
    -12.00496574737));
#5684 = CARTESIAN_POINT('',(-35.49186524786,-70.4999867995,
    -12.00514485885));
#5685 = CARTESIAN_POINT('',(-35.49158204613,-70.49998585506,
    -12.00532397024));
#5686 = CARTESIAN_POINT('',(-35.49129884443,-70.49998487397,
    -12.00550308151));
#5687 = CARTESIAN_POINT('',(-35.4907324418,-70.49998283845,
    -12.00586130339));
#5688 = CARTESIAN_POINT('',(-35.49044924086,-70.49998178403,
    -12.00604041399));
#5689 = CARTESIAN_POINT('',(-35.49016603996,-70.49998069294,
    -12.00621952447));
#5690 = CARTESIAN_POINT('',(-35.48988283909,-70.49997956519,
    -12.00639863483));
#5691 = CARTESIAN_POINT('',(-35.48959963826,-70.49997840077,
    -12.00657774507));
#5692 = CARTESIAN_POINT('',(-35.48931643747,-70.49997719969,
    -12.00675685517));
#5693 = CARTESIAN_POINT('',(-35.48903323671,-70.49997596194,
    -12.00693596513));
#5694 = CARTESIAN_POINT('',(-35.48846683616,-70.49997341312,
    -12.00729418421));
#5695 = CARTESIAN_POINT('',(-35.48818363636,-70.49997210205,
    -12.00747329333));
#5696 = CARTESIAN_POINT('',(-35.4879004366,-70.49997075431,
    -12.00765240231));
#5697 = CARTESIAN_POINT('',(-35.48761723688,-70.49996936991,
    -12.00783151113));
#5698 = CARTESIAN_POINT('',(-35.48733403721,-70.49996794884,
    -12.0080106198));
#5699 = CARTESIAN_POINT('',(-35.48705083758,-70.49996649111,
    -12.0081897283));
#5700 = CARTESIAN_POINT('',(-35.486767638,-70.49996499671,
    -12.00836883664));
#5701 = CARTESIAN_POINT('',(-35.48620123999,-70.49996193459,
    -12.00872705231));
#5702 = CARTESIAN_POINT('',(-35.48591804156,-70.49996036687,
    -12.00890615964));
#5703 = CARTESIAN_POINT('',(-35.48563484317,-70.49995876248,
    -12.00908526679));
#5704 = CARTESIAN_POINT('',(-35.48535164484,-70.49995712143,
    -12.00926437376));
#5705 = CARTESIAN_POINT('',(-35.48506844656,-70.49995544371,
    -12.00944348055));
#5706 = CARTESIAN_POINT('',(-35.48478524833,-70.49995372933,
    -12.00962258715));
#5707 = CARTESIAN_POINT('',(-35.48450205016,-70.49995197829,
    -12.00980169355));
#5708 = CARTESIAN_POINT('',(-35.48393565515,-70.49994840287,
    -12.01015990517));
#5709 = CARTESIAN_POINT('',(-35.48365245832,-70.4999465785,
    -12.0103390104));
#5710 = CARTESIAN_POINT('',(-35.48336926155,-70.49994471747,
    -12.01051811542));
#5711 = CARTESIAN_POINT('',(-35.48308606483,-70.49994281977,
    -12.01069722022));
#5712 = CARTESIAN_POINT('',(-35.48280286817,-70.4999408854,
    -12.01087632482));
#5713 = CARTESIAN_POINT('',(-35.48251967158,-70.49993891437,
    -12.0110554292));
#5714 = CARTESIAN_POINT('',(-35.48223647504,-70.49993690668,
    -12.01123453335));
#5715 = CARTESIAN_POINT('',(-35.48171891014,-70.49993317044,
    -12.01156186054));
#5716 = CARTESIAN_POINT('',(-35.48148454175,-70.49993145345,
    -12.01171008365));
#5717 = CARTESIAN_POINT('',(-35.4812501734,-70.49992971135,
    -12.01185830661));
#5718 = CARTESIAN_POINT('',(-35.4810158051,-70.49992794414,
    -12.0120065294));
#5719 = CARTESIAN_POINT('',(-35.48078143684,-70.49992615181,
    -12.01215475202));
#5720 = CARTESIAN_POINT('',(-35.48054706863,-70.49992433438,
    -12.01230297448));
#5721 = CARTESIAN_POINT('',(-35.48031270047,-70.49992249183,
    -12.01245119677));
#5722 = CARTESIAN_POINT('',(-35.27257486266,-70.4982670456,
    -12.14383144833));
#5723 = CARTESIAN_POINT('',(-35.0675008471,-70.47694842043,
    -12.27341454561));
#5724 = CARTESIAN_POINT('',(-34.86313793345,-70.4366977733,
    -12.40089633988));
#5725 = CARTESIAN_POINT('',(-34.65883599906,-70.37650628441,
    -12.52524270069));
#5726 = CARTESIAN_POINT('',(-34.45504761645,-70.2945534402,
    -12.64427797682));
#5727 = CARTESIAN_POINT('',(-34.2536136481,-70.18863165539,
    -12.75405801965));
#5728 = CARTESIAN_POINT('',(-34.05822276091,-70.05670242779,
    -12.84831413475));
#5729 = CARTESIAN_POINT('',(-33.82379448626,-69.85599617715,
    -12.93566747356));
#5730 = CARTESIAN_POINT('',(-33.77413765298,-69.81084248693,
    -12.95256900936));
#5731 = CARTESIAN_POINT('',(-33.72531919934,-69.76364732834,
    -12.96736864473));
#5732 = CARTESIAN_POINT('',(-33.67752014356,-69.71446927005,
    -12.97979882458));
#5733 = CARTESIAN_POINT('',(-33.63091856039,-69.66339001749,
    -12.98957952855));
#5734 = CARTESIAN_POINT('',(-33.58568812842,-69.61051816662,
    -12.99641669458));
#5735 = CARTESIAN_POINT('',(-33.54199600088,-69.55599466785,-13.));
#5736 = CARTESIAN_POINT('',(-33.5,-69.5,-13.));
#5737 = PCURVE('',#3078,#5738);
#5738 = DEFINITIONAL_REPRESENTATION('',(#5739),#5819);
#5739 = B_SPLINE_CURVE_WITH_KNOTS('',8,(#5740,#5741,#5742,#5743,#5744,
    #5745,#5746,#5747,#5748,#5749,#5750,#5751,#5752,#5753,#5754,#5755,
    #5756,#5757,#5758,#5759,#5760,#5761,#5762,#5763,#5764,#5765,#5766,
    #5767,#5768,#5769,#5770,#5771,#5772,#5773,#5774,#5775,#5776,#5777,
    #5778,#5779,#5780,#5781,#5782,#5783,#5784,#5785,#5786,#5787,#5788,
    #5789,#5790,#5791,#5792,#5793,#5794,#5795,#5796,#5797,#5798,#5799,
    #5800,#5801,#5802,#5803,#5804,#5805,#5806,#5807,#5808,#5809,#5810,
    #5811,#5812,#5813,#5814,#5815,#5816,#5817,#5818),.UNSPECIFIED.,.F.,
  .F.,(9,7,7,7,7,7,7,7,7,7,7,9),(0.,1.025268004466E-03,
    2.087152087724E-03,3.149034870145E-03,4.210915689735E-03,
    5.272793884635E-03,6.334668793063E-03,7.396539753188E-03,
    8.458406103091E-03,9.337188089615E-03,0.787388041121,1.),
  .UNSPECIFIED.);
#5740 = CARTESIAN_POINT('',(0.,4.5));
#5741 = CARTESIAN_POINT('',(1.729370732413E-04,4.500273437521));
#5742 = CARTESIAN_POINT('',(3.458741462706E-04,4.500546875043));
#5743 = CARTESIAN_POINT('',(5.188112228148E-04,4.500820312563));
#5744 = CARTESIAN_POINT('',(6.917483065467E-04,4.501093750081));
#5745 = CARTESIAN_POINT('',(8.646854010841E-04,4.501367187595));
#5746 = CARTESIAN_POINT('',(1.037622509991E-03,4.501640625104));
#5747 = CARTESIAN_POINT('',(1.210559636775E-03,4.501914062608));
#5748 = CARTESIAN_POINT('',(1.562610152509E-03,4.502470703055));
#5749 = CARTESIAN_POINT('',(1.741723543084E-03,4.502753905999));
#5750 = CARTESIAN_POINT('',(1.920836960636E-03,4.503037108934));
#5751 = CARTESIAN_POINT('',(2.099950409164E-03,4.503320311858));
#5752 = CARTESIAN_POINT('',(2.279063892653E-03,4.503603514771));
#5753 = CARTESIAN_POINT('',(2.458177415068E-03,4.50388671767));
#5754 = CARTESIAN_POINT('',(2.637290980358E-03,4.504169920555));
#5755 = CARTESIAN_POINT('',(2.995517985129E-03,4.504736325947));
#5756 = CARTESIAN_POINT('',(3.174631424633E-03,4.505019528453));
#5757 = CARTESIAN_POINT('',(3.353744914948E-03,4.505302730943));
#5758 = CARTESIAN_POINT('',(3.53285846005E-03,4.505585933414));
#5759 = CARTESIAN_POINT('',(3.711972063912E-03,4.505869135866));
#5760 = CARTESIAN_POINT('',(3.891085730504E-03,4.506152338296));
#5761 = CARTESIAN_POINT('',(4.070199463787E-03,4.506435540704));
#5762 = CARTESIAN_POINT('',(4.428426740582E-03,4.507001944949));
#5763 = CARTESIAN_POINT('',(4.607540284099E-03,4.507285146785));
#5764 = CARTESIAN_POINT('',(4.786653902253E-03,4.507568348597));
#5765 = CARTESIAN_POINT('',(4.965767599019E-03,4.507851550383));
#5766 = CARTESIAN_POINT('',(5.14488137837E-03,4.50813475214));
#5767 = CARTESIAN_POINT('',(5.323995244277E-03,4.508417953869));
#5768 = CARTESIAN_POINT('',(5.503109200711E-03,4.508701155567));
#5769 = CARTESIAN_POINT('',(5.861336859855E-03,4.5092675582));
#5770 = CARTESIAN_POINT('',(6.040450562567E-03,4.509550759134));
#5771 = CARTESIAN_POINT('',(6.219564363746E-03,4.509833960036));
#5772 = CARTESIAN_POINT('',(6.398678267363E-03,4.510117160903));
#5773 = CARTESIAN_POINT('',(6.577792277389E-03,4.510400361734));
#5774 = CARTESIAN_POINT('',(6.756906397797E-03,4.510683562528));
#5775 = CARTESIAN_POINT('',(6.936020632559E-03,4.510966763284));
#5776 = CARTESIAN_POINT('',(7.294248784381E-03,4.511533163839));
#5777 = CARTESIAN_POINT('',(7.473362701446E-03,4.511816363639));
#5778 = CARTESIAN_POINT('',(7.652476740809E-03,4.512099563398));
#5779 = CARTESIAN_POINT('',(7.831590906434E-03,4.512382763114));
#5780 = CARTESIAN_POINT('',(8.010705202293E-03,4.512665962786));
#5781 = CARTESIAN_POINT('',(8.189819632359E-03,4.512949162413));
#5782 = CARTESIAN_POINT('',(8.36893420061E-03,4.513232361994));
#5783 = CARTESIAN_POINT('',(8.727162955448E-03,4.513798760007));
#5784 = CARTESIAN_POINT('',(8.906277142031E-03,4.514081958439));
#5785 = CARTESIAN_POINT('',(9.085391474741E-03,4.514365156822));
#5786 = CARTESIAN_POINT('',(9.264505957545E-03,4.514648355155));
#5787 = CARTESIAN_POINT('',(9.443620594411E-03,4.514931553436));
#5788 = CARTESIAN_POINT('',(9.622735389315E-03,4.515214751664));
#5789 = CARTESIAN_POINT('',(9.801850346233E-03,4.515497949837));
#5790 = CARTESIAN_POINT('',(1.016007981442E-02,4.516064344842));
#5791 = CARTESIAN_POINT('',(1.033919432568E-02,4.516347541674));
#5792 = CARTESIAN_POINT('',(1.05183090069E-02,4.516630738449));
#5793 = CARTESIAN_POINT('',(1.069742386205E-02,4.516913935166));
#5794 = CARTESIAN_POINT('',(1.08765388951E-02,4.517197131822));
#5795 = CARTESIAN_POINT('',(1.105565411003E-02,4.517480328418));
#5796 = CARTESIAN_POINT('',(1.12347695108E-02,4.517763524951));
#5797 = CARTESIAN_POINT('',(1.156211802592E-02,4.518281089857));
#5798 = CARTESIAN_POINT('',(1.171035108046E-02,4.518515458249));
#5799 = CARTESIAN_POINT('',(1.185858426725E-02,4.518749826597));
#5800 = CARTESIAN_POINT('',(1.200681758855E-02,4.5189841949));
#5801 = CARTESIAN_POINT('',(1.215505104662E-02,4.519218563157));
#5802 = CARTESIAN_POINT('',(1.23032846437E-02,4.519452931367));
#5803 = CARTESIAN_POINT('',(1.245151838205E-02,4.519687299529));
#5804 = CARTESIAN_POINT('',(0.143842199183,4.727425137334));
#5805 = CARTESIAN_POINT('',(0.273685125542,4.932499152899));
#5806 = CARTESIAN_POINT('',(0.405099476973,5.136862066544));
#5807 = CARTESIAN_POINT('',(0.540248920507,5.341164000934));
#5808 = CARTESIAN_POINT('',(0.681134703005,5.544952383543));
#5809 = CARTESIAN_POINT('',(0.829792855061,5.746386351893));
#5810 = CARTESIAN_POINT('',(0.988378843521,5.941777239089));
#5811 = CARTESIAN_POINT('',(1.20727060867,6.176205513733));
#5812 = CARTESIAN_POINT('',(1.255417897074,6.225862347016));
#5813 = CARTESIAN_POINT('',(1.30475603881,6.274680800651));
#5814 = CARTESIAN_POINT('',(1.355315955034,6.322479856433));
#5815 = CARTESIAN_POINT('',(1.407138887563,6.369081439603));
#5816 = CARTESIAN_POINT('',(1.4602780985,6.414311871572));
#5817 = CARTESIAN_POINT('',(1.514801658943,6.458003999111));
#5818 = CARTESIAN_POINT('',(1.570796326795,6.5));
#5819 = ( GEOMETRIC_REPRESENTATION_CONTEXT(2) 
PARAMETRIC_REPRESENTATION_CONTEXT() REPRESENTATION_CONTEXT('2D SPACE',''
  ) );
#5820 = PCURVE('',#5821,#5826);
#5821 = CYLINDRICAL_SURFACE('',#5822,2.5);
#5822 = AXIS2_PLACEMENT_3D('',#5823,#5824,#5825);
#5823 = CARTESIAN_POINT('',(-35.5,-68.,-13.5));
#5824 = DIRECTION('',(0.,0.,1.));
#5825 = DIRECTION('',(1.,0.,0.));
#5826 = DEFINITIONAL_REPRESENTATION('',(#5827),#5907);
#5827 = B_SPLINE_CURVE_WITH_KNOTS('',8,(#5828,#5829,#5830,#5831,#5832,
    #5833,#5834,#5835,#5836,#5837,#5838,#5839,#5840,#5841,#5842,#5843,
    #5844,#5845,#5846,#5847,#5848,#5849,#5850,#5851,#5852,#5853,#5854,
    #5855,#5856,#5857,#5858,#5859,#5860,#5861,#5862,#5863,#5864,#5865,
    #5866,#5867,#5868,#5869,#5870,#5871,#5872,#5873,#5874,#5875,#5876,
    #5877,#5878,#5879,#5880,#5881,#5882,#5883,#5884,#5885,#5886,#5887,
    #5888,#5889,#5890,#5891,#5892,#5893,#5894,#5895,#5896,#5897,#5898,
    #5899,#5900,#5901,#5902,#5903,#5904,#5905,#5906),.UNSPECIFIED.,.F.,
  .F.,(9,7,7,7,7,7,7,7,7,7,7,9),(0.,1.025268004466E-03,
    2.087152087724E-03,3.149034870145E-03,4.210915689735E-03,
    5.272793884635E-03,6.334668793063E-03,7.396539753188E-03,
    8.458406103091E-03,9.337188089615E-03,0.787388041121,1.),
  .UNSPECIFIED.);
#5828 = CARTESIAN_POINT('',(4.712388980385,1.5));
#5829 = CARTESIAN_POINT('',(4.712498355393,1.499827062927));
#5830 = CARTESIAN_POINT('',(4.712607730402,1.499654125854));
#5831 = CARTESIAN_POINT('',(4.712717105412,1.499481188785));
#5832 = CARTESIAN_POINT('',(4.712826480425,1.499308251725));
#5833 = CARTESIAN_POINT('',(4.712935855443,1.499135314678));
#5834 = CARTESIAN_POINT('',(4.713045230466,1.498962377648));
#5835 = CARTESIAN_POINT('',(4.713154605497,1.498789440639));
#5836 = CARTESIAN_POINT('',(4.713377261762,1.49843739046));
#5837 = CARTESIAN_POINT('',(4.713490542996,1.498258277292));
#5838 = CARTESIAN_POINT('',(4.713603824241,1.498079164156));
#5839 = CARTESIAN_POINT('',(4.713717105499,1.497900051057));
#5840 = CARTESIAN_POINT('',(4.713830386772,1.497720938001));
#5841 = CARTESIAN_POINT('',(4.713943668061,1.497541824991));
#5842 = CARTESIAN_POINT('',(4.714056949369,1.497362712033));
#5843 = CARTESIAN_POINT('',(4.714283511885,1.497004486449));
#5844 = CARTESIAN_POINT('',(4.714396793094,1.496825373823));
#5845 = CARTESIAN_POINT('',(4.714510074324,1.496646261258));
#5846 = CARTESIAN_POINT('',(4.714623355577,1.496467148759));
#5847 = CARTESIAN_POINT('',(4.714736636855,1.496288036332));
#5848 = CARTESIAN_POINT('',(4.714849918159,1.496108923979));
#5849 = CARTESIAN_POINT('',(4.714963199492,1.495929811707));
#5850 = CARTESIAN_POINT('',(4.715189762008,1.495571587665));
#5851 = CARTESIAN_POINT('',(4.715303043192,1.495392475894));
#5852 = CARTESIAN_POINT('',(4.715416324407,1.495213364213));
#5853 = CARTESIAN_POINT('',(4.715529605655,1.495034252627));
#5854 = CARTESIAN_POINT('',(4.715642886938,1.494855141141));
#5855 = CARTESIAN_POINT('',(4.715756168257,1.494676029758));
#5856 = CARTESIAN_POINT('',(4.715869449616,1.494496918485));
#5857 = CARTESIAN_POINT('',(4.716096012132,1.494138696609));
#5858 = CARTESIAN_POINT('',(4.71620929329,1.493959586006));
#5859 = CARTESIAN_POINT('',(4.716322574489,1.493780475522));
#5860 = CARTESIAN_POINT('',(4.716435855733,1.493601365162));
#5861 = CARTESIAN_POINT('',(4.716549137021,1.493422254929));
#5862 = CARTESIAN_POINT('',(4.716662418356,1.493243144829));
#5863 = CARTESIAN_POINT('',(4.716775699739,1.493064034868));
#5864 = CARTESIAN_POINT('',(4.717002262255,1.492705815783));
#5865 = CARTESIAN_POINT('',(4.717115543388,1.492526706661));
#5866 = CARTESIAN_POINT('',(4.717228824572,1.492347597686));
#5867 = CARTESIAN_POINT('',(4.71734210581,1.492168488863));
#5868 = CARTESIAN_POINT('',(4.717455387104,1.491989380197));
#5869 = CARTESIAN_POINT('',(4.717568668454,1.491810271693));
#5870 = CARTESIAN_POINT('',(4.717681949862,1.491631163355));
#5871 = CARTESIAN_POINT('',(4.717908512378,1.491272947688));
#5872 = CARTESIAN_POINT('',(4.718021793486,1.491093840358));
#5873 = CARTESIAN_POINT('',(4.718135074655,1.490914733205));
#5874 = CARTESIAN_POINT('',(4.718248355888,1.490735626233));
#5875 = CARTESIAN_POINT('',(4.718361637187,1.490556519446));
#5876 = CARTESIAN_POINT('',(4.718474918552,1.490377412849));
#5877 = CARTESIAN_POINT('',(4.718588199985,1.490198306448));
#5878 = CARTESIAN_POINT('',(4.718814762502,1.489840094823));
#5879 = CARTESIAN_POINT('',(4.718928043584,1.489660989599));
#5880 = CARTESIAN_POINT('',(4.719041324738,1.48948188458));
#5881 = CARTESIAN_POINT('',(4.719154605966,1.489302779771));
#5882 = CARTESIAN_POINT('',(4.71926788727,1.489123675176));
#5883 = CARTESIAN_POINT('',(4.71938116865,1.4889445708));
#5884 = CARTESIAN_POINT('',(4.719494450109,1.488765466648));
#5885 = CARTESIAN_POINT('',(4.719701481465,1.488438139455));
#5886 = CARTESIAN_POINT('',(4.719795231337,1.488289916343));
#5887 = CARTESIAN_POINT('',(4.719888981265,1.48814169339));
#5888 = CARTESIAN_POINT('',(4.71998273125,1.487993470599));
#5889 = CARTESIAN_POINT('',(4.720076481293,1.487845247973));
#5890 = CARTESIAN_POINT('',(4.720170231395,1.487697025514));
#5891 = CARTESIAN_POINT('',(4.720263981557,1.487548803225));
#5892 = CARTESIAN_POINT('',(4.803361755061,1.356168551669));
#5893 = CARTESIAN_POINT('',(4.885456508647,1.226585454386));
#5894 = CARTESIAN_POINT('',(4.968199847009,1.099103660113));
#5895 = CARTESIAN_POINT('',(5.052641605191,0.974757299301));
#5896 = CARTESIAN_POINT('',(5.139652846573,0.855722023175));
#5897 = CARTESIAN_POINT('',(5.229802956179,0.745941980343));
#5898 = CARTESIAN_POINT('',(5.323493112708,0.65168586525));
#5899 = CARTESIAN_POINT('',(5.446936777593,0.564332526436));
#5900 = CARTESIAN_POINT('',(5.473771479636,0.547430990635));
#5901 = CARTESIAN_POINT('',(5.500910876243,0.532631355266));
#5902 = CARTESIAN_POINT('',(5.528316074368,0.520201175411));
#5903 = CARTESIAN_POINT('',(5.555945485486,0.510420471441));
#5904 = CARTESIAN_POINT('',(5.583753241105,0.503583305411));
#5905 = CARTESIAN_POINT('',(5.61168686446,0.5));
#5906 = CARTESIAN_POINT('',(5.639684198386,0.5));
#5907 = ( GEOMETRIC_REPRESENTATION_CONTEXT(2) 
PARAMETRIC_REPRESENTATION_CONTEXT() REPRESENTATION_CONTEXT('2D SPACE',''
  ) );
#5908 = ORIENTED_EDGE('',*,*,#5909,.T.);
#5909 = EDGE_CURVE('',#5654,#5910,#5912,.T.);
#5910 = VERTEX_POINT('',#5911);
#5911 = CARTESIAN_POINT('',(33.5,-69.5,-13.));
#5912 = SURFACE_CURVE('',#5913,(#5917,#5924),.PCURVE_S1.);
#5913 = LINE('',#5914,#5915);
#5914 = CARTESIAN_POINT('',(-40.,-69.5,-13.));
#5915 = VECTOR('',#5916,1.);
#5916 = DIRECTION('',(1.,0.,0.));
#5917 = PCURVE('',#3078,#5918);
#5918 = DEFINITIONAL_REPRESENTATION('',(#5919),#5923);
#5919 = LINE('',#5920,#5921);
#5920 = CARTESIAN_POINT('',(1.570796326795,0.));
#5921 = VECTOR('',#5922,1.);
#5922 = DIRECTION('',(0.,1.));
#5923 = ( GEOMETRIC_REPRESENTATION_CONTEXT(2) 
PARAMETRIC_REPRESENTATION_CONTEXT() REPRESENTATION_CONTEXT('2D SPACE',''
  ) );
#5924 = PCURVE('',#3405,#5925);
#5925 = DEFINITIONAL_REPRESENTATION('',(#5926),#5930);
#5926 = LINE('',#5927,#5928);
#5927 = CARTESIAN_POINT('',(0.,3.));
#5928 = VECTOR('',#5929,1.);
#5929 = DIRECTION('',(1.,0.));
#5930 = ( GEOMETRIC_REPRESENTATION_CONTEXT(2) 
PARAMETRIC_REPRESENTATION_CONTEXT() REPRESENTATION_CONTEXT('2D SPACE',''
  ) );
#5931 = ORIENTED_EDGE('',*,*,#5932,.T.);
#5932 = EDGE_CURVE('',#5910,#3063,#5933,.T.);
#5933 = SURFACE_CURVE('',#5934,(#5951,#5971),.PCURVE_S1.);
#5934 = B_SPLINE_CURVE_WITH_KNOTS('',8,(#5935,#5936,#5937,#5938,#5939,
    #5940,#5941,#5942,#5943,#5944,#5945,#5946,#5947,#5948,#5949,#5950),
  .UNSPECIFIED.,.F.,.F.,(9,7,9),(0.,0.217101983827,1.),.UNSPECIFIED.);
#5935 = CARTESIAN_POINT('',(33.5,-69.5,-13.));
#5936 = CARTESIAN_POINT('',(33.542865078946,-69.55715343859,-13.));
#5937 = CARTESIAN_POINT('',(33.587493690491,-69.61276948808,
    -12.99626685369));
#5938 = CARTESIAN_POINT('',(33.633718549364,-69.66665809134,
    -12.98915195187));
#5939 = CARTESIAN_POINT('',(33.6813628034,-69.71867223781,
    -12.97898519041));
#5940 = CARTESIAN_POINT('',(33.730243178853,-69.76869991875,
    -12.96607818089));
#5941 = CARTESIAN_POINT('',(33.780172357791,-69.81665801086,
    -12.95072673382));
#5942 = CARTESIAN_POINT('',(33.830960587559,-69.86248808828,
    -12.93321261459));
#5943 = CARTESIAN_POINT('',(34.067973321649,-70.06361971243,
    -12.84381664423));
#5944 = CARTESIAN_POINT('',(34.264913770767,-70.19523431932,
    -12.74818236744));
#5945 = CARTESIAN_POINT('',(34.4680232627,-70.30069196984,
    -12.63699400645));
#5946 = CARTESIAN_POINT('',(34.673470940682,-70.38187673185,
    -12.51656476026));
#5947 = CARTESIAN_POINT('',(34.87915708474,-70.44097206071,
    -12.3910749778));
#5948 = CARTESIAN_POINT('',(35.084596414425,-70.48000530306,
    -12.2627222303));
#5949 = CARTESIAN_POINT('',(35.290853466339,-70.49999970147,
    -12.13227622887));
#5950 = CARTESIAN_POINT('',(35.5,-70.5,-12.));
#5951 = PCURVE('',#3078,#5952);
#5952 = DEFINITIONAL_REPRESENTATION('',(#5953),#5970);
#5953 = B_SPLINE_CURVE_WITH_KNOTS('',8,(#5954,#5955,#5956,#5957,#5958,
    #5959,#5960,#5961,#5962,#5963,#5964,#5965,#5966,#5967,#5968,#5969),
  .UNSPECIFIED.,.F.,.F.,(9,7,9),(0.,0.217101983827,1.),.UNSPECIFIED.);
#5954 = CARTESIAN_POINT('',(1.570796326795,73.5));
#5955 = CARTESIAN_POINT('',(1.513642888201,73.542865078946));
#5956 = CARTESIAN_POINT('',(1.458026767049,73.587493690491));
#5957 = CARTESIAN_POINT('',(1.403853875131,73.633718549364));
#5958 = CARTESIAN_POINT('',(1.351050400032,73.6813628034));
#5959 = CARTESIAN_POINT('',(1.299558456619,73.730243178853));
#5960 = CARTESIAN_POINT('',(1.24933296225,73.780172357791));
#5961 = CARTESIAN_POINT('',(1.200339735701,73.830960587559));
#5962 = CARTESIAN_POINT('',(0.980236192455,74.067973321649));
#5963 = CARTESIAN_POINT('',(0.821121740351,74.264913770767));
#5964 = CARTESIAN_POINT('',(0.671811722813,74.4680232627));
#5965 = CARTESIAN_POINT('',(0.530287742343,74.673470940682));
#5966 = CARTESIAN_POINT('',(0.394590291721,74.87915708474));
#5967 = CARTESIAN_POINT('',(0.262725851775,75.084596414425));
#5968 = CARTESIAN_POINT('',(0.132275623115,75.290853466339));
#5969 = CARTESIAN_POINT('',(0.,75.5));
#5970 = ( GEOMETRIC_REPRESENTATION_CONTEXT(2) 
PARAMETRIC_REPRESENTATION_CONTEXT() REPRESENTATION_CONTEXT('2D SPACE',''
  ) );
#5971 = PCURVE('',#5224,#5972);
#5972 = DEFINITIONAL_REPRESENTATION('',(#5973),#5990);
#5973 = B_SPLINE_CURVE_WITH_KNOTS('',8,(#5974,#5975,#5976,#5977,#5978,
    #5979,#5980,#5981,#5982,#5983,#5984,#5985,#5986,#5987,#5988,#5989),
  .UNSPECIFIED.,.F.,.F.,(9,7,9),(0.,0.217101983827,1.),.UNSPECIFIED.);
#5974 = CARTESIAN_POINT('',(3.785093762383,0.5));
#5975 = CARTESIAN_POINT('',(3.81367048168,0.5));
#5976 = CARTESIAN_POINT('',(3.842178476241,0.503733146307));
#5977 = CARTESIAN_POINT('',(3.870552377565,0.510848048128));
#5978 = CARTESIAN_POINT('',(3.898737472512,0.521014809582));
#5979 = CARTESIAN_POINT('',(3.926686308257,0.533921819104));
#5980 = CARTESIAN_POINT('',(3.954356136096,0.549273266177));
#5981 = CARTESIAN_POINT('',(3.981707194081,0.566787385407));
#5982 = CARTESIAN_POINT('',(4.10604799437,0.656183355765));
#5983 = CARTESIAN_POINT('',(4.200175322681,0.751817632551));
#5984 = CARTESIAN_POINT('',(4.290820932784,0.863005993544));
#5985 = CARTESIAN_POINT('',(4.378314255842,0.983435239733));
#5986 = CARTESIAN_POINT('',(4.463158272322,1.108925022198));
#5987 = CARTESIAN_POINT('',(4.546228033373,1.237277769691));
#5988 = CARTESIAN_POINT('',(4.628730279547,1.367723771125));
#5989 = CARTESIAN_POINT('',(4.712388980385,1.5));
#5990 = ( GEOMETRIC_REPRESENTATION_CONTEXT(2) 
PARAMETRIC_REPRESENTATION_CONTEXT() REPRESENTATION_CONTEXT('2D SPACE',''
  ) );
#5991 = ORIENTED_EDGE('',*,*,#3062,.F.);
#5992 = ADVANCED_FACE('',(#5993),#3128,.F.);
#5993 = FACE_BOUND('',#5994,.F.);
#5994 = EDGE_LOOP('',(#5995,#5996,#6224));
#5995 = ORIENTED_EDGE('',*,*,#3114,.F.);
#5996 = ORIENTED_EDGE('',*,*,#5997,.T.);
#5997 = EDGE_CURVE('',#3063,#5473,#5998,.T.);
#5998 = SURFACE_CURVE('',#5999,(#6072,#6148),.PCURVE_S1.);
#5999 = B_SPLINE_CURVE_WITH_KNOTS('',8,(#6000,#6001,#6002,#6003,#6004,
    #6005,#6006,#6007,#6008,#6009,#6010,#6011,#6012,#6013,#6014,#6015,
    #6016,#6017,#6018,#6019,#6020,#6021,#6022,#6023,#6024,#6025,#6026,
    #6027,#6028,#6029,#6030,#6031,#6032,#6033,#6034,#6035,#6036,#6037,
    #6038,#6039,#6040,#6041,#6042,#6043,#6044,#6045,#6046,#6047,#6048,
    #6049,#6050,#6051,#6052,#6053,#6054,#6055,#6056,#6057,#6058,#6059,
    #6060,#6061,#6062,#6063,#6064,#6065,#6066,#6067,#6068,#6069,#6070,
    #6071),.UNSPECIFIED.,.F.,.F.,(9,7,7,7,7,7,7,7,7,7,9),(0.,
    1.42195400681E-03,2.894691203704E-03,4.367426596375E-03,
    5.840159266771E-03,7.312888296986E-03,8.785612769218E-03,
    1.025833176541E-02,1.173104436763E-02,1.294983551425E-02,1.),
  .UNSPECIFIED.);
#6000 = CARTESIAN_POINT('',(35.5,-70.5,-12.));
#6001 = CARTESIAN_POINT('',(35.500273437521,-70.5,-12.00017293707));
#6002 = CARTESIAN_POINT('',(35.500546875043,-70.49999996582,
    -12.00034587414));
#6003 = CARTESIAN_POINT('',(35.500820312563,-70.49999989746,
    -12.00051881121));
#6004 = CARTESIAN_POINT('',(35.501093750081,-70.49999979492,
    -12.00069174827));
#6005 = CARTESIAN_POINT('',(35.501367187595,-70.4999996582,
    -12.00086468532));
#6006 = CARTESIAN_POINT('',(35.501640625104,-70.4999994873,
    -12.00103762235));
#6007 = CARTESIAN_POINT('',(35.501914062607,-70.49999928222,
    -12.00121055936));
#6008 = CARTESIAN_POINT('',(35.502470703055,-70.49999879516,
    -12.00156260954));
#6009 = CARTESIAN_POINT('',(35.502753905999,-70.49999851069,
    -12.0017417227));
#6010 = CARTESIAN_POINT('',(35.503037108934,-70.49999818956,
    -12.00192083584));
#6011 = CARTESIAN_POINT('',(35.503320311858,-70.49999783177,
    -12.00209994894));
#6012 = CARTESIAN_POINT('',(35.503603514771,-70.4999974373,
    -12.00227906199));
#6013 = CARTESIAN_POINT('',(35.50388671767,-70.49999700618,-12.002458175
    ));
#6014 = CARTESIAN_POINT('',(35.504169920555,-70.49999653839,
    -12.00263728796));
#6015 = CARTESIAN_POINT('',(35.504736325947,-70.49999552948,
    -12.00299551355));
#6016 = CARTESIAN_POINT('',(35.505019528453,-70.49999498836,
    -12.00317462617));
#6017 = CARTESIAN_POINT('',(35.505302730943,-70.49999441057,
    -12.00335373874));
#6018 = CARTESIAN_POINT('',(35.505585933414,-70.49999379612,
    -12.00353285124));
#6019 = CARTESIAN_POINT('',(35.505869135866,-70.49999314501,
    -12.00371196366));
#6020 = CARTESIAN_POINT('',(35.506152338296,-70.49999245723,
    -12.00389107602));
#6021 = CARTESIAN_POINT('',(35.506435540704,-70.49999173279,
    -12.00407018829));
#6022 = CARTESIAN_POINT('',(35.507001944949,-70.49999021057,
    -12.00442841233));
#6023 = CARTESIAN_POINT('',(35.507285146785,-70.4999894128,
    -12.0046075241));
#6024 = CARTESIAN_POINT('',(35.507568348597,-70.49998857836,
    -12.00478663578));
#6025 = CARTESIAN_POINT('',(35.507851550383,-70.49998770726,
    -12.00496574737));
#6026 = CARTESIAN_POINT('',(35.50813475214,-70.4999867995,
    -12.00514485885));
#6027 = CARTESIAN_POINT('',(35.508417953869,-70.49998585506,
    -12.00532397024));
#6028 = CARTESIAN_POINT('',(35.508701155567,-70.49998487397,
    -12.00550308151));
#6029 = CARTESIAN_POINT('',(35.5092675582,-70.49998283845,
    -12.00586130339));
#6030 = CARTESIAN_POINT('',(35.509550759134,-70.49998178403,
    -12.00604041399));
#6031 = CARTESIAN_POINT('',(35.509833960036,-70.49998069294,
    -12.00621952447));
#6032 = CARTESIAN_POINT('',(35.510117160903,-70.49997956519,
    -12.00639863483));
#6033 = CARTESIAN_POINT('',(35.510400361734,-70.49997840077,
    -12.00657774507));
#6034 = CARTESIAN_POINT('',(35.510683562528,-70.49997719969,
    -12.00675685517));
#6035 = CARTESIAN_POINT('',(35.510966763284,-70.49997596194,
    -12.00693596513));
#6036 = CARTESIAN_POINT('',(35.511533163839,-70.49997341312,
    -12.00729418421));
#6037 = CARTESIAN_POINT('',(35.511816363639,-70.49997210205,
    -12.00747329333));
#6038 = CARTESIAN_POINT('',(35.512099563398,-70.49997075431,
    -12.00765240231));
#6039 = CARTESIAN_POINT('',(35.512382763114,-70.49996936991,
    -12.00783151113));
#6040 = CARTESIAN_POINT('',(35.512665962786,-70.49996794884,
    -12.0080106198));
#6041 = CARTESIAN_POINT('',(35.512949162413,-70.49996649111,
    -12.0081897283));
#6042 = CARTESIAN_POINT('',(35.513232361994,-70.49996499671,
    -12.00836883664));
#6043 = CARTESIAN_POINT('',(35.513798760007,-70.49996193459,
    -12.00872705231));
#6044 = CARTESIAN_POINT('',(35.514081958439,-70.49996036687,
    -12.00890615964));
#6045 = CARTESIAN_POINT('',(35.514365156822,-70.49995876248,
    -12.00908526679));
#6046 = CARTESIAN_POINT('',(35.514648355155,-70.49995712143,
    -12.00926437376));
#6047 = CARTESIAN_POINT('',(35.514931553436,-70.49995544371,
    -12.00944348055));
#6048 = CARTESIAN_POINT('',(35.515214751664,-70.49995372933,
    -12.00962258715));
#6049 = CARTESIAN_POINT('',(35.515497949837,-70.49995197829,
    -12.00980169355));
#6050 = CARTESIAN_POINT('',(35.516064344842,-70.49994840287,
    -12.01015990517));
#6051 = CARTESIAN_POINT('',(35.516347541674,-70.4999465785,
    -12.0103390104));
#6052 = CARTESIAN_POINT('',(35.516630738449,-70.49994471747,
    -12.01051811542));
#6053 = CARTESIAN_POINT('',(35.516913935166,-70.49994281977,
    -12.01069722022));
#6054 = CARTESIAN_POINT('',(35.517197131822,-70.4999408854,
    -12.01087632482));
#6055 = CARTESIAN_POINT('',(35.517480328418,-70.49993891437,
    -12.0110554292));
#6056 = CARTESIAN_POINT('',(35.517763524951,-70.49993690668,
    -12.01123453335));
#6057 = CARTESIAN_POINT('',(35.518281089857,-70.49993317044,
    -12.01156186054));
#6058 = CARTESIAN_POINT('',(35.518515458249,-70.49993145345,
    -12.01171008365));
#6059 = CARTESIAN_POINT('',(35.518749826597,-70.49992971135,
    -12.01185830661));
#6060 = CARTESIAN_POINT('',(35.5189841949,-70.49992794414,-12.0120065294
    ));
#6061 = CARTESIAN_POINT('',(35.519218563157,-70.49992615181,
    -12.01215475202));
#6062 = CARTESIAN_POINT('',(35.519452931367,-70.49992433438,
    -12.01230297448));
#6063 = CARTESIAN_POINT('',(35.519687299529,-70.49992249183,
    -12.01245119677));
#6064 = CARTESIAN_POINT('',(35.709727022299,-70.49840808047,
    -12.1326385774));
#6065 = CARTESIAN_POINT('',(35.89798547334,-70.48043759053,
    -12.25160564408));
#6066 = CARTESIAN_POINT('',(36.085658529682,-70.44642867592,
    -12.36892776598));
#6067 = CARTESIAN_POINT('',(36.273118622755,-70.39574125153,
    -12.48370970218));
#6068 = CARTESIAN_POINT('',(36.460019725867,-70.32715972769,
    -12.59432508414));
#6069 = CARTESIAN_POINT('',(36.645162780017,-70.23917990835,
    -12.69806331923));
#6070 = CARTESIAN_POINT('',(36.826272725138,-70.13029553758,
    -12.79079933035));
#6071 = CARTESIAN_POINT('',(37.0000006,-69.99999955,-12.86602566359));
#6072 = PCURVE('',#3128,#6073);
#6073 = DEFINITIONAL_REPRESENTATION('',(#6074),#6147);
#6074 = B_SPLINE_CURVE_WITH_KNOTS('',8,(#6075,#6076,#6077,#6078,#6079,
    #6080,#6081,#6082,#6083,#6084,#6085,#6086,#6087,#6088,#6089,#6090,
    #6091,#6092,#6093,#6094,#6095,#6096,#6097,#6098,#6099,#6100,#6101,
    #6102,#6103,#6104,#6105,#6106,#6107,#6108,#6109,#6110,#6111,#6112,
    #6113,#6114,#6115,#6116,#6117,#6118,#6119,#6120,#6121,#6122,#6123,
    #6124,#6125,#6126,#6127,#6128,#6129,#6130,#6131,#6132,#6133,#6134,
    #6135,#6136,#6137,#6138,#6139,#6140,#6141,#6142,#6143,#6144,#6145,
    #6146),.UNSPECIFIED.,.F.,.F.,(9,7,7,7,7,7,7,7,7,7,9),(0.,
    1.42195400681E-03,2.894691203704E-03,4.367426596375E-03,
    5.840159266771E-03,7.312888296986E-03,8.785612769218E-03,
    1.025833176541E-02,1.173104436763E-02,1.294983551425E-02,1.),
  .UNSPECIFIED.);
#6075 = CARTESIAN_POINT('',(0.,75.5));
#6076 = CARTESIAN_POINT('',(1.729370732419E-04,75.500273437521));
#6077 = CARTESIAN_POINT('',(3.458741462709E-04,75.500546875043));
#6078 = CARTESIAN_POINT('',(5.188112228148E-04,75.500820312563));
#6079 = CARTESIAN_POINT('',(6.917483065465E-04,75.501093750081));
#6080 = CARTESIAN_POINT('',(8.646854010841E-04,75.501367187595));
#6081 = CARTESIAN_POINT('',(1.037622509991E-03,75.501640625104));
#6082 = CARTESIAN_POINT('',(1.210559636776E-03,75.501914062608));
#6083 = CARTESIAN_POINT('',(1.562610152509E-03,75.502470703055));
#6084 = CARTESIAN_POINT('',(1.741723543083E-03,75.502753905999));
#6085 = CARTESIAN_POINT('',(1.920836960634E-03,75.503037108934));
#6086 = CARTESIAN_POINT('',(2.099950409162E-03,75.503320311858));
#6087 = CARTESIAN_POINT('',(2.279063892651E-03,75.503603514771));
#6088 = CARTESIAN_POINT('',(2.458177415067E-03,75.50388671767));
#6089 = CARTESIAN_POINT('',(2.637290980358E-03,75.504169920555));
#6090 = CARTESIAN_POINT('',(2.995517985129E-03,75.504736325947));
#6091 = CARTESIAN_POINT('',(3.174631424631E-03,75.505019528453));
#6092 = CARTESIAN_POINT('',(3.353744914944E-03,75.505302730943));
#6093 = CARTESIAN_POINT('',(3.532858460046E-03,75.505585933414));
#6094 = CARTESIAN_POINT('',(3.711972063909E-03,75.505869135866));
#6095 = CARTESIAN_POINT('',(3.891085730502E-03,75.506152338296));
#6096 = CARTESIAN_POINT('',(4.070199463788E-03,75.506435540704));
#6097 = CARTESIAN_POINT('',(4.428426740583E-03,75.507001944949));
#6098 = CARTESIAN_POINT('',(4.6075402841E-03,75.507285146785));
#6099 = CARTESIAN_POINT('',(4.786653902253E-03,75.507568348597));
#6100 = CARTESIAN_POINT('',(4.965767599018E-03,75.507851550383));
#6101 = CARTESIAN_POINT('',(5.144881378369E-03,75.50813475214));
#6102 = CARTESIAN_POINT('',(5.323995244277E-03,75.508417953869));
#6103 = CARTESIAN_POINT('',(5.503109200711E-03,75.508701155567));
#6104 = CARTESIAN_POINT('',(5.861336859854E-03,75.5092675582));
#6105 = CARTESIAN_POINT('',(6.040450562566E-03,75.509550759134));
#6106 = CARTESIAN_POINT('',(6.219564363746E-03,75.509833960036));
#6107 = CARTESIAN_POINT('',(6.398678267363E-03,75.510117160903));
#6108 = CARTESIAN_POINT('',(6.57779227739E-03,75.510400361734));
#6109 = CARTESIAN_POINT('',(6.756906397797E-03,75.510683562528));
#6110 = CARTESIAN_POINT('',(6.936020632559E-03,75.510966763284));
#6111 = CARTESIAN_POINT('',(7.294248784385E-03,75.51153316384));
#6112 = CARTESIAN_POINT('',(7.473362701445E-03,75.511816363639));
#6113 = CARTESIAN_POINT('',(7.652476740803E-03,75.512099563398));
#6114 = CARTESIAN_POINT('',(7.831590906433E-03,75.512382763114));
#6115 = CARTESIAN_POINT('',(8.010705202306E-03,75.512665962786));
#6116 = CARTESIAN_POINT('',(8.189819632392E-03,75.512949162413));
#6117 = CARTESIAN_POINT('',(8.368934200661E-03,75.513232361994));
#6118 = CARTESIAN_POINT('',(8.727162955496E-03,75.513798760007));
#6119 = CARTESIAN_POINT('',(8.906277142065E-03,75.514081958439));
#6120 = CARTESIAN_POINT('',(9.085391474758E-03,75.514365156823));
#6121 = CARTESIAN_POINT('',(9.264505957548E-03,75.514648355155));
#6122 = CARTESIAN_POINT('',(9.443620594409E-03,75.514931553436));
#6123 = CARTESIAN_POINT('',(9.622735389314E-03,75.515214751664));
#6124 = CARTESIAN_POINT('',(9.801850346236E-03,75.515497949837));
#6125 = CARTESIAN_POINT('',(1.016007981442E-02,75.516064344842));
#6126 = CARTESIAN_POINT('',(1.033919432568E-02,75.516347541674));
#6127 = CARTESIAN_POINT('',(1.05183090069E-02,75.516630738449));
#6128 = CARTESIAN_POINT('',(1.069742386206E-02,75.516913935166));
#6129 = CARTESIAN_POINT('',(1.087653889511E-02,75.517197131822));
#6130 = CARTESIAN_POINT('',(1.105565411003E-02,75.517480328418));
#6131 = CARTESIAN_POINT('',(1.12347695108E-02,75.517763524951));
#6132 = CARTESIAN_POINT('',(1.156211802592E-02,75.518281089857));
#6133 = CARTESIAN_POINT('',(1.171035108046E-02,75.518515458249));
#6134 = CARTESIAN_POINT('',(1.185858426725E-02,75.518749826597));
#6135 = CARTESIAN_POINT('',(1.200681758855E-02,75.5189841949));
#6136 = CARTESIAN_POINT('',(1.215505104662E-02,75.519218563157));
#6137 = CARTESIAN_POINT('',(1.23032846437E-02,75.519452931367));
#6138 = CARTESIAN_POINT('',(1.245151838205E-02,75.519687299529));
#6139 = CARTESIAN_POINT('',(0.132648439741,75.709727022299));
#6140 = CARTESIAN_POINT('',(0.25183316864,75.89798547334));
#6141 = CARTESIAN_POINT('',(0.372206821707,76.085658529682));
#6142 = CARTESIAN_POINT('',(0.495380054296,76.273118622755));
#6143 = CARTESIAN_POINT('',(0.622834264734,76.460019725867));
#6144 = CARTESIAN_POINT('',(0.756079683918,76.645162780017));
#6145 = CARTESIAN_POINT('',(0.896745268939,76.826272725138));
#6146 = CARTESIAN_POINT('',(1.047198070812,77.0000006));
#6147 = ( GEOMETRIC_REPRESENTATION_CONTEXT(2) 
PARAMETRIC_REPRESENTATION_CONTEXT() REPRESENTATION_CONTEXT('2D SPACE',''
  ) );
#6148 = PCURVE('',#5449,#6149);
#6149 = DEFINITIONAL_REPRESENTATION('',(#6150),#6223);
#6150 = B_SPLINE_CURVE_WITH_KNOTS('',8,(#6151,#6152,#6153,#6154,#6155,
    #6156,#6157,#6158,#6159,#6160,#6161,#6162,#6163,#6164,#6165,#6166,
    #6167,#6168,#6169,#6170,#6171,#6172,#6173,#6174,#6175,#6176,#6177,
    #6178,#6179,#6180,#6181,#6182,#6183,#6184,#6185,#6186,#6187,#6188,
    #6189,#6190,#6191,#6192,#6193,#6194,#6195,#6196,#6197,#6198,#6199,
    #6200,#6201,#6202,#6203,#6204,#6205,#6206,#6207,#6208,#6209,#6210,
    #6211,#6212,#6213,#6214,#6215,#6216,#6217,#6218,#6219,#6220,#6221,
    #6222),.UNSPECIFIED.,.F.,.F.,(9,7,7,7,7,7,7,7,7,7,9),(0.,
    1.42195400681E-03,2.894691203704E-03,4.367426596375E-03,
    5.840159266771E-03,7.312888296986E-03,8.785612769218E-03,
    1.025833176541E-02,1.173104436763E-02,1.294983551425E-02,1.),
  .UNSPECIFIED.);
#6151 = CARTESIAN_POINT('',(4.712388980385,1.5));
#6152 = CARTESIAN_POINT('',(4.712498355393,1.499827062927));
#6153 = CARTESIAN_POINT('',(4.712607730402,1.499654125854));
#6154 = CARTESIAN_POINT('',(4.712717105412,1.499481188785));
#6155 = CARTESIAN_POINT('',(4.712826480425,1.499308251725));
#6156 = CARTESIAN_POINT('',(4.712935855443,1.499135314678));
#6157 = CARTESIAN_POINT('',(4.713045230466,1.498962377648));
#6158 = CARTESIAN_POINT('',(4.713154605497,1.498789440639));
#6159 = CARTESIAN_POINT('',(4.713377261762,1.49843739046));
#6160 = CARTESIAN_POINT('',(4.713490542996,1.498258277292));
#6161 = CARTESIAN_POINT('',(4.713603824241,1.498079164156));
#6162 = CARTESIAN_POINT('',(4.713717105499,1.497900051057));
#6163 = CARTESIAN_POINT('',(4.713830386772,1.497720938001));
#6164 = CARTESIAN_POINT('',(4.713943668061,1.497541824991));
#6165 = CARTESIAN_POINT('',(4.714056949369,1.497362712033));
#6166 = CARTESIAN_POINT('',(4.714283511885,1.497004486449));
#6167 = CARTESIAN_POINT('',(4.714396793094,1.496825373823));
#6168 = CARTESIAN_POINT('',(4.714510074324,1.496646261258));
#6169 = CARTESIAN_POINT('',(4.714623355577,1.496467148759));
#6170 = CARTESIAN_POINT('',(4.714736636855,1.496288036332));
#6171 = CARTESIAN_POINT('',(4.714849918159,1.496108923979));
#6172 = CARTESIAN_POINT('',(4.714963199492,1.495929811707));
#6173 = CARTESIAN_POINT('',(4.715189762008,1.495571587665));
#6174 = CARTESIAN_POINT('',(4.715303043192,1.495392475894));
#6175 = CARTESIAN_POINT('',(4.715416324407,1.495213364213));
#6176 = CARTESIAN_POINT('',(4.715529605655,1.495034252627));
#6177 = CARTESIAN_POINT('',(4.715642886938,1.494855141141));
#6178 = CARTESIAN_POINT('',(4.715756168257,1.494676029758));
#6179 = CARTESIAN_POINT('',(4.715869449616,1.494496918485));
#6180 = CARTESIAN_POINT('',(4.716096012132,1.494138696609));
#6181 = CARTESIAN_POINT('',(4.71620929329,1.493959586006));
#6182 = CARTESIAN_POINT('',(4.716322574489,1.493780475522));
#6183 = CARTESIAN_POINT('',(4.716435855733,1.493601365162));
#6184 = CARTESIAN_POINT('',(4.716549137021,1.493422254929));
#6185 = CARTESIAN_POINT('',(4.716662418356,1.493243144829));
#6186 = CARTESIAN_POINT('',(4.716775699739,1.493064034868));
#6187 = CARTESIAN_POINT('',(4.717002262255,1.492705815783));
#6188 = CARTESIAN_POINT('',(4.717115543388,1.492526706661));
#6189 = CARTESIAN_POINT('',(4.717228824572,1.492347597686));
#6190 = CARTESIAN_POINT('',(4.71734210581,1.492168488863));
#6191 = CARTESIAN_POINT('',(4.717455387104,1.491989380197));
#6192 = CARTESIAN_POINT('',(4.717568668454,1.491810271693));
#6193 = CARTESIAN_POINT('',(4.717681949862,1.491631163355));
#6194 = CARTESIAN_POINT('',(4.717908512378,1.491272947688));
#6195 = CARTESIAN_POINT('',(4.718021793486,1.491093840358));
#6196 = CARTESIAN_POINT('',(4.718135074655,1.490914733205));
#6197 = CARTESIAN_POINT('',(4.718248355888,1.490735626233));
#6198 = CARTESIAN_POINT('',(4.718361637187,1.490556519446));
#6199 = CARTESIAN_POINT('',(4.718474918552,1.490377412849));
#6200 = CARTESIAN_POINT('',(4.718588199985,1.490198306448));
#6201 = CARTESIAN_POINT('',(4.718814762502,1.489840094823));
#6202 = CARTESIAN_POINT('',(4.718928043584,1.489660989599));
#6203 = CARTESIAN_POINT('',(4.719041324738,1.48948188458));
#6204 = CARTESIAN_POINT('',(4.719154605966,1.489302779771));
#6205 = CARTESIAN_POINT('',(4.71926788727,1.489123675176));
#6206 = CARTESIAN_POINT('',(4.71938116865,1.4889445708));
#6207 = CARTESIAN_POINT('',(4.719494450109,1.488765466648));
#6208 = CARTESIAN_POINT('',(4.719701481465,1.488438139455));
#6209 = CARTESIAN_POINT('',(4.719795231337,1.488289916343));
#6210 = CARTESIAN_POINT('',(4.719888981265,1.48814169339));
#6211 = CARTESIAN_POINT('',(4.71998273125,1.487993470599));
#6212 = CARTESIAN_POINT('',(4.720076481293,1.487845247973));
#6213 = CARTESIAN_POINT('',(4.720170231395,1.487697025514));
#6214 = CARTESIAN_POINT('',(4.720263981557,1.487548803225));
#6215 = CARTESIAN_POINT('',(4.796282284271,1.367361422596));
#6216 = CARTESIAN_POINT('',(4.871640477058,1.248394355916));
#6217 = CARTESIAN_POINT('',(4.947483041572,1.131072234015));
#6218 = CARTESIAN_POINT('',(5.024584333331,1.016290297811));
#6219 = CARTESIAN_POINT('',(5.103579098456,0.905674915859));
#6220 = CARTESIAN_POINT('',(5.18493904088,0.801936680764));
#6221 = CARTESIAN_POINT('',(5.269026432203,0.709200669641));
#6222 = CARTESIAN_POINT('',(5.355890389178,0.633974336408));
#6223 = ( GEOMETRIC_REPRESENTATION_CONTEXT(2) 
PARAMETRIC_REPRESENTATION_CONTEXT() REPRESENTATION_CONTEXT('2D SPACE',''
  ) );
#6224 = ORIENTED_EDGE('',*,*,#5555,.T.);
#6225 = ADVANCED_FACE('',(#6226),#3184,.F.);
#6226 = FACE_BOUND('',#6227,.F.);
#6227 = EDGE_LOOP('',(#6228,#6252,#6333,#6334));
#6228 = ORIENTED_EDGE('',*,*,#6229,.F.);
#6229 = EDGE_CURVE('',#6230,#3147,#6232,.T.);
#6230 = VERTEX_POINT('',#6231);
#6231 = CARTESIAN_POINT('',(-37.5,-69.5,-12.86602540378));
#6232 = SURFACE_CURVE('',#6233,(#6238,#6245),.PCURVE_S1.);
#6233 = CIRCLE('',#6234,1.);
#6234 = AXIS2_PLACEMENT_3D('',#6235,#6236,#6237);
#6235 = CARTESIAN_POINT('',(-37.,-69.5,-12.));
#6236 = DIRECTION('',(0.,1.,-0.));
#6237 = DIRECTION('',(-1.,0.,2.449293598295E-16));
#6238 = PCURVE('',#3184,#6239);
#6239 = DEFINITIONAL_REPRESENTATION('',(#6240),#6244);
#6240 = LINE('',#6241,#6242);
#6241 = CARTESIAN_POINT('',(0.,-6.28318530718));
#6242 = VECTOR('',#6243,1.);
#6243 = DIRECTION('',(0.,1.));
#6244 = ( GEOMETRIC_REPRESENTATION_CONTEXT(2) 
PARAMETRIC_REPRESENTATION_CONTEXT() REPRESENTATION_CONTEXT('2D SPACE',''
  ) );
#6245 = PCURVE('',#3276,#6246);
#6246 = DEFINITIONAL_REPRESENTATION('',(#6247),#6251);
#6247 = LINE('',#6248,#6249);
#6248 = CARTESIAN_POINT('',(-6.28318530718,3.));
#6249 = VECTOR('',#6250,1.);
#6250 = DIRECTION('',(1.,-0.));
#6251 = ( GEOMETRIC_REPRESENTATION_CONTEXT(2) 
PARAMETRIC_REPRESENTATION_CONTEXT() REPRESENTATION_CONTEXT('2D SPACE',''
  ) );
#6252 = ORIENTED_EDGE('',*,*,#6253,.T.);
#6253 = EDGE_CURVE('',#6230,#5582,#6254,.T.);
#6254 = SURFACE_CURVE('',#6255,(#6279,#6306),.PCURVE_S1.);
#6255 = B_SPLINE_CURVE_WITH_KNOTS('',8,(#6256,#6257,#6258,#6259,#6260,
    #6261,#6262,#6263,#6264,#6265,#6266,#6267,#6268,#6269,#6270,#6271,
    #6272,#6273,#6274,#6275,#6276,#6277,#6278),.UNSPECIFIED.,.F.,.F.,(9,
    7,7,9),(0.,0.499336224559,0.813307872813,1.),.UNSPECIFIED.);
#6256 = CARTESIAN_POINT('',(-37.5,-69.5,-12.86602540378));
#6257 = CARTESIAN_POINT('',(-37.46810053132,-69.5425326249,
    -12.88444257061));
#6258 = CARTESIAN_POINT('',(-37.43689056637,-69.58199245036,
    -12.8982838911));
#6259 = CARTESIAN_POINT('',(-37.40687109833,-69.6181174372,
    -12.90835451549));
#6260 = CARTESIAN_POINT('',(-37.3781009529,-69.6513204856,
    -12.91560707916));
#6261 = CARTESIAN_POINT('',(-37.35026239442,-69.68226530068,
    -12.92065474493));
#6262 = CARTESIAN_POINT('',(-37.32298658189,-69.71153341162,
    -12.92388473095));
#6263 = CARTESIAN_POINT('',(-37.29580364139,-69.7397202691,
    -12.92551160542));
#6264 = CARTESIAN_POINT('',(-37.25065413029,-69.78488596804,
    -12.92553784099));
#6265 = CARTESIAN_POINT('',(-37.23303733599,-69.80211619253,
    -12.92491127892));
#6266 = CARTESIAN_POINT('',(-37.21508862818,-69.81928572005,
    -12.92364860936));
#6267 = CARTESIAN_POINT('',(-37.19666584261,-69.83651991703,
    -12.92171985632));
#6268 = CARTESIAN_POINT('',(-37.17762140348,-69.85393183293,
    -12.91906427075));
#6269 = CARTESIAN_POINT('',(-37.15780143854,-69.87162284647,
    -12.91558838847));
#6270 = CARTESIAN_POINT('',(-37.13705201971,-69.88967667006,
    -12.91116236065));
#6271 = CARTESIAN_POINT('',(-37.10225834133,-69.91912926968,
    -12.90231575135));
#6272 = CARTESIAN_POINT('',(-37.08890926424,-69.93025596988,
    -12.89862100509));
#6273 = CARTESIAN_POINT('',(-37.07516019021,-69.94153498575,
    -12.89449653833));
#6274 = CARTESIAN_POINT('',(-37.06099044422,-69.9529681204,
    -12.88990356164));
#6275 = CARTESIAN_POINT('',(-37.04638652706,-69.96454982578,
    -12.88480059677));
#6276 = CARTESIAN_POINT('',(-37.03134485847,-69.97626622083,
    -12.87914579789));
#6277 = CARTESIAN_POINT('',(-37.01587452037,-69.98809410971,
    -12.87289927274));
#6278 = CARTESIAN_POINT('',(-37.,-70.,-12.86602540378));
#6279 = PCURVE('',#3184,#6280);
#6280 = DEFINITIONAL_REPRESENTATION('',(#6281),#6305);
#6281 = B_SPLINE_CURVE_WITH_KNOTS('',8,(#6282,#6283,#6284,#6285,#6286,
    #6287,#6288,#6289,#6290,#6291,#6292,#6293,#6294,#6295,#6296,#6297,
    #6298,#6299,#6300,#6301,#6302,#6303,#6304),.UNSPECIFIED.,.F.,.F.,(9,
    7,7,9),(0.,0.499336224559,0.813307872813,1.),.UNSPECIFIED.);
#6282 = CARTESIAN_POINT('',(0.,-1.047197551197));
#6283 = CARTESIAN_POINT('',(8.506524980248E-02,-1.084031884851));
#6284 = CARTESIAN_POINT('',(0.176388399358,-1.11440029009));
#6285 = CARTESIAN_POINT('',(0.272707160746,-1.138338893214));
#6286 = CARTESIAN_POINT('',(0.372509248901,-1.156478638037));
#6287 = CARTESIAN_POINT('',(0.47437183754,-1.169561837613));
#6288 = CARTESIAN_POINT('',(0.577306453921,-1.178087802572));
#6289 = CARTESIAN_POINT('',(0.680674052678,-1.18238425278));
#6290 = CARTESIAN_POINT('',(0.849319046591,-1.182453534455));
#6291 = CARTESIAN_POINT('',(0.914398012296,-1.18079877384));
#6292 = CARTESIAN_POINT('',(0.979340630768,-1.177464338135));
#6293 = CARTESIAN_POINT('',(1.044002507103,-1.172408213042));
#6294 = CARTESIAN_POINT('',(1.108200394392,-1.165547015612));
#6295 = CARTESIAN_POINT('',(1.171711954424,-1.156761896851));
#6296 = CARTESIAN_POINT('',(1.234280863555,-1.145907870101));
#6297 = CARTESIAN_POINT('',(1.332104729139,-1.125048230226));
#6298 = CARTESIAN_POINT('',(1.368140142302,-1.116484472598));
#6299 = CARTESIAN_POINT('',(1.403665329259,-1.107105488286));
#6300 = CARTESIAN_POINT('',(1.438602715599,-1.096882289078));
#6301 = CARTESIAN_POINT('',(1.47286894389,-1.085790299328));
#6302 = CARTESIAN_POINT('',(1.506378491101,-1.073812952733));
#6303 = CARTESIAN_POINT('',(1.539047286042,-1.060945289115));
#6304 = CARTESIAN_POINT('',(1.570796326795,-1.047197551197));
#6305 = ( GEOMETRIC_REPRESENTATION_CONTEXT(2) 
PARAMETRIC_REPRESENTATION_CONTEXT() REPRESENTATION_CONTEXT('2D SPACE',''
  ) );
#6306 = PCURVE('',#5631,#6307);
#6307 = DEFINITIONAL_REPRESENTATION('',(#6308),#6332);
#6308 = B_SPLINE_CURVE_WITH_KNOTS('',8,(#6309,#6310,#6311,#6312,#6313,
    #6314,#6315,#6316,#6317,#6318,#6319,#6320,#6321,#6322,#6323,#6324,
    #6325,#6326,#6327,#6328,#6329,#6330,#6331),.UNSPECIFIED.,.F.,.F.,(9,
    7,7,9),(0.,0.499336224559,0.813307872813,1.),.UNSPECIFIED.);
#6309 = CARTESIAN_POINT('',(3.785093762383,0.633974596216));
#6310 = CARTESIAN_POINT('',(3.806360074834,0.615557429389));
#6311 = CARTESIAN_POINT('',(3.826477601548,0.6017161089));
#6312 = CARTESIAN_POINT('',(3.845256979608,0.591645484505));
#6313 = CARTESIAN_POINT('',(3.862823944291,0.584392920835));
#6314 = CARTESIAN_POINT('',(3.879468003545,0.579345255067));
#6315 = CARTESIAN_POINT('',(3.895467054958,0.576115269042));
#6316 = CARTESIAN_POINT('',(3.911128043592,0.574488394578));
#6317 = CARTESIAN_POINT('',(3.936673042986,0.574462159002));
#6318 = CARTESIAN_POINT('',(3.946529249077,0.575088721072));
#6319 = CARTESIAN_POINT('',(3.956463605351,0.576351390638));
#6320 = CARTESIAN_POINT('',(3.966553244525,0.578280143678));
#6321 = CARTESIAN_POINT('',(3.976873572765,0.58093572925));
#6322 = CARTESIAN_POINT('',(3.987498966493,0.584411611525));
#6323 = CARTESIAN_POINT('',(3.998499618102,0.588837639348));
#6324 = CARTESIAN_POINT('',(4.0167338965,0.597684248642));
#6325 = CARTESIAN_POINT('',(4.023684974933,0.601378994907));
#6326 = CARTESIAN_POINT('',(4.030798005723,0.605503461661));
#6327 = CARTESIAN_POINT('',(4.038080345866,0.61009643836));
#6328 = CARTESIAN_POINT('',(4.04553537721,0.61519940323));
#6329 = CARTESIAN_POINT('',(4.053161414163,0.620854202106));
#6330 = CARTESIAN_POINT('',(4.060950611403,0.627100727256));
#6331 = CARTESIAN_POINT('',(4.068887871591,0.633974596216));
#6332 = ( GEOMETRIC_REPRESENTATION_CONTEXT(2) 
PARAMETRIC_REPRESENTATION_CONTEXT() REPRESENTATION_CONTEXT('2D SPACE',''
  ) );
#6333 = ORIENTED_EDGE('',*,*,#5581,.T.);
#6334 = ORIENTED_EDGE('',*,*,#3169,.F.);
#6335 = ADVANCED_FACE('',(#6336),#3238,.F.);
#6336 = FACE_BOUND('',#6337,.T.);
#6337 = EDGE_LOOP('',(#6338,#6400,#6421,#6422));
#6338 = ORIENTED_EDGE('',*,*,#6339,.F.);
#6339 = EDGE_CURVE('',#6340,#3204,#6342,.T.);
#6340 = VERTEX_POINT('',#6341);
#6341 = CARTESIAN_POINT('',(-37.,-66.,-13.));
#6342 = SURFACE_CURVE('',#6343,(#6360,#6380),.PCURVE_S1.);
#6343 = B_SPLINE_CURVE_WITH_KNOTS('',8,(#6344,#6345,#6346,#6347,#6348,
    #6349,#6350,#6351,#6352,#6353,#6354,#6355,#6356,#6357,#6358,#6359),
  .UNSPECIFIED.,.F.,.F.,(9,7,9),(0.,0.217101983846,1.),.UNSPECIFIED.);
#6344 = CARTESIAN_POINT('',(-37.,-66.,-13.));
#6345 = CARTESIAN_POINT('',(-37.05715343858,-66.04286507894,-13.));
#6346 = CARTESIAN_POINT('',(-37.11276948808,-66.08749369048,
    -12.99626685369));
#6347 = CARTESIAN_POINT('',(-37.16665809134,-66.13371854936,
    -12.98915195187));
#6348 = CARTESIAN_POINT('',(-37.21867223781,-66.1813628034,
    -12.97898519041));
#6349 = CARTESIAN_POINT('',(-37.26869991875,-66.23024317885,
    -12.96607818089));
#6350 = CARTESIAN_POINT('',(-37.31665801086,-66.28017235779,
    -12.95072673382));
#6351 = CARTESIAN_POINT('',(-37.36248808828,-66.33096058755,
    -12.93321261459));
#6352 = CARTESIAN_POINT('',(-37.56361971243,-66.56797332164,
    -12.84381664423));
#6353 = CARTESIAN_POINT('',(-37.69523431932,-66.76491377077,
    -12.74818236744));
#6354 = CARTESIAN_POINT('',(-37.80069196983,-66.96802326269,
    -12.63699400646));
#6355 = CARTESIAN_POINT('',(-37.88187673185,-67.17347094069,
    -12.51656476026));
#6356 = CARTESIAN_POINT('',(-37.9409720607,-67.37915708473,
    -12.3910749778));
#6357 = CARTESIAN_POINT('',(-37.98000530306,-67.58459641443,
    -12.2627222303));
#6358 = CARTESIAN_POINT('',(-37.99999970147,-67.79085346633,
    -12.13227622887));
#6359 = CARTESIAN_POINT('',(-38.,-68.,-12.));
#6360 = PCURVE('',#3238,#6361);
#6361 = DEFINITIONAL_REPRESENTATION('',(#6362),#6379);
#6362 = B_SPLINE_CURVE_WITH_KNOTS('',8,(#6363,#6364,#6365,#6366,#6367,
    #6368,#6369,#6370,#6371,#6372,#6373,#6374,#6375,#6376,#6377,#6378),
  .UNSPECIFIED.,.F.,.F.,(9,7,9),(0.,0.217101983846,1.),.UNSPECIFIED.);
#6363 = CARTESIAN_POINT('',(-1.570796326795,6.5));
#6364 = CARTESIAN_POINT('',(-1.513642888206,6.457134921059));
#6365 = CARTESIAN_POINT('',(-1.458026767052,6.412506309511));
#6366 = CARTESIAN_POINT('',(-1.403853875129,6.366281450634));
#6367 = CARTESIAN_POINT('',(-1.351050400027,6.318637196596));
#6368 = CARTESIAN_POINT('',(-1.299558456616,6.269756821143));
#6369 = CARTESIAN_POINT('',(-1.249332962252,6.21982764221));
#6370 = CARTESIAN_POINT('',(-1.200339735706,6.169039412446));
#6371 = CARTESIAN_POINT('',(-0.980236192456,5.932026678351));
#6372 = CARTESIAN_POINT('',(-0.821121740348,5.735086229229));
#6373 = CARTESIAN_POINT('',(-0.67181172282,5.531976737309));
#6374 = CARTESIAN_POINT('',(-0.530287742336,5.326529059309));
#6375 = CARTESIAN_POINT('',(-0.394590291726,5.120842915267));
#6376 = CARTESIAN_POINT('',(-0.262725851772,4.91540358557));
#6377 = CARTESIAN_POINT('',(-0.132275623116,4.709146533663));
#6378 = CARTESIAN_POINT('',(0.,4.5));
#6379 = ( GEOMETRIC_REPRESENTATION_CONTEXT(2) 
PARAMETRIC_REPRESENTATION_CONTEXT() REPRESENTATION_CONTEXT('2D SPACE',''
  ) );
#6380 = PCURVE('',#5821,#6381);
#6381 = DEFINITIONAL_REPRESENTATION('',(#6382),#6399);
#6382 = B_SPLINE_CURVE_WITH_KNOTS('',8,(#6383,#6384,#6385,#6386,#6387,
    #6388,#6389,#6390,#6391,#6392,#6393,#6394,#6395,#6396,#6397,#6398),
  .UNSPECIFIED.,.F.,.F.,(9,7,9),(0.,0.217101983846,1.),.UNSPECIFIED.);
#6383 = CARTESIAN_POINT('',(8.497482742768,0.5));
#6384 = CARTESIAN_POINT('',(8.526059462062,0.5));
#6385 = CARTESIAN_POINT('',(8.554567456624,0.503733146306));
#6386 = CARTESIAN_POINT('',(8.582941357951,0.510848048128));
#6387 = CARTESIAN_POINT('',(8.611126452899,0.521014809583));
#6388 = CARTESIAN_POINT('',(8.639075288644,0.533921819105));
#6389 = CARTESIAN_POINT('',(8.66674511648,0.549273266177));
#6390 = CARTESIAN_POINT('',(8.694096174463,0.566787385405));
#6391 = CARTESIAN_POINT('',(8.818436974755,0.656183355765));
#6392 = CARTESIAN_POINT('',(8.912564303068,0.751817632553));
#6393 = CARTESIAN_POINT('',(9.003209913165,0.86300599354));
#6394 = CARTESIAN_POINT('',(9.090703236231,0.983435239737));
#6395 = CARTESIAN_POINT('',(9.175547252704,1.108925022194));
#6396 = CARTESIAN_POINT('',(9.25861701376,1.237277769694));
#6397 = CARTESIAN_POINT('',(9.341119259931,1.367723771124));
#6398 = CARTESIAN_POINT('',(9.424777960769,1.5));
#6399 = ( GEOMETRIC_REPRESENTATION_CONTEXT(2) 
PARAMETRIC_REPRESENTATION_CONTEXT() REPRESENTATION_CONTEXT('2D SPACE',''
  ) );
#6400 = ORIENTED_EDGE('',*,*,#6401,.T.);
#6401 = EDGE_CURVE('',#6340,#4310,#6402,.T.);
#6402 = SURFACE_CURVE('',#6403,(#6407,#6414),.PCURVE_S1.);
#6403 = LINE('',#6404,#6405);
#6404 = CARTESIAN_POINT('',(-37.,-72.5,-13.));
#6405 = VECTOR('',#6406,1.);
#6406 = DIRECTION('',(0.,1.,0.));
#6407 = PCURVE('',#3238,#6408);
#6408 = DEFINITIONAL_REPRESENTATION('',(#6409),#6413);
#6409 = LINE('',#6410,#6411);
#6410 = CARTESIAN_POINT('',(-1.570796326795,0.));
#6411 = VECTOR('',#6412,1.);
#6412 = DIRECTION('',(-0.,1.));
#6413 = ( GEOMETRIC_REPRESENTATION_CONTEXT(2) 
PARAMETRIC_REPRESENTATION_CONTEXT() REPRESENTATION_CONTEXT('2D SPACE',''
  ) );
#6414 = PCURVE('',#3405,#6415);
#6415 = DEFINITIONAL_REPRESENTATION('',(#6416),#6420);
#6416 = LINE('',#6417,#6418);
#6417 = CARTESIAN_POINT('',(3.,0.));
#6418 = VECTOR('',#6419,1.);
#6419 = DIRECTION('',(0.,1.));
#6420 = ( GEOMETRIC_REPRESENTATION_CONTEXT(2) 
PARAMETRIC_REPRESENTATION_CONTEXT() REPRESENTATION_CONTEXT('2D SPACE',''
  ) );
#6421 = ORIENTED_EDGE('',*,*,#4309,.T.);
#6422 = ORIENTED_EDGE('',*,*,#3224,.F.);
#6423 = ADVANCED_FACE('',(#6424),#3276,.F.);
#6424 = FACE_BOUND('',#6425,.T.);
#6425 = EDGE_LOOP('',(#6426,#6427,#6655));
#6426 = ORIENTED_EDGE('',*,*,#6229,.F.);
#6427 = ORIENTED_EDGE('',*,*,#6428,.F.);
#6428 = EDGE_CURVE('',#3204,#6230,#6429,.T.);
#6429 = SURFACE_CURVE('',#6430,(#6503,#6579),.PCURVE_S1.);
#6430 = B_SPLINE_CURVE_WITH_KNOTS('',8,(#6431,#6432,#6433,#6434,#6435,
    #6436,#6437,#6438,#6439,#6440,#6441,#6442,#6443,#6444,#6445,#6446,
    #6447,#6448,#6449,#6450,#6451,#6452,#6453,#6454,#6455,#6456,#6457,
    #6458,#6459,#6460,#6461,#6462,#6463,#6464,#6465,#6466,#6467,#6468,
    #6469,#6470,#6471,#6472,#6473,#6474,#6475,#6476,#6477,#6478,#6479,
    #6480,#6481,#6482,#6483,#6484,#6485,#6486,#6487,#6488,#6489,#6490,
    #6491,#6492,#6493,#6494,#6495,#6496,#6497,#6498,#6499,#6500,#6501,
    #6502),.UNSPECIFIED.,.F.,.F.,(9,7,7,7,7,7,7,7,7,7,9),(0.,
    1.320381797574E-03,2.640762933698E-03,4.062710350997E-03,
    5.535439105681E-03,7.008164409997E-03,8.379318544315E-03,
    9.852034588596E-03,1.13247444923E-02,1.274666460829E-02,1.),
  .UNSPECIFIED.);
#6431 = CARTESIAN_POINT('',(-38.,-68.,-12.));
#6432 = CARTESIAN_POINT('',(-38.,-68.00025390627,-12.00016058442));
#6433 = CARTESIAN_POINT('',(-37.99999997052,-68.00050781254,
    -12.00032116885));
#6434 = CARTESIAN_POINT('',(-37.99999991158,-68.00076171881,
    -12.00048175327));
#6435 = CARTESIAN_POINT('',(-37.99999982317,-68.00101562508,
    -12.00064233769));
#6436 = CARTESIAN_POINT('',(-37.99999970528,-68.00126953135,
    -12.0008029221));
#6437 = CARTESIAN_POINT('',(-37.99999955793,-68.00152343762,
    -12.00096350649));
#6438 = CARTESIAN_POINT('',(-37.9999993811,-68.00177734387,
    -12.00112409086));
#6439 = CARTESIAN_POINT('',(-37.9999989685,-68.00228515625,
    -12.00144525949));
#6440 = CARTESIAN_POINT('',(-37.99999873273,-68.00253906237,
    -12.00160584375));
#6441 = CARTESIAN_POINT('',(-37.99999846749,-68.00279296849,
    -12.00176642798));
#6442 = CARTESIAN_POINT('',(-37.99999817278,-68.00304687459,
    -12.00192701218));
#6443 = CARTESIAN_POINT('',(-37.99999784859,-68.00330078069,
    -12.00208759635));
#6444 = CARTESIAN_POINT('',(-37.99999749494,-68.00355468678,
    -12.00224818049));
#6445 = CARTESIAN_POINT('',(-37.99999711181,-68.00380859285,
    -12.00240876458));
#6446 = CARTESIAN_POINT('',(-37.99999625488,-68.00433593593,
    -12.00274228514));
#6447 = CARTESIAN_POINT('',(-37.99999577636,-68.00460937293,
    -12.00291522158));
#6448 = CARTESIAN_POINT('',(-37.99999526367,-68.00488280992,
    -12.00308815798));
#6449 = CARTESIAN_POINT('',(-37.99999471679,-68.00515624688,
    -12.00326109431));
#6450 = CARTESIAN_POINT('',(-37.99999413574,-68.00542968384,
    -12.00343403059));
#6451 = CARTESIAN_POINT('',(-37.9999935205,-68.00570312077,
    -12.0036069668));
#6452 = CARTESIAN_POINT('',(-37.99999287109,-68.00597655768,
    -12.00377990294));
#6453 = CARTESIAN_POINT('',(-37.99999147949,-68.0065331966,
    -12.00413195107));
#6454 = CARTESIAN_POINT('',(-37.99999073482,-68.00681639859,
    -12.00431106304));
#6455 = CARTESIAN_POINT('',(-37.99998995348,-68.00709960056,
    -12.00449017493));
#6456 = CARTESIAN_POINT('',(-37.99998913548,-68.00738280251,
    -12.00466928673));
#6457 = CARTESIAN_POINT('',(-37.99998828082,-68.00766600443,
    -12.00484839843));
#6458 = CARTESIAN_POINT('',(-37.99998738949,-68.00794920632,
    -12.00502751004));
#6459 = CARTESIAN_POINT('',(-37.99998646149,-68.00823240818,
    -12.00520662155));
#6460 = CARTESIAN_POINT('',(-37.99998453217,-68.00879881119,
    -12.00556484392));
#6461 = CARTESIAN_POINT('',(-37.99998353085,-68.00908201233,
    -12.00574395479));
#6462 = CARTESIAN_POINT('',(-37.99998249286,-68.00936521344,
    -12.00592306555));
#6463 = CARTESIAN_POINT('',(-37.99998141821,-68.00964841451,
    -12.00610217619));
#6464 = CARTESIAN_POINT('',(-37.99998030689,-68.00993161556,
    -12.00628128671));
#6465 = CARTESIAN_POINT('',(-37.99997915891,-68.01021481656,
    -12.0064603971));
#6466 = CARTESIAN_POINT('',(-37.99997797426,-68.01049801753,
    -12.00663950736));
#6467 = CARTESIAN_POINT('',(-37.99997561587,-68.01104488755,
    -12.00698537471));
#6468 = CARTESIAN_POINT('',(-37.99997444701,-68.01130855659,
    -12.00715213181));
#6469 = CARTESIAN_POINT('',(-37.99997324637,-68.01157222561,
    -12.0073188888));
#6470 = CARTESIAN_POINT('',(-37.99997201394,-68.01183589459,
    -12.00748564565));
#6471 = CARTESIAN_POINT('',(-37.99997074973,-68.01209956353,
    -12.00765240238));
#6472 = CARTESIAN_POINT('',(-37.99996945374,-68.01236323244,
    -12.00781915898));
#6473 = CARTESIAN_POINT('',(-37.99996812597,-68.0126269013,
    -12.00798591543));
#6474 = CARTESIAN_POINT('',(-37.99996530616,-68.01317376901,
    -12.00833177977));
#6475 = CARTESIAN_POINT('',(-37.99996380924,-68.01345696784,
    -12.00851088762));
#6476 = CARTESIAN_POINT('',(-37.99996227565,-68.01374016663,
    -12.00868999531));
#6477 = CARTESIAN_POINT('',(-37.9999607054,-68.01402336537,
    -12.00886910282));
#6478 = CARTESIAN_POINT('',(-37.99995909848,-68.01430656405,
    -12.00904821016));
#6479 = CARTESIAN_POINT('',(-37.9999574549,-68.01458976269,
    -12.00922731731));
#6480 = CARTESIAN_POINT('',(-37.99995577465,-68.01487296127,
    -12.00940642428));
#6481 = CARTESIAN_POINT('',(-37.99995234083,-68.01543935716,
    -12.00976463708));
#6482 = CARTESIAN_POINT('',(-37.99995058726,-68.01572255445,
    -12.00994374292));
#6483 = CARTESIAN_POINT('',(-37.99994879703,-68.01600575169,
    -12.01012284856));
#6484 = CARTESIAN_POINT('',(-37.99994697013,-68.01628894888,
    -12.01030195399));
#6485 = CARTESIAN_POINT('',(-37.99994510656,-68.01657214601,
    -12.01048105922));
#6486 = CARTESIAN_POINT('',(-37.99994320633,-68.01685534308,
    -12.01066016424));
#6487 = CARTESIAN_POINT('',(-37.99994126944,-68.01713854009,
    -12.01083926905));
#6488 = CARTESIAN_POINT('',(-37.99993739038,-68.01769516728,
    -12.01119130138));
#6489 = CARTESIAN_POINT('',(-37.9999354507,-68.01796859747,
    -12.01136422892));
#6490 = CARTESIAN_POINT('',(-37.99993347684,-68.01824202761,
    -12.01153715626));
#6491 = CARTESIAN_POINT('',(-37.9999314688,-68.01851545768,
    -12.01171008338));
#6492 = CARTESIAN_POINT('',(-37.99992942658,-68.01878888769,
    -12.01188301028));
#6493 = CARTESIAN_POINT('',(-37.99992735018,-68.01906231764,
    -12.01205593696));
#6494 = CARTESIAN_POINT('',(-37.9999252396,-68.01933574753,
    -12.01222886341));
#6495 = CARTESIAN_POINT('',(-37.99843396689,-68.20945423313,
    -12.13246618994));
#6496 = CARTESIAN_POINT('',(-37.98047986168,-68.39775190143,
    -12.25145961738));
#6497 = CARTESIAN_POINT('',(-37.94648125636,-68.58546424419,
    -12.36880880356));
#6498 = CARTESIAN_POINT('',(-37.89579806379,-68.77296403039,
    -12.48361823119));
#6499 = CARTESIAN_POINT('',(-37.82721420579,-68.95990524735,
    -12.59426096551));
#6500 = CARTESIAN_POINT('',(-37.73922467221,-69.14508837851,
    -12.69802524084));
#6501 = CARTESIAN_POINT('',(-37.63032221664,-69.32623715307,
    -12.79078392721));
#6502 = CARTESIAN_POINT('',(-37.49999955,-69.5000006,-12.86602566359));
#6503 = PCURVE('',#3276,#6504);
#6504 = DEFINITIONAL_REPRESENTATION('',(#6505),#6578);
#6505 = B_SPLINE_CURVE_WITH_KNOTS('',8,(#6506,#6507,#6508,#6509,#6510,
    #6511,#6512,#6513,#6514,#6515,#6516,#6517,#6518,#6519,#6520,#6521,
    #6522,#6523,#6524,#6525,#6526,#6527,#6528,#6529,#6530,#6531,#6532,
    #6533,#6534,#6535,#6536,#6537,#6538,#6539,#6540,#6541,#6542,#6543,
    #6544,#6545,#6546,#6547,#6548,#6549,#6550,#6551,#6552,#6553,#6554,
    #6555,#6556,#6557,#6558,#6559,#6560,#6561,#6562,#6563,#6564,#6565,
    #6566,#6567,#6568,#6569,#6570,#6571,#6572,#6573,#6574,#6575,#6576,
    #6577),.UNSPECIFIED.,.F.,.F.,(9,7,7,7,7,7,7,7,7,7,9),(0.,
    1.320381797574E-03,2.640762933698E-03,4.062710350997E-03,
    5.535439105681E-03,7.008164409997E-03,8.379318544315E-03,
    9.852034588596E-03,1.13247444923E-02,1.274666460829E-02,1.),
  .UNSPECIFIED.);
#6506 = CARTESIAN_POINT('',(0.,4.5));
#6507 = CARTESIAN_POINT('',(-1.605844271661E-04,4.499746093727));
#6508 = CARTESIAN_POINT('',(-3.211688543383E-04,4.499492187454));
#6509 = CARTESIAN_POINT('',(-4.817532843522E-04,4.499238281181));
#6510 = CARTESIAN_POINT('',(-6.423377200567E-04,4.498984374911));
#6511 = CARTESIAN_POINT('',(-8.029221643146E-04,4.498730468644));
#6512 = CARTESIAN_POINT('',(-9.635066200022E-04,4.49847656238));
#6513 = CARTESIAN_POINT('',(-1.124091090009E-03,4.498222656121));
#6514 = CARTESIAN_POINT('',(-1.445259984012E-03,4.497714843742));
#6515 = CARTESIAN_POINT('',(-1.60584440799E-03,4.497460937622));
#6516 = CARTESIAN_POINT('',(-1.766428851997E-03,4.497207031509));
#6517 = CARTESIAN_POINT('',(-1.927013318873E-03,4.496953125403));
#6518 = CARTESIAN_POINT('',(-2.087597811476E-03,4.496699219306));
#6519 = CARTESIAN_POINT('',(-2.248182332679E-03,4.496445313219));
#6520 = CARTESIAN_POINT('',(-2.408766885371E-03,4.496191407142));
#6521 = CARTESIAN_POINT('',(-2.742288537838E-03,4.495664064064));
#6522 = CARTESIAN_POINT('',(-2.915225643074E-03,4.495390627065));
#6523 = CARTESIAN_POINT('',(-3.08816279172E-03,4.49511719008));
#6524 = CARTESIAN_POINT('',(-3.261099987339E-03,4.494843753111));
#6525 = CARTESIAN_POINT('',(-3.4340372335E-03,4.494570316159));
#6526 = CARTESIAN_POINT('',(-3.606974533778E-03,4.494296879225));
#6527 = CARTESIAN_POINT('',(-3.779911891759E-03,4.494023442311));
#6528 = CARTESIAN_POINT('',(-4.131962762779E-03,4.4934668034));
#6529 = CARTESIAN_POINT('',(-4.311076280263E-03,4.493183601405));
#6530 = CARTESIAN_POINT('',(-4.490189867455E-03,4.492900399434));
#6531 = CARTESIAN_POINT('',(-4.669303528326E-03,4.492617197488));
#6532 = CARTESIAN_POINT('',(-4.848417266848E-03,4.492333995568));
#6533 = CARTESIAN_POINT('',(-5.027531086993E-03,4.492050793675));
#6534 = CARTESIAN_POINT('',(-5.206644992731E-03,4.491767591811));
#6535 = CARTESIAN_POINT('',(-5.564872563714E-03,4.491201188806));
#6536 = CARTESIAN_POINT('',(-5.743986228962E-03,4.490917987666));
#6537 = CARTESIAN_POINT('',(-5.923099987747E-03,4.490634786557));
#6538 = CARTESIAN_POINT('',(-6.102213844038E-03,4.490351585481));
#6539 = CARTESIAN_POINT('',(-6.281327801807E-03,4.490068384439));
#6540 = CARTESIAN_POINT('',(-6.460441865026E-03,4.489785183432));
#6541 = CARTESIAN_POINT('',(-6.639556037672E-03,4.489501982463));
#6542 = CARTESIAN_POINT('',(-6.985431425129E-03,4.488955112449));
#6543 = CARTESIAN_POINT('',(-7.152192624839E-03,4.488691443401));
#6544 = CARTESIAN_POINT('',(-7.318953926048E-03,4.488427774387));
#6545 = CARTESIAN_POINT('',(-7.485715331958E-03,4.488164105407));
#6546 = CARTESIAN_POINT('',(-7.652476845772E-03,4.487900436465));
#6547 = CARTESIAN_POINT('',(-7.819238470697E-03,4.487636767559));
#6548 = CARTESIAN_POINT('',(-7.986000209943E-03,4.487373098692));
#6549 = CARTESIAN_POINT('',(-8.331876037856E-03,4.486826230986));
#6550 = CARTESIAN_POINT('',(-8.510990144572E-03,4.486543032154));
#6551 = CARTESIAN_POINT('',(-8.690104390843E-03,4.486259833368));
#6552 = CARTESIAN_POINT('',(-8.869218780641E-03,4.48597663463));
#6553 = CARTESIAN_POINT('',(-9.048333317937E-03,4.485693435942));
#6554 = CARTESIAN_POINT('',(-9.227448006701E-03,4.485410237305));
#6555 = CARTESIAN_POINT('',(-9.406562850904E-03,4.485127038721));
#6556 = CARTESIAN_POINT('',(-9.764792111284E-03,4.484560642839));
#6557 = CARTESIAN_POINT('',(-9.943906527454E-03,4.484277445542));
#6558 = CARTESIAN_POINT('',(-1.012302110701E-02,4.483994248301));
#6559 = CARTESIAN_POINT('',(-1.030213585392E-02,4.483711051115));
#6560 = CARTESIAN_POINT('',(-1.048125077216E-02,4.483427853987));
#6561 = CARTESIAN_POINT('',(-1.066036586571E-02,4.483144656918));
#6562 = CARTESIAN_POINT('',(-1.083948113853E-02,4.482861459909));
#6563 = CARTESIAN_POINT('',(-1.119153484224E-02,4.482304832713));
#6564 = CARTESIAN_POINT('',(-1.136447326071E-02,4.482031402521));
#6565 = CARTESIAN_POINT('',(-1.153741185357E-02,4.481757972388));
#6566 = CARTESIAN_POINT('',(-1.171035062441E-02,4.481484542315));
#6567 = CARTESIAN_POINT('',(-1.188328957679E-02,4.481211112302));
#6568 = CARTESIAN_POINT('',(-1.20562287143E-02,4.480937682352));
#6569 = CARTESIAN_POINT('',(-1.22291680405E-02,4.480664252466));
#6570 = CARTESIAN_POINT('',(-0.132475742154,4.290545766869));
#6571 = CARTESIAN_POINT('',(-0.251683370243,4.102248098565));
#6572 = CARTESIAN_POINT('',(-0.372079163603,3.914535755802));
#6573 = CARTESIAN_POINT('',(-0.495274606311,3.727035969602));
#6574 = CARTESIAN_POINT('',(-0.622751844736,3.540094752647));
#6575 = CARTESIAN_POINT('',(-0.75602187675,3.354911621483));
#6576 = CARTESIAN_POINT('',(-0.896714462616,3.173762846928));
#6577 = CARTESIAN_POINT('',(-1.047198070812,2.9999994));
#6578 = ( GEOMETRIC_REPRESENTATION_CONTEXT(2) 
PARAMETRIC_REPRESENTATION_CONTEXT() REPRESENTATION_CONTEXT('2D SPACE',''
  ) );
#6579 = PCURVE('',#5631,#6580);
#6580 = DEFINITIONAL_REPRESENTATION('',(#6581),#6654);
#6581 = B_SPLINE_CURVE_WITH_KNOTS('',8,(#6582,#6583,#6584,#6585,#6586,
    #6587,#6588,#6589,#6590,#6591,#6592,#6593,#6594,#6595,#6596,#6597,
    #6598,#6599,#6600,#6601,#6602,#6603,#6604,#6605,#6606,#6607,#6608,
    #6609,#6610,#6611,#6612,#6613,#6614,#6615,#6616,#6617,#6618,#6619,
    #6620,#6621,#6622,#6623,#6624,#6625,#6626,#6627,#6628,#6629,#6630,
    #6631,#6632,#6633,#6634,#6635,#6636,#6637,#6638,#6639,#6640,#6641,
    #6642,#6643,#6644,#6645,#6646,#6647,#6648,#6649,#6650,#6651,#6652,
    #6653),.UNSPECIFIED.,.F.,.F.,(9,7,7,7,7,7,7,7,7,7,9),(0.,
    1.320381797574E-03,2.640762933698E-03,4.062710350997E-03,
    5.535439105681E-03,7.008164409997E-03,8.379318544315E-03,
    9.852034588596E-03,1.13247444923E-02,1.274666460829E-02,1.),
  .UNSPECIFIED.);
#6582 = CARTESIAN_POINT('',(3.14159265359,1.5));
#6583 = CARTESIAN_POINT('',(3.141694216099,1.499839415573));
#6584 = CARTESIAN_POINT('',(3.141795778608,1.499678831146));
#6585 = CARTESIAN_POINT('',(3.141897341119,1.499518246722));
#6586 = CARTESIAN_POINT('',(3.141998903632,1.499357662305));
#6587 = CARTESIAN_POINT('',(3.142100466148,1.499197077899));
#6588 = CARTESIAN_POINT('',(3.14220202867,1.499036493506));
#6589 = CARTESIAN_POINT('',(3.142303591197,1.498875909131));
#6590 = CARTESIAN_POINT('',(3.142506716216,1.498554740502));
#6591 = CARTESIAN_POINT('',(3.142608278707,1.498394156248));
#6592 = CARTESIAN_POINT('',(3.142709841207,1.498233572019));
#6593 = CARTESIAN_POINT('',(3.142811403716,1.498072987817));
#6594 = CARTESIAN_POINT('',(3.142912966236,1.497912403646));
#6595 = CARTESIAN_POINT('',(3.143014528768,1.49775181951));
#6596 = CARTESIAN_POINT('',(3.143116091314,1.497591235412));
#6597 = CARTESIAN_POINT('',(3.143327028824,1.49725771486));
#6598 = CARTESIAN_POINT('',(3.14343640379,1.497084778413));
#6599 = CARTESIAN_POINT('',(3.143545778775,1.496911842019));
#6600 = CARTESIAN_POINT('',(3.14365515378,1.496738905681));
#6601 = CARTESIAN_POINT('',(3.143764528806,1.496565969405));
#6602 = CARTESIAN_POINT('',(3.143873903855,1.496393033193));
#6603 = CARTESIAN_POINT('',(3.143983278928,1.496220097051));
#6604 = CARTESIAN_POINT('',(3.144205935188,1.49586804893));
#6605 = CARTESIAN_POINT('',(3.144319216376,1.495688936957));
#6606 = CARTESIAN_POINT('',(3.144432497594,1.495509825068));
#6607 = CARTESIAN_POINT('',(3.144545778844,1.495330713267));
#6608 = CARTESIAN_POINT('',(3.144659060126,1.495151601561));
#6609 = CARTESIAN_POINT('',(3.144772341442,1.494972489952));
#6610 = CARTESIAN_POINT('',(3.144885622795,1.494793378446));
#6611 = CARTESIAN_POINT('',(3.145112185311,1.494435156071));
#6612 = CARTESIAN_POINT('',(3.145225466475,1.494256045201));
#6613 = CARTESIAN_POINT('',(3.145338747677,1.494076934443));
#6614 = CARTESIAN_POINT('',(3.145452028922,1.493897823804));
#6615 = CARTESIAN_POINT('',(3.145565310209,1.493718713286));
#6616 = CARTESIAN_POINT('',(3.14567859154,1.493539602895));
#6617 = CARTESIAN_POINT('',(3.145791872918,1.493360492637));
#6618 = CARTESIAN_POINT('',(3.146010622958,1.49301462529));
#6619 = CARTESIAN_POINT('',(3.146116091613,1.492847868183));
#6620 = CARTESIAN_POINT('',(3.146221560311,1.492681111199));
#6621 = CARTESIAN_POINT('',(3.146327029053,1.492514354341));
#6622 = CARTESIAN_POINT('',(3.146432497841,1.492347597614));
#6623 = CARTESIAN_POINT('',(3.146537966676,1.49218084102));
#6624 = CARTESIAN_POINT('',(3.146643435559,1.492014084563));
#6625 = CARTESIAN_POINT('',(3.146862185549,1.49166822023));
#6626 = CARTESIAN_POINT('',(3.146975466664,1.491489112375));
#6627 = CARTESIAN_POINT('',(3.147088747838,1.491310004688));
#6628 = CARTESIAN_POINT('',(3.147202029072,1.491130897174));
#6629 = CARTESIAN_POINT('',(3.147315310369,1.490951789837));
#6630 = CARTESIAN_POINT('',(3.14742859173,1.490772682683));
#6631 = CARTESIAN_POINT('',(3.147541873157,1.490593575716));
#6632 = CARTESIAN_POINT('',(3.147768435673,1.490235362914));
#6633 = CARTESIAN_POINT('',(3.147881716762,1.490056257078));
#6634 = CARTESIAN_POINT('',(3.147994997921,1.489877151439));
#6635 = CARTESIAN_POINT('',(3.14810827915,1.489698046002));
#6636 = CARTESIAN_POINT('',(3.148221560452,1.489518940771));
#6637 = CARTESIAN_POINT('',(3.148334841828,1.489339835751));
#6638 = CARTESIAN_POINT('',(3.14844812328,1.489160730947));
#6639 = CARTESIAN_POINT('',(3.148670779565,1.488808698615));
#6640 = CARTESIAN_POINT('',(3.148780154393,1.488635771071));
#6641 = CARTESIAN_POINT('',(3.148889529294,1.488462843737));
#6642 = CARTESIAN_POINT('',(3.148998904271,1.488289916618));
#6643 = CARTESIAN_POINT('',(3.149108279325,1.488116989718));
#6644 = CARTESIAN_POINT('',(3.149217654457,1.48794406304));
#6645 = CARTESIAN_POINT('',(3.149327029669,1.48777113659));
#6646 = CARTESIAN_POINT('',(3.225376763354,1.367533810057));
#6647 = CARTESIAN_POINT('',(3.300749766954,1.248540382618));
#6648 = CARTESIAN_POINT('',(3.376606804185,1.131191196441));
#6649 = CARTESIAN_POINT('',(3.453722657134,1.016381768801));
#6650 = CARTESIAN_POINT('',(3.532732449929,0.90573903449));
#6651 = CARTESIAN_POINT('',(3.61410816231,0.801974759152));
#6652 = CARTESIAN_POINT('',(3.698212319371,0.709216072788));
#6653 = CARTESIAN_POINT('',(3.785094062383,0.633974336408));
#6654 = ( GEOMETRIC_REPRESENTATION_CONTEXT(2) 
PARAMETRIC_REPRESENTATION_CONTEXT() REPRESENTATION_CONTEXT('2D SPACE',''
  ) );
#6655 = ORIENTED_EDGE('',*,*,#3262,.F.);
#6656 = ADVANCED_FACE('',(#6657,#6733,#6764,#6795,#6798,#6829,#6835,
    #6866,#6897,#6900,#6931,#6937),#3405,.T.);
#6657 = FACE_BOUND('',#6658,.T.);
#6658 = EDGE_LOOP('',(#6659,#6660,#6686,#6687,#6709,#6710,#6732));
#6659 = ORIENTED_EDGE('',*,*,#6401,.F.);
#6660 = ORIENTED_EDGE('',*,*,#6661,.T.);
#6661 = EDGE_CURVE('',#6340,#5654,#6662,.T.);
#6662 = SURFACE_CURVE('',#6663,(#6668,#6679),.PCURVE_S1.);
#6663 = CIRCLE('',#6664,2.5);
#6664 = AXIS2_PLACEMENT_3D('',#6665,#6666,#6667);
#6665 = CARTESIAN_POINT('',(-35.5,-68.,-13.));
#6666 = DIRECTION('',(0.,0.,-1.));
#6667 = DIRECTION('',(-0.6,0.8,0.));
#6668 = PCURVE('',#3405,#6669);
#6669 = DEFINITIONAL_REPRESENTATION('',(#6670),#6678);
#6670 = ( BOUNDED_CURVE() B_SPLINE_CURVE(2,(#6671,#6672,#6673,#6674,
#6675,#6676,#6677),.UNSPECIFIED.,.T.,.F.) B_SPLINE_CURVE_WITH_KNOTS((1,2
    ,2,2,2,1),(-2.094395102393,0.,2.094395102393,4.188790204786,
6.28318530718,8.377580409573),.UNSPECIFIED.) CURVE() 
GEOMETRIC_REPRESENTATION_ITEM() RATIONAL_B_SPLINE_CURVE((1.,0.5,1.,0.5,
1.,0.5,1.)) REPRESENTATION_ITEM('') );
#6671 = CARTESIAN_POINT('',(3.,6.5));
#6672 = CARTESIAN_POINT('',(6.464101615138,9.098076211353));
#6673 = CARTESIAN_POINT('',(6.982050807569,4.799038105677));
#6674 = CARTESIAN_POINT('',(7.5,0.5));
#6675 = CARTESIAN_POINT('',(3.517949192431,2.200961894323));
#6676 = CARTESIAN_POINT('',(-0.464101615138,3.901923788647));
#6677 = CARTESIAN_POINT('',(3.,6.5));
#6678 = ( GEOMETRIC_REPRESENTATION_CONTEXT(2) 
PARAMETRIC_REPRESENTATION_CONTEXT() REPRESENTATION_CONTEXT('2D SPACE',''
  ) );
#6679 = PCURVE('',#5821,#6680);
#6680 = DEFINITIONAL_REPRESENTATION('',(#6681),#6685);
#6681 = LINE('',#6682,#6683);
#6682 = CARTESIAN_POINT('',(8.497482742768,0.5));
#6683 = VECTOR('',#6684,1.);
#6684 = DIRECTION('',(-1.,-0.));
#6685 = ( GEOMETRIC_REPRESENTATION_CONTEXT(2) 
PARAMETRIC_REPRESENTATION_CONTEXT() REPRESENTATION_CONTEXT('2D SPACE',''
  ) );
#6686 = ORIENTED_EDGE('',*,*,#5909,.T.);
#6687 = ORIENTED_EDGE('',*,*,#6688,.F.);
#6688 = EDGE_CURVE('',#5057,#5910,#6689,.T.);
#6689 = SURFACE_CURVE('',#6690,(#6695,#6702),.PCURVE_S1.);
#6690 = CIRCLE('',#6691,2.5);
#6691 = AXIS2_PLACEMENT_3D('',#6692,#6693,#6694);
#6692 = CARTESIAN_POINT('',(35.5,-68.,-13.));
#6693 = DIRECTION('',(0.,0.,1.));
#6694 = DIRECTION('',(1.,0.,-0.));
#6695 = PCURVE('',#3405,#6696);
#6696 = DEFINITIONAL_REPRESENTATION('',(#6697),#6701);
#6697 = CIRCLE('',#6698,2.5);
#6698 = AXIS2_PLACEMENT_2D('',#6699,#6700);
#6699 = CARTESIAN_POINT('',(75.5,4.5));
#6700 = DIRECTION('',(1.,0.));
#6701 = ( GEOMETRIC_REPRESENTATION_CONTEXT(2) 
PARAMETRIC_REPRESENTATION_CONTEXT() REPRESENTATION_CONTEXT('2D SPACE',''
  ) );
#6702 = PCURVE('',#5224,#6703);
#6703 = DEFINITIONAL_REPRESENTATION('',(#6704),#6708);
#6704 = LINE('',#6705,#6706);
#6705 = CARTESIAN_POINT('',(0.,0.5));
#6706 = VECTOR('',#6707,1.);
#6707 = DIRECTION('',(1.,0.));
#6708 = ( GEOMETRIC_REPRESENTATION_CONTEXT(2) 
PARAMETRIC_REPRESENTATION_CONTEXT() REPRESENTATION_CONTEXT('2D SPACE',''
  ) );
#6709 = ORIENTED_EDGE('',*,*,#5312,.T.);
#6710 = ORIENTED_EDGE('',*,*,#6711,.F.);
#6711 = EDGE_CURVE('',#4361,#5313,#6712,.T.);
#6712 = SURFACE_CURVE('',#6713,(#6718,#6725),.PCURVE_S1.);
#6713 = CIRCLE('',#6714,2.5);
#6714 = AXIS2_PLACEMENT_3D('',#6715,#6716,#6717);
#6715 = CARTESIAN_POINT('',(35.5,68.,-13.));
#6716 = DIRECTION('',(0.,0.,1.));
#6717 = DIRECTION('',(1.,0.,-0.));
#6718 = PCURVE('',#3405,#6719);
#6719 = DEFINITIONAL_REPRESENTATION('',(#6720),#6724);
#6720 = CIRCLE('',#6721,2.5);
#6721 = AXIS2_PLACEMENT_2D('',#6722,#6723);
#6722 = CARTESIAN_POINT('',(75.5,140.5));
#6723 = DIRECTION('',(1.,0.));
#6724 = ( GEOMETRIC_REPRESENTATION_CONTEXT(2) 
PARAMETRIC_REPRESENTATION_CONTEXT() REPRESENTATION_CONTEXT('2D SPACE',''
  ) );
#6725 = PCURVE('',#4549,#6726);
#6726 = DEFINITIONAL_REPRESENTATION('',(#6727),#6731);
#6727 = LINE('',#6728,#6729);
#6728 = CARTESIAN_POINT('',(0.,0.5));
#6729 = VECTOR('',#6730,1.);
#6730 = DIRECTION('',(1.,0.));
#6731 = ( GEOMETRIC_REPRESENTATION_CONTEXT(2) 
PARAMETRIC_REPRESENTATION_CONTEXT() REPRESENTATION_CONTEXT('2D SPACE',''
  ) );
#6732 = ORIENTED_EDGE('',*,*,#4360,.F.);
#6733 = FACE_BOUND('',#6734,.T.);
#6734 = EDGE_LOOP('',(#6735));
#6735 = ORIENTED_EDGE('',*,*,#6736,.F.);
#6736 = EDGE_CURVE('',#6737,#6737,#6739,.T.);
#6737 = VERTEX_POINT('',#6738);
#6738 = CARTESIAN_POINT('',(-27.5,-49.,-13.));
#6739 = SURFACE_CURVE('',#6740,(#6745,#6752),.PCURVE_S1.);
#6740 = CIRCLE('',#6741,2.5);
#6741 = AXIS2_PLACEMENT_3D('',#6742,#6743,#6744);
#6742 = CARTESIAN_POINT('',(-30.,-49.,-13.));
#6743 = DIRECTION('',(0.,0.,1.));
#6744 = DIRECTION('',(1.,0.,-0.));
#6745 = PCURVE('',#3405,#6746);
#6746 = DEFINITIONAL_REPRESENTATION('',(#6747),#6751);
#6747 = CIRCLE('',#6748,2.5);
#6748 = AXIS2_PLACEMENT_2D('',#6749,#6750);
#6749 = CARTESIAN_POINT('',(10.,23.5));
#6750 = DIRECTION('',(1.,0.));
#6751 = ( GEOMETRIC_REPRESENTATION_CONTEXT(2) 
PARAMETRIC_REPRESENTATION_CONTEXT() REPRESENTATION_CONTEXT('2D SPACE',''
  ) );
#6752 = PCURVE('',#6753,#6758);
#6753 = CYLINDRICAL_SURFACE('',#6754,2.5);
#6754 = AXIS2_PLACEMENT_3D('',#6755,#6756,#6757);
#6755 = CARTESIAN_POINT('',(-30.,-49.,-13.5));
#6756 = DIRECTION('',(0.,0.,1.));
#6757 = DIRECTION('',(1.,0.,0.));
#6758 = DEFINITIONAL_REPRESENTATION('',(#6759),#6763);
#6759 = LINE('',#6760,#6761);
#6760 = CARTESIAN_POINT('',(0.,0.5));
#6761 = VECTOR('',#6762,1.);
#6762 = DIRECTION('',(1.,0.));
#6763 = ( GEOMETRIC_REPRESENTATION_CONTEXT(2) 
PARAMETRIC_REPRESENTATION_CONTEXT() REPRESENTATION_CONTEXT('2D SPACE',''
  ) );
#6764 = FACE_BOUND('',#6765,.T.);
#6765 = EDGE_LOOP('',(#6766));
#6766 = ORIENTED_EDGE('',*,*,#6767,.F.);
#6767 = EDGE_CURVE('',#6768,#6768,#6770,.T.);
#6768 = VERTEX_POINT('',#6769);
#6769 = CARTESIAN_POINT('',(-27.5,-4.,-13.));
#6770 = SURFACE_CURVE('',#6771,(#6776,#6783),.PCURVE_S1.);
#6771 = CIRCLE('',#6772,2.5);
#6772 = AXIS2_PLACEMENT_3D('',#6773,#6774,#6775);
#6773 = CARTESIAN_POINT('',(-30.,-4.,-13.));
#6774 = DIRECTION('',(0.,0.,1.));
#6775 = DIRECTION('',(1.,0.,-0.));
#6776 = PCURVE('',#3405,#6777);
#6777 = DEFINITIONAL_REPRESENTATION('',(#6778),#6782);
#6778 = CIRCLE('',#6779,2.5);
#6779 = AXIS2_PLACEMENT_2D('',#6780,#6781);
#6780 = CARTESIAN_POINT('',(10.,68.5));
#6781 = DIRECTION('',(1.,0.));
#6782 = ( GEOMETRIC_REPRESENTATION_CONTEXT(2) 
PARAMETRIC_REPRESENTATION_CONTEXT() REPRESENTATION_CONTEXT('2D SPACE',''
  ) );
#6783 = PCURVE('',#6784,#6789);
#6784 = CYLINDRICAL_SURFACE('',#6785,2.5);
#6785 = AXIS2_PLACEMENT_3D('',#6786,#6787,#6788);
#6786 = CARTESIAN_POINT('',(-30.,-4.,-13.5));
#6787 = DIRECTION('',(0.,0.,1.));
#6788 = DIRECTION('',(1.,0.,0.));
#6789 = DEFINITIONAL_REPRESENTATION('',(#6790),#6794);
#6790 = LINE('',#6791,#6792);
#6791 = CARTESIAN_POINT('',(0.,0.5));
#6792 = VECTOR('',#6793,1.);
#6793 = DIRECTION('',(1.,0.));
#6794 = ( GEOMETRIC_REPRESENTATION_CONTEXT(2) 
PARAMETRIC_REPRESENTATION_CONTEXT() REPRESENTATION_CONTEXT('2D SPACE',''
  ) );
#6795 = FACE_BOUND('',#6796,.T.);
#6796 = EDGE_LOOP('',(#6797));
#6797 = ORIENTED_EDGE('',*,*,#3388,.F.);
#6798 = FACE_BOUND('',#6799,.T.);
#6799 = EDGE_LOOP('',(#6800));
#6800 = ORIENTED_EDGE('',*,*,#6801,.F.);
#6801 = EDGE_CURVE('',#6802,#6802,#6804,.T.);
#6802 = VERTEX_POINT('',#6803);
#6803 = CARTESIAN_POINT('',(32.5,-49.,-13.));
#6804 = SURFACE_CURVE('',#6805,(#6810,#6817),.PCURVE_S1.);
#6805 = CIRCLE('',#6806,2.5);
#6806 = AXIS2_PLACEMENT_3D('',#6807,#6808,#6809);
#6807 = CARTESIAN_POINT('',(30.,-49.,-13.));
#6808 = DIRECTION('',(0.,0.,1.));
#6809 = DIRECTION('',(1.,0.,-0.));
#6810 = PCURVE('',#3405,#6811);
#6811 = DEFINITIONAL_REPRESENTATION('',(#6812),#6816);
#6812 = CIRCLE('',#6813,2.5);
#6813 = AXIS2_PLACEMENT_2D('',#6814,#6815);
#6814 = CARTESIAN_POINT('',(70.,23.5));
#6815 = DIRECTION('',(1.,0.));
#6816 = ( GEOMETRIC_REPRESENTATION_CONTEXT(2) 
PARAMETRIC_REPRESENTATION_CONTEXT() REPRESENTATION_CONTEXT('2D SPACE',''
  ) );
#6817 = PCURVE('',#6818,#6823);
#6818 = CYLINDRICAL_SURFACE('',#6819,2.5);
#6819 = AXIS2_PLACEMENT_3D('',#6820,#6821,#6822);
#6820 = CARTESIAN_POINT('',(30.,-49.,-13.5));
#6821 = DIRECTION('',(0.,0.,1.));
#6822 = DIRECTION('',(1.,0.,0.));
#6823 = DEFINITIONAL_REPRESENTATION('',(#6824),#6828);
#6824 = LINE('',#6825,#6826);
#6825 = CARTESIAN_POINT('',(0.,0.5));
#6826 = VECTOR('',#6827,1.);
#6827 = DIRECTION('',(1.,0.));
#6828 = ( GEOMETRIC_REPRESENTATION_CONTEXT(2) 
PARAMETRIC_REPRESENTATION_CONTEXT() REPRESENTATION_CONTEXT('2D SPACE',''
  ) );
#6829 = FACE_BOUND('',#6830,.T.);
#6830 = EDGE_LOOP('',(#6831,#6832,#6833,#6834));
#6831 = ORIENTED_EDGE('',*,*,#3490,.T.);
#6832 = ORIENTED_EDGE('',*,*,#3584,.T.);
#6833 = ORIENTED_EDGE('',*,*,#3609,.F.);
#6834 = ORIENTED_EDGE('',*,*,#3537,.F.);
#6835 = FACE_BOUND('',#6836,.T.);
#6836 = EDGE_LOOP('',(#6837));
#6837 = ORIENTED_EDGE('',*,*,#6838,.F.);
#6838 = EDGE_CURVE('',#6839,#6839,#6841,.T.);
#6839 = VERTEX_POINT('',#6840);
#6840 = CARTESIAN_POINT('',(32.5,-4.,-13.));
#6841 = SURFACE_CURVE('',#6842,(#6847,#6854),.PCURVE_S1.);
#6842 = CIRCLE('',#6843,2.5);
#6843 = AXIS2_PLACEMENT_3D('',#6844,#6845,#6846);
#6844 = CARTESIAN_POINT('',(30.,-4.,-13.));
#6845 = DIRECTION('',(0.,0.,1.));
#6846 = DIRECTION('',(1.,0.,-0.));
#6847 = PCURVE('',#3405,#6848);
#6848 = DEFINITIONAL_REPRESENTATION('',(#6849),#6853);
#6849 = CIRCLE('',#6850,2.5);
#6850 = AXIS2_PLACEMENT_2D('',#6851,#6852);
#6851 = CARTESIAN_POINT('',(70.,68.5));
#6852 = DIRECTION('',(1.,0.));
#6853 = ( GEOMETRIC_REPRESENTATION_CONTEXT(2) 
PARAMETRIC_REPRESENTATION_CONTEXT() REPRESENTATION_CONTEXT('2D SPACE',''
  ) );
#6854 = PCURVE('',#6855,#6860);
#6855 = CYLINDRICAL_SURFACE('',#6856,2.5);
#6856 = AXIS2_PLACEMENT_3D('',#6857,#6858,#6859);
#6857 = CARTESIAN_POINT('',(30.,-4.,-13.5));
#6858 = DIRECTION('',(0.,0.,1.));
#6859 = DIRECTION('',(1.,0.,0.));
#6860 = DEFINITIONAL_REPRESENTATION('',(#6861),#6865);
#6861 = LINE('',#6862,#6863);
#6862 = CARTESIAN_POINT('',(0.,0.5));
#6863 = VECTOR('',#6864,1.);
#6864 = DIRECTION('',(1.,0.));
#6865 = ( GEOMETRIC_REPRESENTATION_CONTEXT(2) 
PARAMETRIC_REPRESENTATION_CONTEXT() REPRESENTATION_CONTEXT('2D SPACE',''
  ) );
#6866 = FACE_BOUND('',#6867,.T.);
#6867 = EDGE_LOOP('',(#6868));
#6868 = ORIENTED_EDGE('',*,*,#6869,.F.);
#6869 = EDGE_CURVE('',#6870,#6870,#6872,.T.);
#6870 = VERTEX_POINT('',#6871);
#6871 = CARTESIAN_POINT('',(-22.5,26.5,-13.));
#6872 = SURFACE_CURVE('',#6873,(#6878,#6885),.PCURVE_S1.);
#6873 = CIRCLE('',#6874,2.5);
#6874 = AXIS2_PLACEMENT_3D('',#6875,#6876,#6877);
#6875 = CARTESIAN_POINT('',(-25.,26.5,-13.));
#6876 = DIRECTION('',(0.,0.,1.));
#6877 = DIRECTION('',(1.,0.,-0.));
#6878 = PCURVE('',#3405,#6879);
#6879 = DEFINITIONAL_REPRESENTATION('',(#6880),#6884);
#6880 = CIRCLE('',#6881,2.5);
#6881 = AXIS2_PLACEMENT_2D('',#6882,#6883);
#6882 = CARTESIAN_POINT('',(15.,99.));
#6883 = DIRECTION('',(1.,0.));
#6884 = ( GEOMETRIC_REPRESENTATION_CONTEXT(2) 
PARAMETRIC_REPRESENTATION_CONTEXT() REPRESENTATION_CONTEXT('2D SPACE',''
  ) );
#6885 = PCURVE('',#6886,#6891);
#6886 = CYLINDRICAL_SURFACE('',#6887,2.5);
#6887 = AXIS2_PLACEMENT_3D('',#6888,#6889,#6890);
#6888 = CARTESIAN_POINT('',(-25.,26.5,-13.5));
#6889 = DIRECTION('',(0.,0.,1.));
#6890 = DIRECTION('',(1.,0.,0.));
#6891 = DEFINITIONAL_REPRESENTATION('',(#6892),#6896);
#6892 = LINE('',#6893,#6894);
#6893 = CARTESIAN_POINT('',(0.,0.5));
#6894 = VECTOR('',#6895,1.);
#6895 = DIRECTION('',(1.,0.));
#6896 = ( GEOMETRIC_REPRESENTATION_CONTEXT(2) 
PARAMETRIC_REPRESENTATION_CONTEXT() REPRESENTATION_CONTEXT('2D SPACE',''
  ) );
#6897 = FACE_BOUND('',#6898,.T.);
#6898 = EDGE_LOOP('',(#6899));
#6899 = ORIENTED_EDGE('',*,*,#3631,.F.);
#6900 = FACE_BOUND('',#6901,.T.);
#6901 = EDGE_LOOP('',(#6902));
#6902 = ORIENTED_EDGE('',*,*,#6903,.F.);
#6903 = EDGE_CURVE('',#6904,#6904,#6906,.T.);
#6904 = VERTEX_POINT('',#6905);
#6905 = CARTESIAN_POINT('',(-22.5,62.,-13.));
#6906 = SURFACE_CURVE('',#6907,(#6912,#6919),.PCURVE_S1.);
#6907 = CIRCLE('',#6908,2.5);
#6908 = AXIS2_PLACEMENT_3D('',#6909,#6910,#6911);
#6909 = CARTESIAN_POINT('',(-25.,62.,-13.));
#6910 = DIRECTION('',(0.,0.,1.));
#6911 = DIRECTION('',(1.,0.,-0.));
#6912 = PCURVE('',#3405,#6913);
#6913 = DEFINITIONAL_REPRESENTATION('',(#6914),#6918);
#6914 = CIRCLE('',#6915,2.5);
#6915 = AXIS2_PLACEMENT_2D('',#6916,#6917);
#6916 = CARTESIAN_POINT('',(15.,134.5));
#6917 = DIRECTION('',(1.,0.));
#6918 = ( GEOMETRIC_REPRESENTATION_CONTEXT(2) 
PARAMETRIC_REPRESENTATION_CONTEXT() REPRESENTATION_CONTEXT('2D SPACE',''
  ) );
#6919 = PCURVE('',#6920,#6925);
#6920 = CYLINDRICAL_SURFACE('',#6921,2.5);
#6921 = AXIS2_PLACEMENT_3D('',#6922,#6923,#6924);
#6922 = CARTESIAN_POINT('',(-25.,62.,-13.5));
#6923 = DIRECTION('',(0.,0.,1.));
#6924 = DIRECTION('',(1.,0.,0.));
#6925 = DEFINITIONAL_REPRESENTATION('',(#6926),#6930);
#6926 = LINE('',#6927,#6928);
#6927 = CARTESIAN_POINT('',(0.,0.5));
#6928 = VECTOR('',#6929,1.);
#6929 = DIRECTION('',(1.,0.));
#6930 = ( GEOMETRIC_REPRESENTATION_CONTEXT(2) 
PARAMETRIC_REPRESENTATION_CONTEXT() REPRESENTATION_CONTEXT('2D SPACE',''
  ) );
#6931 = FACE_BOUND('',#6932,.T.);
#6932 = EDGE_LOOP('',(#6933,#6934,#6935,#6936));
#6933 = ORIENTED_EDGE('',*,*,#3728,.T.);
#6934 = ORIENTED_EDGE('',*,*,#3822,.T.);
#6935 = ORIENTED_EDGE('',*,*,#3847,.F.);
#6936 = ORIENTED_EDGE('',*,*,#3775,.F.);
#6937 = FACE_BOUND('',#6938,.T.);
#6938 = EDGE_LOOP('',(#6939));
#6939 = ORIENTED_EDGE('',*,*,#3869,.F.);
#6940 = ADVANCED_FACE('',(#6941),#4549,.T.);
#6941 = FACE_BOUND('',#6942,.T.);
#6942 = EDGE_LOOP('',(#6943,#6944,#6971,#6972,#6973,#6974));
#6943 = ORIENTED_EDGE('',*,*,#2659,.T.);
#6944 = ORIENTED_EDGE('',*,*,#6945,.F.);
#6945 = EDGE_CURVE('',#574,#659,#6946,.T.);
#6946 = SURFACE_CURVE('',#6947,(#6952,#6959),.PCURVE_S1.);
#6947 = CIRCLE('',#6948,2.5);
#6948 = AXIS2_PLACEMENT_3D('',#6949,#6950,#6951);
#6949 = CARTESIAN_POINT('',(35.5,68.,11.));
#6950 = DIRECTION('',(0.,0.,1.));
#6951 = DIRECTION('',(1.,0.,0.));
#6952 = PCURVE('',#4549,#6953);
#6953 = DEFINITIONAL_REPRESENTATION('',(#6954),#6958);
#6954 = LINE('',#6955,#6956);
#6955 = CARTESIAN_POINT('',(0.,24.5));
#6956 = VECTOR('',#6957,1.);
#6957 = DIRECTION('',(1.,0.));
#6958 = ( GEOMETRIC_REPRESENTATION_CONTEXT(2) 
PARAMETRIC_REPRESENTATION_CONTEXT() REPRESENTATION_CONTEXT('2D SPACE',''
  ) );
#6959 = PCURVE('',#6960,#6965);
#6960 = PLANE('',#6961);
#6961 = AXIS2_PLACEMENT_3D('',#6962,#6963,#6964);
#6962 = CARTESIAN_POINT('',(35.5,68.,11.));
#6963 = DIRECTION('',(0.,0.,1.));
#6964 = DIRECTION('',(1.,0.,0.));
#6965 = DEFINITIONAL_REPRESENTATION('',(#6966),#6970);
#6966 = CIRCLE('',#6967,2.5);
#6967 = AXIS2_PLACEMENT_2D('',#6968,#6969);
#6968 = CARTESIAN_POINT('',(0.,0.));
#6969 = DIRECTION('',(1.,0.));
#6970 = ( GEOMETRIC_REPRESENTATION_CONTEXT(2) 
PARAMETRIC_REPRESENTATION_CONTEXT() REPRESENTATION_CONTEXT('2D SPACE',''
  ) );
#6971 = ORIENTED_EDGE('',*,*,#2292,.F.);
#6972 = ORIENTED_EDGE('',*,*,#4383,.T.);
#6973 = ORIENTED_EDGE('',*,*,#6711,.T.);
#6974 = ORIENTED_EDGE('',*,*,#5335,.T.);
#6975 = ADVANCED_FACE('',(#6976),#4670,.T.);
#6976 = FACE_BOUND('',#6977,.T.);
#6977 = EDGE_LOOP('',(#6978,#7000,#7001,#7002,#7003,#7004));
#6978 = ORIENTED_EDGE('',*,*,#6979,.F.);
#6979 = EDGE_CURVE('',#659,#574,#6980,.T.);
#6980 = SURFACE_CURVE('',#6981,(#6986,#6993),.PCURVE_S1.);
#6981 = CIRCLE('',#6982,2.5);
#6982 = AXIS2_PLACEMENT_3D('',#6983,#6984,#6985);
#6983 = CARTESIAN_POINT('',(35.5,68.,11.));
#6984 = DIRECTION('',(0.,0.,1.));
#6985 = DIRECTION('',(1.,0.,0.));
#6986 = PCURVE('',#4670,#6987);
#6987 = DEFINITIONAL_REPRESENTATION('',(#6988),#6992);
#6988 = LINE('',#6989,#6990);
#6989 = CARTESIAN_POINT('',(0.,24.5));
#6990 = VECTOR('',#6991,1.);
#6991 = DIRECTION('',(1.,0.));
#6992 = ( GEOMETRIC_REPRESENTATION_CONTEXT(2) 
PARAMETRIC_REPRESENTATION_CONTEXT() REPRESENTATION_CONTEXT('2D SPACE',''
  ) );
#6993 = PCURVE('',#6960,#6994);
#6994 = DEFINITIONAL_REPRESENTATION('',(#6995),#6999);
#6995 = CIRCLE('',#6996,2.5);
#6996 = AXIS2_PLACEMENT_2D('',#6997,#6998);
#6997 = CARTESIAN_POINT('',(0.,0.));
#6998 = DIRECTION('',(1.,0.));
#6999 = ( GEOMETRIC_REPRESENTATION_CONTEXT(2) 
PARAMETRIC_REPRESENTATION_CONTEXT() REPRESENTATION_CONTEXT('2D SPACE',''
  ) );
#7000 = ORIENTED_EDGE('',*,*,#2659,.F.);
#7001 = ORIENTED_EDGE('',*,*,#4824,.T.);
#7002 = ORIENTED_EDGE('',*,*,#4737,.T.);
#7003 = ORIENTED_EDGE('',*,*,#4642,.T.);
#7004 = ORIENTED_EDGE('',*,*,#2292,.T.);
#7005 = ADVANCED_FACE('',(#7006),#5224,.T.);
#7006 = FACE_BOUND('',#7007,.T.);
#7007 = EDGE_LOOP('',(#7008,#7035,#7036,#7037,#7038,#7039));
#7008 = ORIENTED_EDGE('',*,*,#7009,.F.);
#7009 = EDGE_CURVE('',#687,#772,#7010,.T.);
#7010 = SURFACE_CURVE('',#7011,(#7016,#7023),.PCURVE_S1.);
#7011 = CIRCLE('',#7012,2.5);
#7012 = AXIS2_PLACEMENT_3D('',#7013,#7014,#7015);
#7013 = CARTESIAN_POINT('',(35.5,-68.,11.));
#7014 = DIRECTION('',(0.,0.,1.));
#7015 = DIRECTION('',(1.,0.,0.));
#7016 = PCURVE('',#5224,#7017);
#7017 = DEFINITIONAL_REPRESENTATION('',(#7018),#7022);
#7018 = LINE('',#7019,#7020);
#7019 = CARTESIAN_POINT('',(0.,24.5));
#7020 = VECTOR('',#7021,1.);
#7021 = DIRECTION('',(1.,0.));
#7022 = ( GEOMETRIC_REPRESENTATION_CONTEXT(2) 
PARAMETRIC_REPRESENTATION_CONTEXT() REPRESENTATION_CONTEXT('2D SPACE',''
  ) );
#7023 = PCURVE('',#7024,#7029);
#7024 = PLANE('',#7025);
#7025 = AXIS2_PLACEMENT_3D('',#7026,#7027,#7028);
#7026 = CARTESIAN_POINT('',(35.5,-68.,11.));
#7027 = DIRECTION('',(0.,0.,1.));
#7028 = DIRECTION('',(1.,0.,0.));
#7029 = DEFINITIONAL_REPRESENTATION('',(#7030),#7034);
#7030 = CIRCLE('',#7031,2.5);
#7031 = AXIS2_PLACEMENT_2D('',#7032,#7033);
#7032 = CARTESIAN_POINT('',(0.,0.));
#7033 = DIRECTION('',(1.,0.));
#7034 = ( GEOMETRIC_REPRESENTATION_CONTEXT(2) 
PARAMETRIC_REPRESENTATION_CONTEXT() REPRESENTATION_CONTEXT('2D SPACE',''
  ) );
#7035 = ORIENTED_EDGE('',*,*,#2713,.F.);
#7036 = ORIENTED_EDGE('',*,*,#5056,.T.);
#7037 = ORIENTED_EDGE('',*,*,#6688,.T.);
#7038 = ORIENTED_EDGE('',*,*,#5932,.T.);
#7039 = ORIENTED_EDGE('',*,*,#3092,.T.);
#7040 = ADVANCED_FACE('',(#7041),#5449,.T.);
#7041 = FACE_BOUND('',#7042,.T.);
#7042 = EDGE_LOOP('',(#7043,#7044,#7066,#7067,#7068,#7069));
#7043 = ORIENTED_EDGE('',*,*,#2713,.T.);
#7044 = ORIENTED_EDGE('',*,*,#7045,.F.);
#7045 = EDGE_CURVE('',#772,#687,#7046,.T.);
#7046 = SURFACE_CURVE('',#7047,(#7052,#7059),.PCURVE_S1.);
#7047 = CIRCLE('',#7048,2.5);
#7048 = AXIS2_PLACEMENT_3D('',#7049,#7050,#7051);
#7049 = CARTESIAN_POINT('',(35.5,-68.,11.));
#7050 = DIRECTION('',(0.,0.,1.));
#7051 = DIRECTION('',(1.,0.,0.));
#7052 = PCURVE('',#5449,#7053);
#7053 = DEFINITIONAL_REPRESENTATION('',(#7054),#7058);
#7054 = LINE('',#7055,#7056);
#7055 = CARTESIAN_POINT('',(0.,24.5));
#7056 = VECTOR('',#7057,1.);
#7057 = DIRECTION('',(1.,0.));
#7058 = ( GEOMETRIC_REPRESENTATION_CONTEXT(2) 
PARAMETRIC_REPRESENTATION_CONTEXT() REPRESENTATION_CONTEXT('2D SPACE',''
  ) );
#7059 = PCURVE('',#7024,#7060);
#7060 = DEFINITIONAL_REPRESENTATION('',(#7061),#7065);
#7061 = CIRCLE('',#7062,2.5);
#7062 = AXIS2_PLACEMENT_2D('',#7063,#7064);
#7063 = CARTESIAN_POINT('',(0.,0.));
#7064 = DIRECTION('',(1.,0.));
#7065 = ( GEOMETRIC_REPRESENTATION_CONTEXT(2) 
PARAMETRIC_REPRESENTATION_CONTEXT() REPRESENTATION_CONTEXT('2D SPACE',''
  ) );
#7066 = ORIENTED_EDGE('',*,*,#3092,.F.);
#7067 = ORIENTED_EDGE('',*,*,#5997,.T.);
#7068 = ORIENTED_EDGE('',*,*,#5472,.T.);
#7069 = ORIENTED_EDGE('',*,*,#5423,.T.);
#7070 = ADVANCED_FACE('',(#7071),#5631,.T.);
#7071 = FACE_BOUND('',#7072,.T.);
#7072 = EDGE_LOOP('',(#7073,#7100,#7101,#7102,#7103,#7104));
#7073 = ORIENTED_EDGE('',*,*,#7074,.F.);
#7074 = EDGE_CURVE('',#885,#800,#7075,.T.);
#7075 = SURFACE_CURVE('',#7076,(#7081,#7088),.PCURVE_S1.);
#7076 = CIRCLE('',#7077,2.5);
#7077 = AXIS2_PLACEMENT_3D('',#7078,#7079,#7080);
#7078 = CARTESIAN_POINT('',(-35.5,-68.,11.));
#7079 = DIRECTION('',(0.,0.,1.));
#7080 = DIRECTION('',(1.,0.,0.));
#7081 = PCURVE('',#5631,#7082);
#7082 = DEFINITIONAL_REPRESENTATION('',(#7083),#7087);
#7083 = LINE('',#7084,#7085);
#7084 = CARTESIAN_POINT('',(0.,24.5));
#7085 = VECTOR('',#7086,1.);
#7086 = DIRECTION('',(1.,0.));
#7087 = ( GEOMETRIC_REPRESENTATION_CONTEXT(2) 
PARAMETRIC_REPRESENTATION_CONTEXT() REPRESENTATION_CONTEXT('2D SPACE',''
  ) );
#7088 = PCURVE('',#7089,#7094);
#7089 = PLANE('',#7090);
#7090 = AXIS2_PLACEMENT_3D('',#7091,#7092,#7093);
#7091 = CARTESIAN_POINT('',(-35.5,-68.,11.));
#7092 = DIRECTION('',(0.,0.,1.));
#7093 = DIRECTION('',(1.,0.,0.));
#7094 = DEFINITIONAL_REPRESENTATION('',(#7095),#7099);
#7095 = CIRCLE('',#7096,2.5);
#7096 = AXIS2_PLACEMENT_2D('',#7097,#7098);
#7097 = CARTESIAN_POINT('',(0.,0.));
#7098 = DIRECTION('',(1.,0.));
#7099 = ( GEOMETRIC_REPRESENTATION_CONTEXT(2) 
PARAMETRIC_REPRESENTATION_CONTEXT() REPRESENTATION_CONTEXT('2D SPACE',''
  ) );
#7100 = ORIENTED_EDGE('',*,*,#3203,.F.);
#7101 = ORIENTED_EDGE('',*,*,#6428,.T.);
#7102 = ORIENTED_EDGE('',*,*,#6253,.T.);
#7103 = ORIENTED_EDGE('',*,*,#5605,.T.);
#7104 = ORIENTED_EDGE('',*,*,#3040,.T.);
#7105 = ADVANCED_FACE('',(#7106),#5821,.T.);
#7106 = FACE_BOUND('',#7107,.T.);
#7107 = EDGE_LOOP('',(#7108,#7109,#7110,#7111,#7137,#7138));
#7108 = ORIENTED_EDGE('',*,*,#6661,.F.);
#7109 = ORIENTED_EDGE('',*,*,#6339,.T.);
#7110 = ORIENTED_EDGE('',*,*,#3203,.T.);
#7111 = ORIENTED_EDGE('',*,*,#7112,.T.);
#7112 = EDGE_CURVE('',#885,#800,#7113,.T.);
#7113 = SURFACE_CURVE('',#7114,(#7119,#7126),.PCURVE_S1.);
#7114 = CIRCLE('',#7115,2.5);
#7115 = AXIS2_PLACEMENT_3D('',#7116,#7117,#7118);
#7116 = CARTESIAN_POINT('',(-35.5,-68.,11.));
#7117 = DIRECTION('',(0.,0.,-1.));
#7118 = DIRECTION('',(-1.,0.,0.));
#7119 = PCURVE('',#5821,#7120);
#7120 = DEFINITIONAL_REPRESENTATION('',(#7121),#7125);
#7121 = LINE('',#7122,#7123);
#7122 = CARTESIAN_POINT('',(9.424777960769,24.5));
#7123 = VECTOR('',#7124,1.);
#7124 = DIRECTION('',(-1.,-0.));
#7125 = ( GEOMETRIC_REPRESENTATION_CONTEXT(2) 
PARAMETRIC_REPRESENTATION_CONTEXT() REPRESENTATION_CONTEXT('2D SPACE',''
  ) );
#7126 = PCURVE('',#7089,#7127);
#7127 = DEFINITIONAL_REPRESENTATION('',(#7128),#7136);
#7128 = ( BOUNDED_CURVE() B_SPLINE_CURVE(2,(#7129,#7130,#7131,#7132,
#7133,#7134,#7135),.UNSPECIFIED.,.T.,.F.) B_SPLINE_CURVE_WITH_KNOTS((1,2
    ,2,2,2,1),(-2.094395102393,0.,2.094395102393,4.188790204786,
6.28318530718,8.377580409573),.UNSPECIFIED.) CURVE() 
GEOMETRIC_REPRESENTATION_ITEM() RATIONAL_B_SPLINE_CURVE((1.,0.5,1.,0.5,
1.,0.5,1.)) REPRESENTATION_ITEM('') );
#7129 = CARTESIAN_POINT('',(-2.5,0.));
#7130 = CARTESIAN_POINT('',(-2.5,4.330127018922));
#7131 = CARTESIAN_POINT('',(1.25,2.165063509461));
#7132 = CARTESIAN_POINT('',(5.,6.123233995737E-16));
#7133 = CARTESIAN_POINT('',(1.25,-2.165063509461));
#7134 = CARTESIAN_POINT('',(-2.5,-4.330127018922));
#7135 = CARTESIAN_POINT('',(-2.5,0.));
#7136 = ( GEOMETRIC_REPRESENTATION_CONTEXT(2) 
PARAMETRIC_REPRESENTATION_CONTEXT() REPRESENTATION_CONTEXT('2D SPACE',''
  ) );
#7137 = ORIENTED_EDGE('',*,*,#3040,.F.);
#7138 = ORIENTED_EDGE('',*,*,#5653,.T.);
#7139 = ADVANCED_FACE('',(#7140),#6753,.T.);
#7140 = FACE_BOUND('',#7141,.T.);
#7141 = EDGE_LOOP('',(#7142,#7165,#7192,#7193));
#7142 = ORIENTED_EDGE('',*,*,#7143,.T.);
#7143 = EDGE_CURVE('',#6737,#7144,#7146,.T.);
#7144 = VERTEX_POINT('',#7145);
#7145 = CARTESIAN_POINT('',(-27.5,-49.,-7.));
#7146 = SEAM_CURVE('',#7147,(#7151,#7158),.PCURVE_S1.);
#7147 = LINE('',#7148,#7149);
#7148 = CARTESIAN_POINT('',(-27.5,-49.,-13.5));
#7149 = VECTOR('',#7150,1.);
#7150 = DIRECTION('',(0.,0.,1.));
#7151 = PCURVE('',#6753,#7152);
#7152 = DEFINITIONAL_REPRESENTATION('',(#7153),#7157);
#7153 = LINE('',#7154,#7155);
#7154 = CARTESIAN_POINT('',(6.28318530718,-0.));
#7155 = VECTOR('',#7156,1.);
#7156 = DIRECTION('',(0.,1.));
#7157 = ( GEOMETRIC_REPRESENTATION_CONTEXT(2) 
PARAMETRIC_REPRESENTATION_CONTEXT() REPRESENTATION_CONTEXT('2D SPACE',''
  ) );
#7158 = PCURVE('',#6753,#7159);
#7159 = DEFINITIONAL_REPRESENTATION('',(#7160),#7164);
#7160 = LINE('',#7161,#7162);
#7161 = CARTESIAN_POINT('',(0.,-0.));
#7162 = VECTOR('',#7163,1.);
#7163 = DIRECTION('',(0.,1.));
#7164 = ( GEOMETRIC_REPRESENTATION_CONTEXT(2) 
PARAMETRIC_REPRESENTATION_CONTEXT() REPRESENTATION_CONTEXT('2D SPACE',''
  ) );
#7165 = ORIENTED_EDGE('',*,*,#7166,.F.);
#7166 = EDGE_CURVE('',#7144,#7144,#7167,.T.);
#7167 = SURFACE_CURVE('',#7168,(#7173,#7180),.PCURVE_S1.);
#7168 = CIRCLE('',#7169,2.5);
#7169 = AXIS2_PLACEMENT_3D('',#7170,#7171,#7172);
#7170 = CARTESIAN_POINT('',(-30.,-49.,-7.));
#7171 = DIRECTION('',(0.,0.,1.));
#7172 = DIRECTION('',(1.,0.,0.));
#7173 = PCURVE('',#6753,#7174);
#7174 = DEFINITIONAL_REPRESENTATION('',(#7175),#7179);
#7175 = LINE('',#7176,#7177);
#7176 = CARTESIAN_POINT('',(0.,6.5));
#7177 = VECTOR('',#7178,1.);
#7178 = DIRECTION('',(1.,0.));
#7179 = ( GEOMETRIC_REPRESENTATION_CONTEXT(2) 
PARAMETRIC_REPRESENTATION_CONTEXT() REPRESENTATION_CONTEXT('2D SPACE',''
  ) );
#7180 = PCURVE('',#7181,#7186);
#7181 = PLANE('',#7182);
#7182 = AXIS2_PLACEMENT_3D('',#7183,#7184,#7185);
#7183 = CARTESIAN_POINT('',(-30.,-49.,-7.));
#7184 = DIRECTION('',(0.,0.,1.));
#7185 = DIRECTION('',(1.,0.,0.));
#7186 = DEFINITIONAL_REPRESENTATION('',(#7187),#7191);
#7187 = CIRCLE('',#7188,2.5);
#7188 = AXIS2_PLACEMENT_2D('',#7189,#7190);
#7189 = CARTESIAN_POINT('',(0.,0.));
#7190 = DIRECTION('',(1.,0.));
#7191 = ( GEOMETRIC_REPRESENTATION_CONTEXT(2) 
PARAMETRIC_REPRESENTATION_CONTEXT() REPRESENTATION_CONTEXT('2D SPACE',''
  ) );
#7192 = ORIENTED_EDGE('',*,*,#7143,.F.);
#7193 = ORIENTED_EDGE('',*,*,#6736,.T.);
#7194 = ADVANCED_FACE('',(#7195),#6784,.T.);
#7195 = FACE_BOUND('',#7196,.T.);
#7196 = EDGE_LOOP('',(#7197,#7220,#7247,#7248));
#7197 = ORIENTED_EDGE('',*,*,#7198,.T.);
#7198 = EDGE_CURVE('',#6768,#7199,#7201,.T.);
#7199 = VERTEX_POINT('',#7200);
#7200 = CARTESIAN_POINT('',(-27.5,-4.,-7.));
#7201 = SEAM_CURVE('',#7202,(#7206,#7213),.PCURVE_S1.);
#7202 = LINE('',#7203,#7204);
#7203 = CARTESIAN_POINT('',(-27.5,-4.,-13.5));
#7204 = VECTOR('',#7205,1.);
#7205 = DIRECTION('',(0.,0.,1.));
#7206 = PCURVE('',#6784,#7207);
#7207 = DEFINITIONAL_REPRESENTATION('',(#7208),#7212);
#7208 = LINE('',#7209,#7210);
#7209 = CARTESIAN_POINT('',(6.28318530718,-0.));
#7210 = VECTOR('',#7211,1.);
#7211 = DIRECTION('',(0.,1.));
#7212 = ( GEOMETRIC_REPRESENTATION_CONTEXT(2) 
PARAMETRIC_REPRESENTATION_CONTEXT() REPRESENTATION_CONTEXT('2D SPACE',''
  ) );
#7213 = PCURVE('',#6784,#7214);
#7214 = DEFINITIONAL_REPRESENTATION('',(#7215),#7219);
#7215 = LINE('',#7216,#7217);
#7216 = CARTESIAN_POINT('',(0.,-0.));
#7217 = VECTOR('',#7218,1.);
#7218 = DIRECTION('',(0.,1.));
#7219 = ( GEOMETRIC_REPRESENTATION_CONTEXT(2) 
PARAMETRIC_REPRESENTATION_CONTEXT() REPRESENTATION_CONTEXT('2D SPACE',''
  ) );
#7220 = ORIENTED_EDGE('',*,*,#7221,.F.);
#7221 = EDGE_CURVE('',#7199,#7199,#7222,.T.);
#7222 = SURFACE_CURVE('',#7223,(#7228,#7235),.PCURVE_S1.);
#7223 = CIRCLE('',#7224,2.5);
#7224 = AXIS2_PLACEMENT_3D('',#7225,#7226,#7227);
#7225 = CARTESIAN_POINT('',(-30.,-4.,-7.));
#7226 = DIRECTION('',(0.,0.,1.));
#7227 = DIRECTION('',(1.,0.,0.));
#7228 = PCURVE('',#6784,#7229);
#7229 = DEFINITIONAL_REPRESENTATION('',(#7230),#7234);
#7230 = LINE('',#7231,#7232);
#7231 = CARTESIAN_POINT('',(0.,6.5));
#7232 = VECTOR('',#7233,1.);
#7233 = DIRECTION('',(1.,0.));
#7234 = ( GEOMETRIC_REPRESENTATION_CONTEXT(2) 
PARAMETRIC_REPRESENTATION_CONTEXT() REPRESENTATION_CONTEXT('2D SPACE',''
  ) );
#7235 = PCURVE('',#7236,#7241);
#7236 = PLANE('',#7237);
#7237 = AXIS2_PLACEMENT_3D('',#7238,#7239,#7240);
#7238 = CARTESIAN_POINT('',(-30.,-4.,-7.));
#7239 = DIRECTION('',(0.,0.,1.));
#7240 = DIRECTION('',(1.,0.,0.));
#7241 = DEFINITIONAL_REPRESENTATION('',(#7242),#7246);
#7242 = CIRCLE('',#7243,2.5);
#7243 = AXIS2_PLACEMENT_2D('',#7244,#7245);
#7244 = CARTESIAN_POINT('',(0.,0.));
#7245 = DIRECTION('',(1.,0.));
#7246 = ( GEOMETRIC_REPRESENTATION_CONTEXT(2) 
PARAMETRIC_REPRESENTATION_CONTEXT() REPRESENTATION_CONTEXT('2D SPACE',''
  ) );
#7247 = ORIENTED_EDGE('',*,*,#7198,.F.);
#7248 = ORIENTED_EDGE('',*,*,#6767,.T.);
#7249 = ADVANCED_FACE('',(#7250),#6818,.T.);
#7250 = FACE_BOUND('',#7251,.T.);
#7251 = EDGE_LOOP('',(#7252,#7275,#7302,#7303));
#7252 = ORIENTED_EDGE('',*,*,#7253,.T.);
#7253 = EDGE_CURVE('',#6802,#7254,#7256,.T.);
#7254 = VERTEX_POINT('',#7255);
#7255 = CARTESIAN_POINT('',(32.5,-49.,-7.));
#7256 = SEAM_CURVE('',#7257,(#7261,#7268),.PCURVE_S1.);
#7257 = LINE('',#7258,#7259);
#7258 = CARTESIAN_POINT('',(32.5,-49.,-13.5));
#7259 = VECTOR('',#7260,1.);
#7260 = DIRECTION('',(0.,0.,1.));
#7261 = PCURVE('',#6818,#7262);
#7262 = DEFINITIONAL_REPRESENTATION('',(#7263),#7267);
#7263 = LINE('',#7264,#7265);
#7264 = CARTESIAN_POINT('',(6.28318530718,-0.));
#7265 = VECTOR('',#7266,1.);
#7266 = DIRECTION('',(0.,1.));
#7267 = ( GEOMETRIC_REPRESENTATION_CONTEXT(2) 
PARAMETRIC_REPRESENTATION_CONTEXT() REPRESENTATION_CONTEXT('2D SPACE',''
  ) );
#7268 = PCURVE('',#6818,#7269);
#7269 = DEFINITIONAL_REPRESENTATION('',(#7270),#7274);
#7270 = LINE('',#7271,#7272);
#7271 = CARTESIAN_POINT('',(0.,-0.));
#7272 = VECTOR('',#7273,1.);
#7273 = DIRECTION('',(0.,1.));
#7274 = ( GEOMETRIC_REPRESENTATION_CONTEXT(2) 
PARAMETRIC_REPRESENTATION_CONTEXT() REPRESENTATION_CONTEXT('2D SPACE',''
  ) );
#7275 = ORIENTED_EDGE('',*,*,#7276,.F.);
#7276 = EDGE_CURVE('',#7254,#7254,#7277,.T.);
#7277 = SURFACE_CURVE('',#7278,(#7283,#7290),.PCURVE_S1.);
#7278 = CIRCLE('',#7279,2.5);
#7279 = AXIS2_PLACEMENT_3D('',#7280,#7281,#7282);
#7280 = CARTESIAN_POINT('',(30.,-49.,-7.));
#7281 = DIRECTION('',(0.,0.,1.));
#7282 = DIRECTION('',(1.,0.,0.));
#7283 = PCURVE('',#6818,#7284);
#7284 = DEFINITIONAL_REPRESENTATION('',(#7285),#7289);
#7285 = LINE('',#7286,#7287);
#7286 = CARTESIAN_POINT('',(0.,6.5));
#7287 = VECTOR('',#7288,1.);
#7288 = DIRECTION('',(1.,0.));
#7289 = ( GEOMETRIC_REPRESENTATION_CONTEXT(2) 
PARAMETRIC_REPRESENTATION_CONTEXT() REPRESENTATION_CONTEXT('2D SPACE',''
  ) );
#7290 = PCURVE('',#7291,#7296);
#7291 = PLANE('',#7292);
#7292 = AXIS2_PLACEMENT_3D('',#7293,#7294,#7295);
#7293 = CARTESIAN_POINT('',(30.,-49.,-7.));
#7294 = DIRECTION('',(0.,0.,1.));
#7295 = DIRECTION('',(1.,0.,0.));
#7296 = DEFINITIONAL_REPRESENTATION('',(#7297),#7301);
#7297 = CIRCLE('',#7298,2.5);
#7298 = AXIS2_PLACEMENT_2D('',#7299,#7300);
#7299 = CARTESIAN_POINT('',(0.,0.));
#7300 = DIRECTION('',(1.,0.));
#7301 = ( GEOMETRIC_REPRESENTATION_CONTEXT(2) 
PARAMETRIC_REPRESENTATION_CONTEXT() REPRESENTATION_CONTEXT('2D SPACE',''
  ) );
#7302 = ORIENTED_EDGE('',*,*,#7253,.F.);
#7303 = ORIENTED_EDGE('',*,*,#6801,.T.);
#7304 = ADVANCED_FACE('',(#7305),#6855,.T.);
#7305 = FACE_BOUND('',#7306,.T.);
#7306 = EDGE_LOOP('',(#7307,#7330,#7357,#7358));
#7307 = ORIENTED_EDGE('',*,*,#7308,.T.);
#7308 = EDGE_CURVE('',#6839,#7309,#7311,.T.);
#7309 = VERTEX_POINT('',#7310);
#7310 = CARTESIAN_POINT('',(32.5,-4.,-7.));
#7311 = SEAM_CURVE('',#7312,(#7316,#7323),.PCURVE_S1.);
#7312 = LINE('',#7313,#7314);
#7313 = CARTESIAN_POINT('',(32.5,-4.,-13.5));
#7314 = VECTOR('',#7315,1.);
#7315 = DIRECTION('',(0.,0.,1.));
#7316 = PCURVE('',#6855,#7317);
#7317 = DEFINITIONAL_REPRESENTATION('',(#7318),#7322);
#7318 = LINE('',#7319,#7320);
#7319 = CARTESIAN_POINT('',(6.28318530718,-0.));
#7320 = VECTOR('',#7321,1.);
#7321 = DIRECTION('',(0.,1.));
#7322 = ( GEOMETRIC_REPRESENTATION_CONTEXT(2) 
PARAMETRIC_REPRESENTATION_CONTEXT() REPRESENTATION_CONTEXT('2D SPACE',''
  ) );
#7323 = PCURVE('',#6855,#7324);
#7324 = DEFINITIONAL_REPRESENTATION('',(#7325),#7329);
#7325 = LINE('',#7326,#7327);
#7326 = CARTESIAN_POINT('',(0.,-0.));
#7327 = VECTOR('',#7328,1.);
#7328 = DIRECTION('',(0.,1.));
#7329 = ( GEOMETRIC_REPRESENTATION_CONTEXT(2) 
PARAMETRIC_REPRESENTATION_CONTEXT() REPRESENTATION_CONTEXT('2D SPACE',''
  ) );
#7330 = ORIENTED_EDGE('',*,*,#7331,.F.);
#7331 = EDGE_CURVE('',#7309,#7309,#7332,.T.);
#7332 = SURFACE_CURVE('',#7333,(#7338,#7345),.PCURVE_S1.);
#7333 = CIRCLE('',#7334,2.5);
#7334 = AXIS2_PLACEMENT_3D('',#7335,#7336,#7337);
#7335 = CARTESIAN_POINT('',(30.,-4.,-7.));
#7336 = DIRECTION('',(0.,0.,1.));
#7337 = DIRECTION('',(1.,0.,0.));
#7338 = PCURVE('',#6855,#7339);
#7339 = DEFINITIONAL_REPRESENTATION('',(#7340),#7344);
#7340 = LINE('',#7341,#7342);
#7341 = CARTESIAN_POINT('',(0.,6.5));
#7342 = VECTOR('',#7343,1.);
#7343 = DIRECTION('',(1.,0.));
#7344 = ( GEOMETRIC_REPRESENTATION_CONTEXT(2) 
PARAMETRIC_REPRESENTATION_CONTEXT() REPRESENTATION_CONTEXT('2D SPACE',''
  ) );
#7345 = PCURVE('',#7346,#7351);
#7346 = PLANE('',#7347);
#7347 = AXIS2_PLACEMENT_3D('',#7348,#7349,#7350);
#7348 = CARTESIAN_POINT('',(30.,-4.,-7.));
#7349 = DIRECTION('',(0.,0.,1.));
#7350 = DIRECTION('',(1.,0.,0.));
#7351 = DEFINITIONAL_REPRESENTATION('',(#7352),#7356);
#7352 = CIRCLE('',#7353,2.5);
#7353 = AXIS2_PLACEMENT_2D('',#7354,#7355);
#7354 = CARTESIAN_POINT('',(0.,0.));
#7355 = DIRECTION('',(1.,0.));
#7356 = ( GEOMETRIC_REPRESENTATION_CONTEXT(2) 
PARAMETRIC_REPRESENTATION_CONTEXT() REPRESENTATION_CONTEXT('2D SPACE',''
  ) );
#7357 = ORIENTED_EDGE('',*,*,#7308,.F.);
#7358 = ORIENTED_EDGE('',*,*,#6838,.T.);
#7359 = ADVANCED_FACE('',(#7360),#6886,.T.);
#7360 = FACE_BOUND('',#7361,.T.);
#7361 = EDGE_LOOP('',(#7362,#7385,#7412,#7413));
#7362 = ORIENTED_EDGE('',*,*,#7363,.T.);
#7363 = EDGE_CURVE('',#6870,#7364,#7366,.T.);
#7364 = VERTEX_POINT('',#7365);
#7365 = CARTESIAN_POINT('',(-22.5,26.5,5.));
#7366 = SEAM_CURVE('',#7367,(#7371,#7378),.PCURVE_S1.);
#7367 = LINE('',#7368,#7369);
#7368 = CARTESIAN_POINT('',(-22.5,26.5,-13.5));
#7369 = VECTOR('',#7370,1.);
#7370 = DIRECTION('',(0.,0.,1.));
#7371 = PCURVE('',#6886,#7372);
#7372 = DEFINITIONAL_REPRESENTATION('',(#7373),#7377);
#7373 = LINE('',#7374,#7375);
#7374 = CARTESIAN_POINT('',(6.28318530718,-0.));
#7375 = VECTOR('',#7376,1.);
#7376 = DIRECTION('',(0.,1.));
#7377 = ( GEOMETRIC_REPRESENTATION_CONTEXT(2) 
PARAMETRIC_REPRESENTATION_CONTEXT() REPRESENTATION_CONTEXT('2D SPACE',''
  ) );
#7378 = PCURVE('',#6886,#7379);
#7379 = DEFINITIONAL_REPRESENTATION('',(#7380),#7384);
#7380 = LINE('',#7381,#7382);
#7381 = CARTESIAN_POINT('',(0.,-0.));
#7382 = VECTOR('',#7383,1.);
#7383 = DIRECTION('',(0.,1.));
#7384 = ( GEOMETRIC_REPRESENTATION_CONTEXT(2) 
PARAMETRIC_REPRESENTATION_CONTEXT() REPRESENTATION_CONTEXT('2D SPACE',''
  ) );
#7385 = ORIENTED_EDGE('',*,*,#7386,.F.);
#7386 = EDGE_CURVE('',#7364,#7364,#7387,.T.);
#7387 = SURFACE_CURVE('',#7388,(#7393,#7400),.PCURVE_S1.);
#7388 = CIRCLE('',#7389,2.5);
#7389 = AXIS2_PLACEMENT_3D('',#7390,#7391,#7392);
#7390 = CARTESIAN_POINT('',(-25.,26.5,5.));
#7391 = DIRECTION('',(0.,0.,1.));
#7392 = DIRECTION('',(1.,0.,0.));
#7393 = PCURVE('',#6886,#7394);
#7394 = DEFINITIONAL_REPRESENTATION('',(#7395),#7399);
#7395 = LINE('',#7396,#7397);
#7396 = CARTESIAN_POINT('',(0.,18.5));
#7397 = VECTOR('',#7398,1.);
#7398 = DIRECTION('',(1.,0.));
#7399 = ( GEOMETRIC_REPRESENTATION_CONTEXT(2) 
PARAMETRIC_REPRESENTATION_CONTEXT() REPRESENTATION_CONTEXT('2D SPACE',''
  ) );
#7400 = PCURVE('',#7401,#7406);
#7401 = PLANE('',#7402);
#7402 = AXIS2_PLACEMENT_3D('',#7403,#7404,#7405);
#7403 = CARTESIAN_POINT('',(-25.,26.5,5.));
#7404 = DIRECTION('',(0.,0.,1.));
#7405 = DIRECTION('',(1.,0.,0.));
#7406 = DEFINITIONAL_REPRESENTATION('',(#7407),#7411);
#7407 = CIRCLE('',#7408,2.5);
#7408 = AXIS2_PLACEMENT_2D('',#7409,#7410);
#7409 = CARTESIAN_POINT('',(0.,0.));
#7410 = DIRECTION('',(1.,0.));
#7411 = ( GEOMETRIC_REPRESENTATION_CONTEXT(2) 
PARAMETRIC_REPRESENTATION_CONTEXT() REPRESENTATION_CONTEXT('2D SPACE',''
  ) );
#7412 = ORIENTED_EDGE('',*,*,#7363,.F.);
#7413 = ORIENTED_EDGE('',*,*,#6869,.T.);
#7414 = ADVANCED_FACE('',(#7415),#6920,.T.);
#7415 = FACE_BOUND('',#7416,.T.);
#7416 = EDGE_LOOP('',(#7417,#7440,#7467,#7468));
#7417 = ORIENTED_EDGE('',*,*,#7418,.T.);
#7418 = EDGE_CURVE('',#6904,#7419,#7421,.T.);
#7419 = VERTEX_POINT('',#7420);
#7420 = CARTESIAN_POINT('',(-22.5,62.,5.));
#7421 = SEAM_CURVE('',#7422,(#7426,#7433),.PCURVE_S1.);
#7422 = LINE('',#7423,#7424);
#7423 = CARTESIAN_POINT('',(-22.5,62.,-13.5));
#7424 = VECTOR('',#7425,1.);
#7425 = DIRECTION('',(0.,0.,1.));
#7426 = PCURVE('',#6920,#7427);
#7427 = DEFINITIONAL_REPRESENTATION('',(#7428),#7432);
#7428 = LINE('',#7429,#7430);
#7429 = CARTESIAN_POINT('',(6.28318530718,-0.));
#7430 = VECTOR('',#7431,1.);
#7431 = DIRECTION('',(0.,1.));
#7432 = ( GEOMETRIC_REPRESENTATION_CONTEXT(2) 
PARAMETRIC_REPRESENTATION_CONTEXT() REPRESENTATION_CONTEXT('2D SPACE',''
  ) );
#7433 = PCURVE('',#6920,#7434);
#7434 = DEFINITIONAL_REPRESENTATION('',(#7435),#7439);
#7435 = LINE('',#7436,#7437);
#7436 = CARTESIAN_POINT('',(0.,-0.));
#7437 = VECTOR('',#7438,1.);
#7438 = DIRECTION('',(0.,1.));
#7439 = ( GEOMETRIC_REPRESENTATION_CONTEXT(2) 
PARAMETRIC_REPRESENTATION_CONTEXT() REPRESENTATION_CONTEXT('2D SPACE',''
  ) );
#7440 = ORIENTED_EDGE('',*,*,#7441,.F.);
#7441 = EDGE_CURVE('',#7419,#7419,#7442,.T.);
#7442 = SURFACE_CURVE('',#7443,(#7448,#7455),.PCURVE_S1.);
#7443 = CIRCLE('',#7444,2.5);
#7444 = AXIS2_PLACEMENT_3D('',#7445,#7446,#7447);
#7445 = CARTESIAN_POINT('',(-25.,62.,5.));
#7446 = DIRECTION('',(0.,0.,1.));
#7447 = DIRECTION('',(1.,0.,0.));
#7448 = PCURVE('',#6920,#7449);
#7449 = DEFINITIONAL_REPRESENTATION('',(#7450),#7454);
#7450 = LINE('',#7451,#7452);
#7451 = CARTESIAN_POINT('',(0.,18.5));
#7452 = VECTOR('',#7453,1.);
#7453 = DIRECTION('',(1.,0.));
#7454 = ( GEOMETRIC_REPRESENTATION_CONTEXT(2) 
PARAMETRIC_REPRESENTATION_CONTEXT() REPRESENTATION_CONTEXT('2D SPACE',''
  ) );
#7455 = PCURVE('',#7456,#7461);
#7456 = PLANE('',#7457);
#7457 = AXIS2_PLACEMENT_3D('',#7458,#7459,#7460);
#7458 = CARTESIAN_POINT('',(-25.,62.,5.));
#7459 = DIRECTION('',(0.,0.,1.));
#7460 = DIRECTION('',(1.,0.,0.));
#7461 = DEFINITIONAL_REPRESENTATION('',(#7462),#7466);
#7462 = CIRCLE('',#7463,2.5);
#7463 = AXIS2_PLACEMENT_2D('',#7464,#7465);
#7464 = CARTESIAN_POINT('',(0.,0.));
#7465 = DIRECTION('',(1.,0.));
#7466 = ( GEOMETRIC_REPRESENTATION_CONTEXT(2) 
PARAMETRIC_REPRESENTATION_CONTEXT() REPRESENTATION_CONTEXT('2D SPACE',''
  ) );
#7467 = ORIENTED_EDGE('',*,*,#7418,.F.);
#7468 = ORIENTED_EDGE('',*,*,#6903,.T.);
#7469 = ADVANCED_FACE('',(#7470,#7474),#6960,.T.);
#7470 = FACE_BOUND('',#7471,.T.);
#7471 = EDGE_LOOP('',(#7472,#7473));
#7472 = ORIENTED_EDGE('',*,*,#6979,.T.);
#7473 = ORIENTED_EDGE('',*,*,#6945,.T.);
#7474 = FACE_BOUND('',#7475,.T.);
#7475 = EDGE_LOOP('',(#7476));
#7476 = ORIENTED_EDGE('',*,*,#7477,.F.);
#7477 = EDGE_CURVE('',#7478,#7478,#7480,.T.);
#7478 = VERTEX_POINT('',#7479);
#7479 = CARTESIAN_POINT('',(36.4,68.,11.));
#7480 = SURFACE_CURVE('',#7481,(#7486,#7493),.PCURVE_S1.);
#7481 = CIRCLE('',#7482,0.9);
#7482 = AXIS2_PLACEMENT_3D('',#7483,#7484,#7485);
#7483 = CARTESIAN_POINT('',(35.5,68.,11.));
#7484 = DIRECTION('',(0.,0.,1.));
#7485 = DIRECTION('',(1.,0.,-0.));
#7486 = PCURVE('',#6960,#7487);
#7487 = DEFINITIONAL_REPRESENTATION('',(#7488),#7492);
#7488 = CIRCLE('',#7489,0.9);
#7489 = AXIS2_PLACEMENT_2D('',#7490,#7491);
#7490 = CARTESIAN_POINT('',(0.,0.));
#7491 = DIRECTION('',(1.,0.));
#7492 = ( GEOMETRIC_REPRESENTATION_CONTEXT(2) 
PARAMETRIC_REPRESENTATION_CONTEXT() REPRESENTATION_CONTEXT('2D SPACE',''
  ) );
#7493 = PCURVE('',#7494,#7499);
#7494 = CYLINDRICAL_SURFACE('',#7495,0.9);
#7495 = AXIS2_PLACEMENT_3D('',#7496,#7497,#7498);
#7496 = CARTESIAN_POINT('',(35.5,68.,-13.75));
#7497 = DIRECTION('',(0.,0.,1.));
#7498 = DIRECTION('',(1.,0.,0.));
#7499 = DEFINITIONAL_REPRESENTATION('',(#7500),#7504);
#7500 = LINE('',#7501,#7502);
#7501 = CARTESIAN_POINT('',(0.,24.75));
#7502 = VECTOR('',#7503,1.);
#7503 = DIRECTION('',(1.,0.));
#7504 = ( GEOMETRIC_REPRESENTATION_CONTEXT(2) 
PARAMETRIC_REPRESENTATION_CONTEXT() REPRESENTATION_CONTEXT('2D SPACE',''
  ) );
#7505 = ADVANCED_FACE('',(#7506,#7510),#7024,.T.);
#7506 = FACE_BOUND('',#7507,.T.);
#7507 = EDGE_LOOP('',(#7508,#7509));
#7508 = ORIENTED_EDGE('',*,*,#7009,.T.);
#7509 = ORIENTED_EDGE('',*,*,#7045,.T.);
#7510 = FACE_BOUND('',#7511,.T.);
#7511 = EDGE_LOOP('',(#7512));
#7512 = ORIENTED_EDGE('',*,*,#7513,.F.);
#7513 = EDGE_CURVE('',#7514,#7514,#7516,.T.);
#7514 = VERTEX_POINT('',#7515);
#7515 = CARTESIAN_POINT('',(36.4,-68.,11.));
#7516 = SURFACE_CURVE('',#7517,(#7522,#7529),.PCURVE_S1.);
#7517 = CIRCLE('',#7518,0.9);
#7518 = AXIS2_PLACEMENT_3D('',#7519,#7520,#7521);
#7519 = CARTESIAN_POINT('',(35.5,-68.,11.));
#7520 = DIRECTION('',(0.,0.,1.));
#7521 = DIRECTION('',(1.,0.,-0.));
#7522 = PCURVE('',#7024,#7523);
#7523 = DEFINITIONAL_REPRESENTATION('',(#7524),#7528);
#7524 = CIRCLE('',#7525,0.9);
#7525 = AXIS2_PLACEMENT_2D('',#7526,#7527);
#7526 = CARTESIAN_POINT('',(0.,0.));
#7527 = DIRECTION('',(1.,0.));
#7528 = ( GEOMETRIC_REPRESENTATION_CONTEXT(2) 
PARAMETRIC_REPRESENTATION_CONTEXT() REPRESENTATION_CONTEXT('2D SPACE',''
  ) );
#7529 = PCURVE('',#7530,#7535);
#7530 = CYLINDRICAL_SURFACE('',#7531,0.9);
#7531 = AXIS2_PLACEMENT_3D('',#7532,#7533,#7534);
#7532 = CARTESIAN_POINT('',(35.5,-68.,-13.75));
#7533 = DIRECTION('',(0.,0.,1.));
#7534 = DIRECTION('',(1.,0.,0.));
#7535 = DEFINITIONAL_REPRESENTATION('',(#7536),#7540);
#7536 = LINE('',#7537,#7538);
#7537 = CARTESIAN_POINT('',(0.,24.75));
#7538 = VECTOR('',#7539,1.);
#7539 = DIRECTION('',(1.,0.));
#7540 = ( GEOMETRIC_REPRESENTATION_CONTEXT(2) 
PARAMETRIC_REPRESENTATION_CONTEXT() REPRESENTATION_CONTEXT('2D SPACE',''
  ) );
#7541 = ADVANCED_FACE('',(#7542,#7546),#7089,.T.);
#7542 = FACE_BOUND('',#7543,.T.);
#7543 = EDGE_LOOP('',(#7544,#7545));
#7544 = ORIENTED_EDGE('',*,*,#7112,.F.);
#7545 = ORIENTED_EDGE('',*,*,#7074,.T.);
#7546 = FACE_BOUND('',#7547,.T.);
#7547 = EDGE_LOOP('',(#7548));
#7548 = ORIENTED_EDGE('',*,*,#7549,.F.);
#7549 = EDGE_CURVE('',#7550,#7550,#7552,.T.);
#7550 = VERTEX_POINT('',#7551);
#7551 = CARTESIAN_POINT('',(-34.6,-68.,11.));
#7552 = SURFACE_CURVE('',#7553,(#7558,#7565),.PCURVE_S1.);
#7553 = CIRCLE('',#7554,0.9);
#7554 = AXIS2_PLACEMENT_3D('',#7555,#7556,#7557);
#7555 = CARTESIAN_POINT('',(-35.5,-68.,11.));
#7556 = DIRECTION('',(0.,0.,1.));
#7557 = DIRECTION('',(1.,0.,-0.));
#7558 = PCURVE('',#7089,#7559);
#7559 = DEFINITIONAL_REPRESENTATION('',(#7560),#7564);
#7560 = CIRCLE('',#7561,0.9);
#7561 = AXIS2_PLACEMENT_2D('',#7562,#7563);
#7562 = CARTESIAN_POINT('',(0.,0.));
#7563 = DIRECTION('',(1.,0.));
#7564 = ( GEOMETRIC_REPRESENTATION_CONTEXT(2) 
PARAMETRIC_REPRESENTATION_CONTEXT() REPRESENTATION_CONTEXT('2D SPACE',''
  ) );
#7565 = PCURVE('',#7566,#7571);
#7566 = CYLINDRICAL_SURFACE('',#7567,0.9);
#7567 = AXIS2_PLACEMENT_3D('',#7568,#7569,#7570);
#7568 = CARTESIAN_POINT('',(-35.5,-68.,-13.75));
#7569 = DIRECTION('',(0.,0.,1.));
#7570 = DIRECTION('',(1.,0.,0.));
#7571 = DEFINITIONAL_REPRESENTATION('',(#7572),#7576);
#7572 = LINE('',#7573,#7574);
#7573 = CARTESIAN_POINT('',(0.,24.75));
#7574 = VECTOR('',#7575,1.);
#7575 = DIRECTION('',(1.,0.));
#7576 = ( GEOMETRIC_REPRESENTATION_CONTEXT(2) 
PARAMETRIC_REPRESENTATION_CONTEXT() REPRESENTATION_CONTEXT('2D SPACE',''
  ) );
#7577 = ADVANCED_FACE('',(#7578,#7581),#7181,.T.);
#7578 = FACE_BOUND('',#7579,.T.);
#7579 = EDGE_LOOP('',(#7580));
#7580 = ORIENTED_EDGE('',*,*,#7166,.T.);
#7581 = FACE_BOUND('',#7582,.T.);
#7582 = EDGE_LOOP('',(#7583));
#7583 = ORIENTED_EDGE('',*,*,#7584,.F.);
#7584 = EDGE_CURVE('',#7585,#7585,#7587,.T.);
#7585 = VERTEX_POINT('',#7586);
#7586 = CARTESIAN_POINT('',(-29.1,-49.,-7.));
#7587 = SURFACE_CURVE('',#7588,(#7593,#7600),.PCURVE_S1.);
#7588 = CIRCLE('',#7589,0.9);
#7589 = AXIS2_PLACEMENT_3D('',#7590,#7591,#7592);
#7590 = CARTESIAN_POINT('',(-30.,-49.,-7.));
#7591 = DIRECTION('',(0.,0.,1.));
#7592 = DIRECTION('',(1.,0.,-0.));
#7593 = PCURVE('',#7181,#7594);
#7594 = DEFINITIONAL_REPRESENTATION('',(#7595),#7599);
#7595 = CIRCLE('',#7596,0.9);
#7596 = AXIS2_PLACEMENT_2D('',#7597,#7598);
#7597 = CARTESIAN_POINT('',(0.,0.));
#7598 = DIRECTION('',(1.,0.));
#7599 = ( GEOMETRIC_REPRESENTATION_CONTEXT(2) 
PARAMETRIC_REPRESENTATION_CONTEXT() REPRESENTATION_CONTEXT('2D SPACE',''
  ) );
#7600 = PCURVE('',#7601,#7606);
#7601 = CYLINDRICAL_SURFACE('',#7602,0.9);
#7602 = AXIS2_PLACEMENT_3D('',#7603,#7604,#7605);
#7603 = CARTESIAN_POINT('',(-30.,-49.,-13.5));
#7604 = DIRECTION('',(0.,0.,1.));
#7605 = DIRECTION('',(1.,0.,0.));
#7606 = DEFINITIONAL_REPRESENTATION('',(#7607),#7611);
#7607 = LINE('',#7608,#7609);
#7608 = CARTESIAN_POINT('',(0.,6.5));
#7609 = VECTOR('',#7610,1.);
#7610 = DIRECTION('',(1.,0.));
#7611 = ( GEOMETRIC_REPRESENTATION_CONTEXT(2) 
PARAMETRIC_REPRESENTATION_CONTEXT() REPRESENTATION_CONTEXT('2D SPACE',''
  ) );
#7612 = ADVANCED_FACE('',(#7613,#7616),#7236,.T.);
#7613 = FACE_BOUND('',#7614,.T.);
#7614 = EDGE_LOOP('',(#7615));
#7615 = ORIENTED_EDGE('',*,*,#7221,.T.);
#7616 = FACE_BOUND('',#7617,.T.);
#7617 = EDGE_LOOP('',(#7618));
#7618 = ORIENTED_EDGE('',*,*,#7619,.F.);
#7619 = EDGE_CURVE('',#7620,#7620,#7622,.T.);
#7620 = VERTEX_POINT('',#7621);
#7621 = CARTESIAN_POINT('',(-29.1,-4.,-7.));
#7622 = SURFACE_CURVE('',#7623,(#7628,#7635),.PCURVE_S1.);
#7623 = CIRCLE('',#7624,0.9);
#7624 = AXIS2_PLACEMENT_3D('',#7625,#7626,#7627);
#7625 = CARTESIAN_POINT('',(-30.,-4.,-7.));
#7626 = DIRECTION('',(0.,0.,1.));
#7627 = DIRECTION('',(1.,0.,-0.));
#7628 = PCURVE('',#7236,#7629);
#7629 = DEFINITIONAL_REPRESENTATION('',(#7630),#7634);
#7630 = CIRCLE('',#7631,0.9);
#7631 = AXIS2_PLACEMENT_2D('',#7632,#7633);
#7632 = CARTESIAN_POINT('',(0.,0.));
#7633 = DIRECTION('',(1.,0.));
#7634 = ( GEOMETRIC_REPRESENTATION_CONTEXT(2) 
PARAMETRIC_REPRESENTATION_CONTEXT() REPRESENTATION_CONTEXT('2D SPACE',''
  ) );
#7635 = PCURVE('',#7636,#7641);
#7636 = CYLINDRICAL_SURFACE('',#7637,0.9);
#7637 = AXIS2_PLACEMENT_3D('',#7638,#7639,#7640);
#7638 = CARTESIAN_POINT('',(-30.,-4.,-13.5));
#7639 = DIRECTION('',(0.,0.,1.));
#7640 = DIRECTION('',(1.,0.,0.));
#7641 = DEFINITIONAL_REPRESENTATION('',(#7642),#7646);
#7642 = LINE('',#7643,#7644);
#7643 = CARTESIAN_POINT('',(0.,6.5));
#7644 = VECTOR('',#7645,1.);
#7645 = DIRECTION('',(1.,0.));
#7646 = ( GEOMETRIC_REPRESENTATION_CONTEXT(2) 
PARAMETRIC_REPRESENTATION_CONTEXT() REPRESENTATION_CONTEXT('2D SPACE',''
  ) );
#7647 = ADVANCED_FACE('',(#7648,#7651),#7291,.T.);
#7648 = FACE_BOUND('',#7649,.T.);
#7649 = EDGE_LOOP('',(#7650));
#7650 = ORIENTED_EDGE('',*,*,#7276,.T.);
#7651 = FACE_BOUND('',#7652,.T.);
#7652 = EDGE_LOOP('',(#7653));
#7653 = ORIENTED_EDGE('',*,*,#7654,.F.);
#7654 = EDGE_CURVE('',#7655,#7655,#7657,.T.);
#7655 = VERTEX_POINT('',#7656);
#7656 = CARTESIAN_POINT('',(30.9,-49.,-7.));
#7657 = SURFACE_CURVE('',#7658,(#7663,#7670),.PCURVE_S1.);
#7658 = CIRCLE('',#7659,0.9);
#7659 = AXIS2_PLACEMENT_3D('',#7660,#7661,#7662);
#7660 = CARTESIAN_POINT('',(30.,-49.,-7.));
#7661 = DIRECTION('',(0.,0.,1.));
#7662 = DIRECTION('',(1.,0.,-0.));
#7663 = PCURVE('',#7291,#7664);
#7664 = DEFINITIONAL_REPRESENTATION('',(#7665),#7669);
#7665 = CIRCLE('',#7666,0.9);
#7666 = AXIS2_PLACEMENT_2D('',#7667,#7668);
#7667 = CARTESIAN_POINT('',(0.,0.));
#7668 = DIRECTION('',(1.,0.));
#7669 = ( GEOMETRIC_REPRESENTATION_CONTEXT(2) 
PARAMETRIC_REPRESENTATION_CONTEXT() REPRESENTATION_CONTEXT('2D SPACE',''
  ) );
#7670 = PCURVE('',#7671,#7676);
#7671 = CYLINDRICAL_SURFACE('',#7672,0.9);
#7672 = AXIS2_PLACEMENT_3D('',#7673,#7674,#7675);
#7673 = CARTESIAN_POINT('',(30.,-49.,-13.5));
#7674 = DIRECTION('',(0.,0.,1.));
#7675 = DIRECTION('',(1.,0.,0.));
#7676 = DEFINITIONAL_REPRESENTATION('',(#7677),#7681);
#7677 = LINE('',#7678,#7679);
#7678 = CARTESIAN_POINT('',(0.,6.5));
#7679 = VECTOR('',#7680,1.);
#7680 = DIRECTION('',(1.,0.));
#7681 = ( GEOMETRIC_REPRESENTATION_CONTEXT(2) 
PARAMETRIC_REPRESENTATION_CONTEXT() REPRESENTATION_CONTEXT('2D SPACE',''
  ) );
#7682 = ADVANCED_FACE('',(#7683,#7686),#7346,.T.);
#7683 = FACE_BOUND('',#7684,.T.);
#7684 = EDGE_LOOP('',(#7685));
#7685 = ORIENTED_EDGE('',*,*,#7331,.T.);
#7686 = FACE_BOUND('',#7687,.T.);
#7687 = EDGE_LOOP('',(#7688));
#7688 = ORIENTED_EDGE('',*,*,#7689,.F.);
#7689 = EDGE_CURVE('',#7690,#7690,#7692,.T.);
#7690 = VERTEX_POINT('',#7691);
#7691 = CARTESIAN_POINT('',(30.9,-4.,-7.));
#7692 = SURFACE_CURVE('',#7693,(#7698,#7705),.PCURVE_S1.);
#7693 = CIRCLE('',#7694,0.9);
#7694 = AXIS2_PLACEMENT_3D('',#7695,#7696,#7697);
#7695 = CARTESIAN_POINT('',(30.,-4.,-7.));
#7696 = DIRECTION('',(0.,0.,1.));
#7697 = DIRECTION('',(1.,0.,-0.));
#7698 = PCURVE('',#7346,#7699);
#7699 = DEFINITIONAL_REPRESENTATION('',(#7700),#7704);
#7700 = CIRCLE('',#7701,0.9);
#7701 = AXIS2_PLACEMENT_2D('',#7702,#7703);
#7702 = CARTESIAN_POINT('',(0.,0.));
#7703 = DIRECTION('',(1.,0.));
#7704 = ( GEOMETRIC_REPRESENTATION_CONTEXT(2) 
PARAMETRIC_REPRESENTATION_CONTEXT() REPRESENTATION_CONTEXT('2D SPACE',''
  ) );
#7705 = PCURVE('',#7706,#7711);
#7706 = CYLINDRICAL_SURFACE('',#7707,0.9);
#7707 = AXIS2_PLACEMENT_3D('',#7708,#7709,#7710);
#7708 = CARTESIAN_POINT('',(30.,-4.,-13.5));
#7709 = DIRECTION('',(0.,0.,1.));
#7710 = DIRECTION('',(1.,0.,0.));
#7711 = DEFINITIONAL_REPRESENTATION('',(#7712),#7716);
#7712 = LINE('',#7713,#7714);
#7713 = CARTESIAN_POINT('',(0.,6.5));
#7714 = VECTOR('',#7715,1.);
#7715 = DIRECTION('',(1.,0.));
#7716 = ( GEOMETRIC_REPRESENTATION_CONTEXT(2) 
PARAMETRIC_REPRESENTATION_CONTEXT() REPRESENTATION_CONTEXT('2D SPACE',''
  ) );
#7717 = ADVANCED_FACE('',(#7718,#7721),#7401,.T.);
#7718 = FACE_BOUND('',#7719,.T.);
#7719 = EDGE_LOOP('',(#7720));
#7720 = ORIENTED_EDGE('',*,*,#7386,.T.);
#7721 = FACE_BOUND('',#7722,.T.);
#7722 = EDGE_LOOP('',(#7723));
#7723 = ORIENTED_EDGE('',*,*,#7724,.F.);
#7724 = EDGE_CURVE('',#7725,#7725,#7727,.T.);
#7725 = VERTEX_POINT('',#7726);
#7726 = CARTESIAN_POINT('',(-24.1,26.5,5.));
#7727 = SURFACE_CURVE('',#7728,(#7733,#7740),.PCURVE_S1.);
#7728 = CIRCLE('',#7729,0.9);
#7729 = AXIS2_PLACEMENT_3D('',#7730,#7731,#7732);
#7730 = CARTESIAN_POINT('',(-25.,26.5,5.));
#7731 = DIRECTION('',(0.,0.,1.));
#7732 = DIRECTION('',(1.,0.,-0.));
#7733 = PCURVE('',#7401,#7734);
#7734 = DEFINITIONAL_REPRESENTATION('',(#7735),#7739);
#7735 = CIRCLE('',#7736,0.9);
#7736 = AXIS2_PLACEMENT_2D('',#7737,#7738);
#7737 = CARTESIAN_POINT('',(0.,0.));
#7738 = DIRECTION('',(1.,0.));
#7739 = ( GEOMETRIC_REPRESENTATION_CONTEXT(2) 
PARAMETRIC_REPRESENTATION_CONTEXT() REPRESENTATION_CONTEXT('2D SPACE',''
  ) );
#7740 = PCURVE('',#7741,#7746);
#7741 = CYLINDRICAL_SURFACE('',#7742,0.9);
#7742 = AXIS2_PLACEMENT_3D('',#7743,#7744,#7745);
#7743 = CARTESIAN_POINT('',(-25.,26.5,-13.5));
#7744 = DIRECTION('',(0.,0.,1.));
#7745 = DIRECTION('',(1.,0.,0.));
#7746 = DEFINITIONAL_REPRESENTATION('',(#7747),#7751);
#7747 = LINE('',#7748,#7749);
#7748 = CARTESIAN_POINT('',(0.,18.5));
#7749 = VECTOR('',#7750,1.);
#7750 = DIRECTION('',(1.,0.));
#7751 = ( GEOMETRIC_REPRESENTATION_CONTEXT(2) 
PARAMETRIC_REPRESENTATION_CONTEXT() REPRESENTATION_CONTEXT('2D SPACE',''
  ) );
#7752 = ADVANCED_FACE('',(#7753,#7756),#7456,.T.);
#7753 = FACE_BOUND('',#7754,.T.);
#7754 = EDGE_LOOP('',(#7755));
#7755 = ORIENTED_EDGE('',*,*,#7441,.T.);
#7756 = FACE_BOUND('',#7757,.T.);
#7757 = EDGE_LOOP('',(#7758));
#7758 = ORIENTED_EDGE('',*,*,#7759,.F.);
#7759 = EDGE_CURVE('',#7760,#7760,#7762,.T.);
#7760 = VERTEX_POINT('',#7761);
#7761 = CARTESIAN_POINT('',(-24.1,62.,5.));
#7762 = SURFACE_CURVE('',#7763,(#7768,#7775),.PCURVE_S1.);
#7763 = CIRCLE('',#7764,0.9);
#7764 = AXIS2_PLACEMENT_3D('',#7765,#7766,#7767);
#7765 = CARTESIAN_POINT('',(-25.,62.,5.));
#7766 = DIRECTION('',(0.,0.,1.));
#7767 = DIRECTION('',(1.,0.,-0.));
#7768 = PCURVE('',#7456,#7769);
#7769 = DEFINITIONAL_REPRESENTATION('',(#7770),#7774);
#7770 = CIRCLE('',#7771,0.9);
#7771 = AXIS2_PLACEMENT_2D('',#7772,#7773);
#7772 = CARTESIAN_POINT('',(0.,0.));
#7773 = DIRECTION('',(1.,0.));
#7774 = ( GEOMETRIC_REPRESENTATION_CONTEXT(2) 
PARAMETRIC_REPRESENTATION_CONTEXT() REPRESENTATION_CONTEXT('2D SPACE',''
  ) );
#7775 = PCURVE('',#7776,#7781);
#7776 = CYLINDRICAL_SURFACE('',#7777,0.9);
#7777 = AXIS2_PLACEMENT_3D('',#7778,#7779,#7780);
#7778 = CARTESIAN_POINT('',(-25.,62.,-13.5));
#7779 = DIRECTION('',(0.,0.,1.));
#7780 = DIRECTION('',(1.,0.,0.));
#7781 = DEFINITIONAL_REPRESENTATION('',(#7782),#7786);
#7782 = LINE('',#7783,#7784);
#7783 = CARTESIAN_POINT('',(0.,18.5));
#7784 = VECTOR('',#7785,1.);
#7785 = DIRECTION('',(1.,0.));
#7786 = ( GEOMETRIC_REPRESENTATION_CONTEXT(2) 
PARAMETRIC_REPRESENTATION_CONTEXT() REPRESENTATION_CONTEXT('2D SPACE',''
  ) );
#7787 = ADVANCED_FACE('',(#7788),#7494,.F.);
#7788 = FACE_BOUND('',#7789,.F.);
#7789 = EDGE_LOOP('',(#7790,#7791,#7814,#7841));
#7790 = ORIENTED_EDGE('',*,*,#7477,.F.);
#7791 = ORIENTED_EDGE('',*,*,#7792,.F.);
#7792 = EDGE_CURVE('',#7793,#7478,#7795,.T.);
#7793 = VERTEX_POINT('',#7794);
#7794 = CARTESIAN_POINT('',(36.4,68.,-13.75));
#7795 = SEAM_CURVE('',#7796,(#7800,#7807),.PCURVE_S1.);
#7796 = LINE('',#7797,#7798);
#7797 = CARTESIAN_POINT('',(36.4,68.,-13.75));
#7798 = VECTOR('',#7799,1.);
#7799 = DIRECTION('',(0.,0.,1.));
#7800 = PCURVE('',#7494,#7801);
#7801 = DEFINITIONAL_REPRESENTATION('',(#7802),#7806);
#7802 = LINE('',#7803,#7804);
#7803 = CARTESIAN_POINT('',(6.28318530718,-0.));
#7804 = VECTOR('',#7805,1.);
#7805 = DIRECTION('',(0.,1.));
#7806 = ( GEOMETRIC_REPRESENTATION_CONTEXT(2) 
PARAMETRIC_REPRESENTATION_CONTEXT() REPRESENTATION_CONTEXT('2D SPACE',''
  ) );
#7807 = PCURVE('',#7494,#7808);
#7808 = DEFINITIONAL_REPRESENTATION('',(#7809),#7813);
#7809 = LINE('',#7810,#7811);
#7810 = CARTESIAN_POINT('',(0.,-0.));
#7811 = VECTOR('',#7812,1.);
#7812 = DIRECTION('',(0.,1.));
#7813 = ( GEOMETRIC_REPRESENTATION_CONTEXT(2) 
PARAMETRIC_REPRESENTATION_CONTEXT() REPRESENTATION_CONTEXT('2D SPACE',''
  ) );
#7814 = ORIENTED_EDGE('',*,*,#7815,.T.);
#7815 = EDGE_CURVE('',#7793,#7793,#7816,.T.);
#7816 = SURFACE_CURVE('',#7817,(#7822,#7829),.PCURVE_S1.);
#7817 = CIRCLE('',#7818,0.9);
#7818 = AXIS2_PLACEMENT_3D('',#7819,#7820,#7821);
#7819 = CARTESIAN_POINT('',(35.5,68.,-13.75));
#7820 = DIRECTION('',(0.,0.,1.));
#7821 = DIRECTION('',(1.,0.,0.));
#7822 = PCURVE('',#7494,#7823);
#7823 = DEFINITIONAL_REPRESENTATION('',(#7824),#7828);
#7824 = LINE('',#7825,#7826);
#7825 = CARTESIAN_POINT('',(0.,0.));
#7826 = VECTOR('',#7827,1.);
#7827 = DIRECTION('',(1.,0.));
#7828 = ( GEOMETRIC_REPRESENTATION_CONTEXT(2) 
PARAMETRIC_REPRESENTATION_CONTEXT() REPRESENTATION_CONTEXT('2D SPACE',''
  ) );
#7829 = PCURVE('',#7830,#7835);
#7830 = PLANE('',#7831);
#7831 = AXIS2_PLACEMENT_3D('',#7832,#7833,#7834);
#7832 = CARTESIAN_POINT('',(35.5,68.,-13.75));
#7833 = DIRECTION('',(0.,0.,1.));
#7834 = DIRECTION('',(1.,0.,0.));
#7835 = DEFINITIONAL_REPRESENTATION('',(#7836),#7840);
#7836 = CIRCLE('',#7837,0.9);
#7837 = AXIS2_PLACEMENT_2D('',#7838,#7839);
#7838 = CARTESIAN_POINT('',(0.,0.));
#7839 = DIRECTION('',(1.,0.));
#7840 = ( GEOMETRIC_REPRESENTATION_CONTEXT(2) 
PARAMETRIC_REPRESENTATION_CONTEXT() REPRESENTATION_CONTEXT('2D SPACE',''
  ) );
#7841 = ORIENTED_EDGE('',*,*,#7792,.T.);
#7842 = ADVANCED_FACE('',(#7843),#7530,.F.);
#7843 = FACE_BOUND('',#7844,.F.);
#7844 = EDGE_LOOP('',(#7845,#7846,#7869,#7896));
#7845 = ORIENTED_EDGE('',*,*,#7513,.F.);
#7846 = ORIENTED_EDGE('',*,*,#7847,.F.);
#7847 = EDGE_CURVE('',#7848,#7514,#7850,.T.);
#7848 = VERTEX_POINT('',#7849);
#7849 = CARTESIAN_POINT('',(36.4,-68.,-13.75));
#7850 = SEAM_CURVE('',#7851,(#7855,#7862),.PCURVE_S1.);
#7851 = LINE('',#7852,#7853);
#7852 = CARTESIAN_POINT('',(36.4,-68.,-13.75));
#7853 = VECTOR('',#7854,1.);
#7854 = DIRECTION('',(0.,0.,1.));
#7855 = PCURVE('',#7530,#7856);
#7856 = DEFINITIONAL_REPRESENTATION('',(#7857),#7861);
#7857 = LINE('',#7858,#7859);
#7858 = CARTESIAN_POINT('',(6.28318530718,-0.));
#7859 = VECTOR('',#7860,1.);
#7860 = DIRECTION('',(0.,1.));
#7861 = ( GEOMETRIC_REPRESENTATION_CONTEXT(2) 
PARAMETRIC_REPRESENTATION_CONTEXT() REPRESENTATION_CONTEXT('2D SPACE',''
  ) );
#7862 = PCURVE('',#7530,#7863);
#7863 = DEFINITIONAL_REPRESENTATION('',(#7864),#7868);
#7864 = LINE('',#7865,#7866);
#7865 = CARTESIAN_POINT('',(0.,-0.));
#7866 = VECTOR('',#7867,1.);
#7867 = DIRECTION('',(0.,1.));
#7868 = ( GEOMETRIC_REPRESENTATION_CONTEXT(2) 
PARAMETRIC_REPRESENTATION_CONTEXT() REPRESENTATION_CONTEXT('2D SPACE',''
  ) );
#7869 = ORIENTED_EDGE('',*,*,#7870,.T.);
#7870 = EDGE_CURVE('',#7848,#7848,#7871,.T.);
#7871 = SURFACE_CURVE('',#7872,(#7877,#7884),.PCURVE_S1.);
#7872 = CIRCLE('',#7873,0.9);
#7873 = AXIS2_PLACEMENT_3D('',#7874,#7875,#7876);
#7874 = CARTESIAN_POINT('',(35.5,-68.,-13.75));
#7875 = DIRECTION('',(0.,0.,1.));
#7876 = DIRECTION('',(1.,0.,0.));
#7877 = PCURVE('',#7530,#7878);
#7878 = DEFINITIONAL_REPRESENTATION('',(#7879),#7883);
#7879 = LINE('',#7880,#7881);
#7880 = CARTESIAN_POINT('',(0.,0.));
#7881 = VECTOR('',#7882,1.);
#7882 = DIRECTION('',(1.,0.));
#7883 = ( GEOMETRIC_REPRESENTATION_CONTEXT(2) 
PARAMETRIC_REPRESENTATION_CONTEXT() REPRESENTATION_CONTEXT('2D SPACE',''
  ) );
#7884 = PCURVE('',#7885,#7890);
#7885 = PLANE('',#7886);
#7886 = AXIS2_PLACEMENT_3D('',#7887,#7888,#7889);
#7887 = CARTESIAN_POINT('',(35.5,-68.,-13.75));
#7888 = DIRECTION('',(0.,0.,1.));
#7889 = DIRECTION('',(1.,0.,0.));
#7890 = DEFINITIONAL_REPRESENTATION('',(#7891),#7895);
#7891 = CIRCLE('',#7892,0.9);
#7892 = AXIS2_PLACEMENT_2D('',#7893,#7894);
#7893 = CARTESIAN_POINT('',(0.,0.));
#7894 = DIRECTION('',(1.,0.));
#7895 = ( GEOMETRIC_REPRESENTATION_CONTEXT(2) 
PARAMETRIC_REPRESENTATION_CONTEXT() REPRESENTATION_CONTEXT('2D SPACE',''
  ) );
#7896 = ORIENTED_EDGE('',*,*,#7847,.T.);
#7897 = ADVANCED_FACE('',(#7898),#7566,.F.);
#7898 = FACE_BOUND('',#7899,.F.);
#7899 = EDGE_LOOP('',(#7900,#7901,#7924,#7951));
#7900 = ORIENTED_EDGE('',*,*,#7549,.F.);
#7901 = ORIENTED_EDGE('',*,*,#7902,.F.);
#7902 = EDGE_CURVE('',#7903,#7550,#7905,.T.);
#7903 = VERTEX_POINT('',#7904);
#7904 = CARTESIAN_POINT('',(-34.6,-68.,-13.75));
#7905 = SEAM_CURVE('',#7906,(#7910,#7917),.PCURVE_S1.);
#7906 = LINE('',#7907,#7908);
#7907 = CARTESIAN_POINT('',(-34.6,-68.,-13.75));
#7908 = VECTOR('',#7909,1.);
#7909 = DIRECTION('',(0.,0.,1.));
#7910 = PCURVE('',#7566,#7911);
#7911 = DEFINITIONAL_REPRESENTATION('',(#7912),#7916);
#7912 = LINE('',#7913,#7914);
#7913 = CARTESIAN_POINT('',(6.28318530718,-0.));
#7914 = VECTOR('',#7915,1.);
#7915 = DIRECTION('',(0.,1.));
#7916 = ( GEOMETRIC_REPRESENTATION_CONTEXT(2) 
PARAMETRIC_REPRESENTATION_CONTEXT() REPRESENTATION_CONTEXT('2D SPACE',''
  ) );
#7917 = PCURVE('',#7566,#7918);
#7918 = DEFINITIONAL_REPRESENTATION('',(#7919),#7923);
#7919 = LINE('',#7920,#7921);
#7920 = CARTESIAN_POINT('',(0.,-0.));
#7921 = VECTOR('',#7922,1.);
#7922 = DIRECTION('',(0.,1.));
#7923 = ( GEOMETRIC_REPRESENTATION_CONTEXT(2) 
PARAMETRIC_REPRESENTATION_CONTEXT() REPRESENTATION_CONTEXT('2D SPACE',''
  ) );
#7924 = ORIENTED_EDGE('',*,*,#7925,.T.);
#7925 = EDGE_CURVE('',#7903,#7903,#7926,.T.);
#7926 = SURFACE_CURVE('',#7927,(#7932,#7939),.PCURVE_S1.);
#7927 = CIRCLE('',#7928,0.9);
#7928 = AXIS2_PLACEMENT_3D('',#7929,#7930,#7931);
#7929 = CARTESIAN_POINT('',(-35.5,-68.,-13.75));
#7930 = DIRECTION('',(0.,0.,1.));
#7931 = DIRECTION('',(1.,0.,0.));
#7932 = PCURVE('',#7566,#7933);
#7933 = DEFINITIONAL_REPRESENTATION('',(#7934),#7938);
#7934 = LINE('',#7935,#7936);
#7935 = CARTESIAN_POINT('',(0.,0.));
#7936 = VECTOR('',#7937,1.);
#7937 = DIRECTION('',(1.,0.));
#7938 = ( GEOMETRIC_REPRESENTATION_CONTEXT(2) 
PARAMETRIC_REPRESENTATION_CONTEXT() REPRESENTATION_CONTEXT('2D SPACE',''
  ) );
#7939 = PCURVE('',#7940,#7945);
#7940 = PLANE('',#7941);
#7941 = AXIS2_PLACEMENT_3D('',#7942,#7943,#7944);
#7942 = CARTESIAN_POINT('',(-35.5,-68.,-13.75));
#7943 = DIRECTION('',(0.,0.,1.));
#7944 = DIRECTION('',(1.,0.,0.));
#7945 = DEFINITIONAL_REPRESENTATION('',(#7946),#7950);
#7946 = CIRCLE('',#7947,0.9);
#7947 = AXIS2_PLACEMENT_2D('',#7948,#7949);
#7948 = CARTESIAN_POINT('',(0.,0.));
#7949 = DIRECTION('',(1.,0.));
#7950 = ( GEOMETRIC_REPRESENTATION_CONTEXT(2) 
PARAMETRIC_REPRESENTATION_CONTEXT() REPRESENTATION_CONTEXT('2D SPACE',''
  ) );
#7951 = ORIENTED_EDGE('',*,*,#7902,.T.);
#7952 = ADVANCED_FACE('',(#7953),#7601,.F.);
#7953 = FACE_BOUND('',#7954,.F.);
#7954 = EDGE_LOOP('',(#7955,#7956,#7979,#8006));
#7955 = ORIENTED_EDGE('',*,*,#7584,.F.);
#7956 = ORIENTED_EDGE('',*,*,#7957,.F.);
#7957 = EDGE_CURVE('',#7958,#7585,#7960,.T.);
#7958 = VERTEX_POINT('',#7959);
#7959 = CARTESIAN_POINT('',(-29.1,-49.,-13.5));
#7960 = SEAM_CURVE('',#7961,(#7965,#7972),.PCURVE_S1.);
#7961 = LINE('',#7962,#7963);
#7962 = CARTESIAN_POINT('',(-29.1,-49.,-13.5));
#7963 = VECTOR('',#7964,1.);
#7964 = DIRECTION('',(0.,0.,1.));
#7965 = PCURVE('',#7601,#7966);
#7966 = DEFINITIONAL_REPRESENTATION('',(#7967),#7971);
#7967 = LINE('',#7968,#7969);
#7968 = CARTESIAN_POINT('',(6.28318530718,-0.));
#7969 = VECTOR('',#7970,1.);
#7970 = DIRECTION('',(0.,1.));
#7971 = ( GEOMETRIC_REPRESENTATION_CONTEXT(2) 
PARAMETRIC_REPRESENTATION_CONTEXT() REPRESENTATION_CONTEXT('2D SPACE',''
  ) );
#7972 = PCURVE('',#7601,#7973);
#7973 = DEFINITIONAL_REPRESENTATION('',(#7974),#7978);
#7974 = LINE('',#7975,#7976);
#7975 = CARTESIAN_POINT('',(0.,-0.));
#7976 = VECTOR('',#7977,1.);
#7977 = DIRECTION('',(0.,1.));
#7978 = ( GEOMETRIC_REPRESENTATION_CONTEXT(2) 
PARAMETRIC_REPRESENTATION_CONTEXT() REPRESENTATION_CONTEXT('2D SPACE',''
  ) );
#7979 = ORIENTED_EDGE('',*,*,#7980,.T.);
#7980 = EDGE_CURVE('',#7958,#7958,#7981,.T.);
#7981 = SURFACE_CURVE('',#7982,(#7987,#7994),.PCURVE_S1.);
#7982 = CIRCLE('',#7983,0.9);
#7983 = AXIS2_PLACEMENT_3D('',#7984,#7985,#7986);
#7984 = CARTESIAN_POINT('',(-30.,-49.,-13.5));
#7985 = DIRECTION('',(0.,0.,1.));
#7986 = DIRECTION('',(1.,0.,0.));
#7987 = PCURVE('',#7601,#7988);
#7988 = DEFINITIONAL_REPRESENTATION('',(#7989),#7993);
#7989 = LINE('',#7990,#7991);
#7990 = CARTESIAN_POINT('',(0.,0.));
#7991 = VECTOR('',#7992,1.);
#7992 = DIRECTION('',(1.,0.));
#7993 = ( GEOMETRIC_REPRESENTATION_CONTEXT(2) 
PARAMETRIC_REPRESENTATION_CONTEXT() REPRESENTATION_CONTEXT('2D SPACE',''
  ) );
#7994 = PCURVE('',#7995,#8000);
#7995 = PLANE('',#7996);
#7996 = AXIS2_PLACEMENT_3D('',#7997,#7998,#7999);
#7997 = CARTESIAN_POINT('',(-30.,-49.,-13.5));
#7998 = DIRECTION('',(0.,0.,1.));
#7999 = DIRECTION('',(1.,0.,0.));
#8000 = DEFINITIONAL_REPRESENTATION('',(#8001),#8005);
#8001 = CIRCLE('',#8002,0.9);
#8002 = AXIS2_PLACEMENT_2D('',#8003,#8004);
#8003 = CARTESIAN_POINT('',(0.,0.));
#8004 = DIRECTION('',(1.,0.));
#8005 = ( GEOMETRIC_REPRESENTATION_CONTEXT(2) 
PARAMETRIC_REPRESENTATION_CONTEXT() REPRESENTATION_CONTEXT('2D SPACE',''
  ) );
#8006 = ORIENTED_EDGE('',*,*,#7957,.T.);
#8007 = ADVANCED_FACE('',(#8008),#7636,.F.);
#8008 = FACE_BOUND('',#8009,.F.);
#8009 = EDGE_LOOP('',(#8010,#8011,#8034,#8061));
#8010 = ORIENTED_EDGE('',*,*,#7619,.F.);
#8011 = ORIENTED_EDGE('',*,*,#8012,.F.);
#8012 = EDGE_CURVE('',#8013,#7620,#8015,.T.);
#8013 = VERTEX_POINT('',#8014);
#8014 = CARTESIAN_POINT('',(-29.1,-4.,-13.5));
#8015 = SEAM_CURVE('',#8016,(#8020,#8027),.PCURVE_S1.);
#8016 = LINE('',#8017,#8018);
#8017 = CARTESIAN_POINT('',(-29.1,-4.,-13.5));
#8018 = VECTOR('',#8019,1.);
#8019 = DIRECTION('',(0.,0.,1.));
#8020 = PCURVE('',#7636,#8021);
#8021 = DEFINITIONAL_REPRESENTATION('',(#8022),#8026);
#8022 = LINE('',#8023,#8024);
#8023 = CARTESIAN_POINT('',(6.28318530718,-0.));
#8024 = VECTOR('',#8025,1.);
#8025 = DIRECTION('',(0.,1.));
#8026 = ( GEOMETRIC_REPRESENTATION_CONTEXT(2) 
PARAMETRIC_REPRESENTATION_CONTEXT() REPRESENTATION_CONTEXT('2D SPACE',''
  ) );
#8027 = PCURVE('',#7636,#8028);
#8028 = DEFINITIONAL_REPRESENTATION('',(#8029),#8033);
#8029 = LINE('',#8030,#8031);
#8030 = CARTESIAN_POINT('',(0.,-0.));
#8031 = VECTOR('',#8032,1.);
#8032 = DIRECTION('',(0.,1.));
#8033 = ( GEOMETRIC_REPRESENTATION_CONTEXT(2) 
PARAMETRIC_REPRESENTATION_CONTEXT() REPRESENTATION_CONTEXT('2D SPACE',''
  ) );
#8034 = ORIENTED_EDGE('',*,*,#8035,.T.);
#8035 = EDGE_CURVE('',#8013,#8013,#8036,.T.);
#8036 = SURFACE_CURVE('',#8037,(#8042,#8049),.PCURVE_S1.);
#8037 = CIRCLE('',#8038,0.9);
#8038 = AXIS2_PLACEMENT_3D('',#8039,#8040,#8041);
#8039 = CARTESIAN_POINT('',(-30.,-4.,-13.5));
#8040 = DIRECTION('',(0.,0.,1.));
#8041 = DIRECTION('',(1.,0.,0.));
#8042 = PCURVE('',#7636,#8043);
#8043 = DEFINITIONAL_REPRESENTATION('',(#8044),#8048);
#8044 = LINE('',#8045,#8046);
#8045 = CARTESIAN_POINT('',(0.,0.));
#8046 = VECTOR('',#8047,1.);
#8047 = DIRECTION('',(1.,0.));
#8048 = ( GEOMETRIC_REPRESENTATION_CONTEXT(2) 
PARAMETRIC_REPRESENTATION_CONTEXT() REPRESENTATION_CONTEXT('2D SPACE',''
  ) );
#8049 = PCURVE('',#8050,#8055);
#8050 = PLANE('',#8051);
#8051 = AXIS2_PLACEMENT_3D('',#8052,#8053,#8054);
#8052 = CARTESIAN_POINT('',(-30.,-4.,-13.5));
#8053 = DIRECTION('',(0.,0.,1.));
#8054 = DIRECTION('',(1.,0.,0.));
#8055 = DEFINITIONAL_REPRESENTATION('',(#8056),#8060);
#8056 = CIRCLE('',#8057,0.9);
#8057 = AXIS2_PLACEMENT_2D('',#8058,#8059);
#8058 = CARTESIAN_POINT('',(0.,0.));
#8059 = DIRECTION('',(1.,0.));
#8060 = ( GEOMETRIC_REPRESENTATION_CONTEXT(2) 
PARAMETRIC_REPRESENTATION_CONTEXT() REPRESENTATION_CONTEXT('2D SPACE',''
  ) );
#8061 = ORIENTED_EDGE('',*,*,#8012,.T.);
#8062 = ADVANCED_FACE('',(#8063),#7671,.F.);
#8063 = FACE_BOUND('',#8064,.F.);
#8064 = EDGE_LOOP('',(#8065,#8066,#8089,#8116));
#8065 = ORIENTED_EDGE('',*,*,#7654,.F.);
#8066 = ORIENTED_EDGE('',*,*,#8067,.F.);
#8067 = EDGE_CURVE('',#8068,#7655,#8070,.T.);
#8068 = VERTEX_POINT('',#8069);
#8069 = CARTESIAN_POINT('',(30.9,-49.,-13.5));
#8070 = SEAM_CURVE('',#8071,(#8075,#8082),.PCURVE_S1.);
#8071 = LINE('',#8072,#8073);
#8072 = CARTESIAN_POINT('',(30.9,-49.,-13.5));
#8073 = VECTOR('',#8074,1.);
#8074 = DIRECTION('',(0.,0.,1.));
#8075 = PCURVE('',#7671,#8076);
#8076 = DEFINITIONAL_REPRESENTATION('',(#8077),#8081);
#8077 = LINE('',#8078,#8079);
#8078 = CARTESIAN_POINT('',(6.28318530718,-0.));
#8079 = VECTOR('',#8080,1.);
#8080 = DIRECTION('',(0.,1.));
#8081 = ( GEOMETRIC_REPRESENTATION_CONTEXT(2) 
PARAMETRIC_REPRESENTATION_CONTEXT() REPRESENTATION_CONTEXT('2D SPACE',''
  ) );
#8082 = PCURVE('',#7671,#8083);
#8083 = DEFINITIONAL_REPRESENTATION('',(#8084),#8088);
#8084 = LINE('',#8085,#8086);
#8085 = CARTESIAN_POINT('',(0.,-0.));
#8086 = VECTOR('',#8087,1.);
#8087 = DIRECTION('',(0.,1.));
#8088 = ( GEOMETRIC_REPRESENTATION_CONTEXT(2) 
PARAMETRIC_REPRESENTATION_CONTEXT() REPRESENTATION_CONTEXT('2D SPACE',''
  ) );
#8089 = ORIENTED_EDGE('',*,*,#8090,.T.);
#8090 = EDGE_CURVE('',#8068,#8068,#8091,.T.);
#8091 = SURFACE_CURVE('',#8092,(#8097,#8104),.PCURVE_S1.);
#8092 = CIRCLE('',#8093,0.9);
#8093 = AXIS2_PLACEMENT_3D('',#8094,#8095,#8096);
#8094 = CARTESIAN_POINT('',(30.,-49.,-13.5));
#8095 = DIRECTION('',(0.,0.,1.));
#8096 = DIRECTION('',(1.,0.,0.));
#8097 = PCURVE('',#7671,#8098);
#8098 = DEFINITIONAL_REPRESENTATION('',(#8099),#8103);
#8099 = LINE('',#8100,#8101);
#8100 = CARTESIAN_POINT('',(0.,0.));
#8101 = VECTOR('',#8102,1.);
#8102 = DIRECTION('',(1.,0.));
#8103 = ( GEOMETRIC_REPRESENTATION_CONTEXT(2) 
PARAMETRIC_REPRESENTATION_CONTEXT() REPRESENTATION_CONTEXT('2D SPACE',''
  ) );
#8104 = PCURVE('',#8105,#8110);
#8105 = PLANE('',#8106);
#8106 = AXIS2_PLACEMENT_3D('',#8107,#8108,#8109);
#8107 = CARTESIAN_POINT('',(30.,-49.,-13.5));
#8108 = DIRECTION('',(0.,0.,1.));
#8109 = DIRECTION('',(1.,0.,0.));
#8110 = DEFINITIONAL_REPRESENTATION('',(#8111),#8115);
#8111 = CIRCLE('',#8112,0.9);
#8112 = AXIS2_PLACEMENT_2D('',#8113,#8114);
#8113 = CARTESIAN_POINT('',(0.,0.));
#8114 = DIRECTION('',(1.,0.));
#8115 = ( GEOMETRIC_REPRESENTATION_CONTEXT(2) 
PARAMETRIC_REPRESENTATION_CONTEXT() REPRESENTATION_CONTEXT('2D SPACE',''
  ) );
#8116 = ORIENTED_EDGE('',*,*,#8067,.T.);
#8117 = ADVANCED_FACE('',(#8118),#7706,.F.);
#8118 = FACE_BOUND('',#8119,.F.);
#8119 = EDGE_LOOP('',(#8120,#8121,#8144,#8171));
#8120 = ORIENTED_EDGE('',*,*,#7689,.F.);
#8121 = ORIENTED_EDGE('',*,*,#8122,.F.);
#8122 = EDGE_CURVE('',#8123,#7690,#8125,.T.);
#8123 = VERTEX_POINT('',#8124);
#8124 = CARTESIAN_POINT('',(30.9,-4.,-13.5));
#8125 = SEAM_CURVE('',#8126,(#8130,#8137),.PCURVE_S1.);
#8126 = LINE('',#8127,#8128);
#8127 = CARTESIAN_POINT('',(30.9,-4.,-13.5));
#8128 = VECTOR('',#8129,1.);
#8129 = DIRECTION('',(0.,0.,1.));
#8130 = PCURVE('',#7706,#8131);
#8131 = DEFINITIONAL_REPRESENTATION('',(#8132),#8136);
#8132 = LINE('',#8133,#8134);
#8133 = CARTESIAN_POINT('',(6.28318530718,-0.));
#8134 = VECTOR('',#8135,1.);
#8135 = DIRECTION('',(0.,1.));
#8136 = ( GEOMETRIC_REPRESENTATION_CONTEXT(2) 
PARAMETRIC_REPRESENTATION_CONTEXT() REPRESENTATION_CONTEXT('2D SPACE',''
  ) );
#8137 = PCURVE('',#7706,#8138);
#8138 = DEFINITIONAL_REPRESENTATION('',(#8139),#8143);
#8139 = LINE('',#8140,#8141);
#8140 = CARTESIAN_POINT('',(0.,-0.));
#8141 = VECTOR('',#8142,1.);
#8142 = DIRECTION('',(0.,1.));
#8143 = ( GEOMETRIC_REPRESENTATION_CONTEXT(2) 
PARAMETRIC_REPRESENTATION_CONTEXT() REPRESENTATION_CONTEXT('2D SPACE',''
  ) );
#8144 = ORIENTED_EDGE('',*,*,#8145,.T.);
#8145 = EDGE_CURVE('',#8123,#8123,#8146,.T.);
#8146 = SURFACE_CURVE('',#8147,(#8152,#8159),.PCURVE_S1.);
#8147 = CIRCLE('',#8148,0.9);
#8148 = AXIS2_PLACEMENT_3D('',#8149,#8150,#8151);
#8149 = CARTESIAN_POINT('',(30.,-4.,-13.5));
#8150 = DIRECTION('',(0.,0.,1.));
#8151 = DIRECTION('',(1.,0.,0.));
#8152 = PCURVE('',#7706,#8153);
#8153 = DEFINITIONAL_REPRESENTATION('',(#8154),#8158);
#8154 = LINE('',#8155,#8156);
#8155 = CARTESIAN_POINT('',(0.,0.));
#8156 = VECTOR('',#8157,1.);
#8157 = DIRECTION('',(1.,0.));
#8158 = ( GEOMETRIC_REPRESENTATION_CONTEXT(2) 
PARAMETRIC_REPRESENTATION_CONTEXT() REPRESENTATION_CONTEXT('2D SPACE',''
  ) );
#8159 = PCURVE('',#8160,#8165);
#8160 = PLANE('',#8161);
#8161 = AXIS2_PLACEMENT_3D('',#8162,#8163,#8164);
#8162 = CARTESIAN_POINT('',(30.,-4.,-13.5));
#8163 = DIRECTION('',(0.,0.,1.));
#8164 = DIRECTION('',(1.,0.,0.));
#8165 = DEFINITIONAL_REPRESENTATION('',(#8166),#8170);
#8166 = CIRCLE('',#8167,0.9);
#8167 = AXIS2_PLACEMENT_2D('',#8168,#8169);
#8168 = CARTESIAN_POINT('',(0.,0.));
#8169 = DIRECTION('',(1.,0.));
#8170 = ( GEOMETRIC_REPRESENTATION_CONTEXT(2) 
PARAMETRIC_REPRESENTATION_CONTEXT() REPRESENTATION_CONTEXT('2D SPACE',''
  ) );
#8171 = ORIENTED_EDGE('',*,*,#8122,.T.);
#8172 = ADVANCED_FACE('',(#8173),#7741,.F.);
#8173 = FACE_BOUND('',#8174,.F.);
#8174 = EDGE_LOOP('',(#8175,#8176,#8199,#8226));
#8175 = ORIENTED_EDGE('',*,*,#7724,.F.);
#8176 = ORIENTED_EDGE('',*,*,#8177,.F.);
#8177 = EDGE_CURVE('',#8178,#7725,#8180,.T.);
#8178 = VERTEX_POINT('',#8179);
#8179 = CARTESIAN_POINT('',(-24.1,26.5,-13.5));
#8180 = SEAM_CURVE('',#8181,(#8185,#8192),.PCURVE_S1.);
#8181 = LINE('',#8182,#8183);
#8182 = CARTESIAN_POINT('',(-24.1,26.5,-13.5));
#8183 = VECTOR('',#8184,1.);
#8184 = DIRECTION('',(0.,0.,1.));
#8185 = PCURVE('',#7741,#8186);
#8186 = DEFINITIONAL_REPRESENTATION('',(#8187),#8191);
#8187 = LINE('',#8188,#8189);
#8188 = CARTESIAN_POINT('',(6.28318530718,-0.));
#8189 = VECTOR('',#8190,1.);
#8190 = DIRECTION('',(0.,1.));
#8191 = ( GEOMETRIC_REPRESENTATION_CONTEXT(2) 
PARAMETRIC_REPRESENTATION_CONTEXT() REPRESENTATION_CONTEXT('2D SPACE',''
  ) );
#8192 = PCURVE('',#7741,#8193);
#8193 = DEFINITIONAL_REPRESENTATION('',(#8194),#8198);
#8194 = LINE('',#8195,#8196);
#8195 = CARTESIAN_POINT('',(0.,-0.));
#8196 = VECTOR('',#8197,1.);
#8197 = DIRECTION('',(0.,1.));
#8198 = ( GEOMETRIC_REPRESENTATION_CONTEXT(2) 
PARAMETRIC_REPRESENTATION_CONTEXT() REPRESENTATION_CONTEXT('2D SPACE',''
  ) );
#8199 = ORIENTED_EDGE('',*,*,#8200,.T.);
#8200 = EDGE_CURVE('',#8178,#8178,#8201,.T.);
#8201 = SURFACE_CURVE('',#8202,(#8207,#8214),.PCURVE_S1.);
#8202 = CIRCLE('',#8203,0.9);
#8203 = AXIS2_PLACEMENT_3D('',#8204,#8205,#8206);
#8204 = CARTESIAN_POINT('',(-25.,26.5,-13.5));
#8205 = DIRECTION('',(0.,0.,1.));
#8206 = DIRECTION('',(1.,0.,0.));
#8207 = PCURVE('',#7741,#8208);
#8208 = DEFINITIONAL_REPRESENTATION('',(#8209),#8213);
#8209 = LINE('',#8210,#8211);
#8210 = CARTESIAN_POINT('',(0.,0.));
#8211 = VECTOR('',#8212,1.);
#8212 = DIRECTION('',(1.,0.));
#8213 = ( GEOMETRIC_REPRESENTATION_CONTEXT(2) 
PARAMETRIC_REPRESENTATION_CONTEXT() REPRESENTATION_CONTEXT('2D SPACE',''
  ) );
#8214 = PCURVE('',#8215,#8220);
#8215 = PLANE('',#8216);
#8216 = AXIS2_PLACEMENT_3D('',#8217,#8218,#8219);
#8217 = CARTESIAN_POINT('',(-25.,26.5,-13.5));
#8218 = DIRECTION('',(0.,0.,1.));
#8219 = DIRECTION('',(1.,0.,0.));
#8220 = DEFINITIONAL_REPRESENTATION('',(#8221),#8225);
#8221 = CIRCLE('',#8222,0.9);
#8222 = AXIS2_PLACEMENT_2D('',#8223,#8224);
#8223 = CARTESIAN_POINT('',(0.,0.));
#8224 = DIRECTION('',(1.,0.));
#8225 = ( GEOMETRIC_REPRESENTATION_CONTEXT(2) 
PARAMETRIC_REPRESENTATION_CONTEXT() REPRESENTATION_CONTEXT('2D SPACE',''
  ) );
#8226 = ORIENTED_EDGE('',*,*,#8177,.T.);
#8227 = ADVANCED_FACE('',(#8228),#7776,.F.);
#8228 = FACE_BOUND('',#8229,.F.);
#8229 = EDGE_LOOP('',(#8230,#8231,#8254,#8281));
#8230 = ORIENTED_EDGE('',*,*,#7759,.F.);
#8231 = ORIENTED_EDGE('',*,*,#8232,.F.);
#8232 = EDGE_CURVE('',#8233,#7760,#8235,.T.);
#8233 = VERTEX_POINT('',#8234);
#8234 = CARTESIAN_POINT('',(-24.1,62.,-13.5));
#8235 = SEAM_CURVE('',#8236,(#8240,#8247),.PCURVE_S1.);
#8236 = LINE('',#8237,#8238);
#8237 = CARTESIAN_POINT('',(-24.1,62.,-13.5));
#8238 = VECTOR('',#8239,1.);
#8239 = DIRECTION('',(0.,0.,1.));
#8240 = PCURVE('',#7776,#8241);
#8241 = DEFINITIONAL_REPRESENTATION('',(#8242),#8246);
#8242 = LINE('',#8243,#8244);
#8243 = CARTESIAN_POINT('',(6.28318530718,-0.));
#8244 = VECTOR('',#8245,1.);
#8245 = DIRECTION('',(0.,1.));
#8246 = ( GEOMETRIC_REPRESENTATION_CONTEXT(2) 
PARAMETRIC_REPRESENTATION_CONTEXT() REPRESENTATION_CONTEXT('2D SPACE',''
  ) );
#8247 = PCURVE('',#7776,#8248);
#8248 = DEFINITIONAL_REPRESENTATION('',(#8249),#8253);
#8249 = LINE('',#8250,#8251);
#8250 = CARTESIAN_POINT('',(0.,-0.));
#8251 = VECTOR('',#8252,1.);
#8252 = DIRECTION('',(0.,1.));
#8253 = ( GEOMETRIC_REPRESENTATION_CONTEXT(2) 
PARAMETRIC_REPRESENTATION_CONTEXT() REPRESENTATION_CONTEXT('2D SPACE',''
  ) );
#8254 = ORIENTED_EDGE('',*,*,#8255,.T.);
#8255 = EDGE_CURVE('',#8233,#8233,#8256,.T.);
#8256 = SURFACE_CURVE('',#8257,(#8262,#8269),.PCURVE_S1.);
#8257 = CIRCLE('',#8258,0.9);
#8258 = AXIS2_PLACEMENT_3D('',#8259,#8260,#8261);
#8259 = CARTESIAN_POINT('',(-25.,62.,-13.5));
#8260 = DIRECTION('',(0.,0.,1.));
#8261 = DIRECTION('',(1.,0.,0.));
#8262 = PCURVE('',#7776,#8263);
#8263 = DEFINITIONAL_REPRESENTATION('',(#8264),#8268);
#8264 = LINE('',#8265,#8266);
#8265 = CARTESIAN_POINT('',(0.,0.));
#8266 = VECTOR('',#8267,1.);
#8267 = DIRECTION('',(1.,0.));
#8268 = ( GEOMETRIC_REPRESENTATION_CONTEXT(2) 
PARAMETRIC_REPRESENTATION_CONTEXT() REPRESENTATION_CONTEXT('2D SPACE',''
  ) );
#8269 = PCURVE('',#8270,#8275);
#8270 = PLANE('',#8271);
#8271 = AXIS2_PLACEMENT_3D('',#8272,#8273,#8274);
#8272 = CARTESIAN_POINT('',(-25.,62.,-13.5));
#8273 = DIRECTION('',(0.,0.,1.));
#8274 = DIRECTION('',(1.,0.,0.));
#8275 = DEFINITIONAL_REPRESENTATION('',(#8276),#8280);
#8276 = CIRCLE('',#8277,0.9);
#8277 = AXIS2_PLACEMENT_2D('',#8278,#8279);
#8278 = CARTESIAN_POINT('',(0.,0.));
#8279 = DIRECTION('',(1.,0.));
#8280 = ( GEOMETRIC_REPRESENTATION_CONTEXT(2) 
PARAMETRIC_REPRESENTATION_CONTEXT() REPRESENTATION_CONTEXT('2D SPACE',''
  ) );
#8281 = ORIENTED_EDGE('',*,*,#8232,.T.);
#8282 = ADVANCED_FACE('',(#8283),#7830,.T.);
#8283 = FACE_BOUND('',#8284,.F.);
#8284 = EDGE_LOOP('',(#8285));
#8285 = ORIENTED_EDGE('',*,*,#7815,.F.);
#8286 = ADVANCED_FACE('',(#8287),#7885,.T.);
#8287 = FACE_BOUND('',#8288,.F.);
#8288 = EDGE_LOOP('',(#8289));
#8289 = ORIENTED_EDGE('',*,*,#7870,.F.);
#8290 = ADVANCED_FACE('',(#8291),#7940,.T.);
#8291 = FACE_BOUND('',#8292,.F.);
#8292 = EDGE_LOOP('',(#8293));
#8293 = ORIENTED_EDGE('',*,*,#7925,.F.);
#8294 = ADVANCED_FACE('',(#8295),#7995,.T.);
#8295 = FACE_BOUND('',#8296,.F.);
#8296 = EDGE_LOOP('',(#8297));
#8297 = ORIENTED_EDGE('',*,*,#7980,.F.);
#8298 = ADVANCED_FACE('',(#8299),#8050,.T.);
#8299 = FACE_BOUND('',#8300,.F.);
#8300 = EDGE_LOOP('',(#8301));
#8301 = ORIENTED_EDGE('',*,*,#8035,.F.);
#8302 = ADVANCED_FACE('',(#8303),#8105,.T.);
#8303 = FACE_BOUND('',#8304,.F.);
#8304 = EDGE_LOOP('',(#8305));
#8305 = ORIENTED_EDGE('',*,*,#8090,.F.);
#8306 = ADVANCED_FACE('',(#8307),#8160,.T.);
#8307 = FACE_BOUND('',#8308,.F.);
#8308 = EDGE_LOOP('',(#8309));
#8309 = ORIENTED_EDGE('',*,*,#8145,.F.);
#8310 = ADVANCED_FACE('',(#8311),#8215,.T.);
#8311 = FACE_BOUND('',#8312,.F.);
#8312 = EDGE_LOOP('',(#8313));
#8313 = ORIENTED_EDGE('',*,*,#8200,.F.);
#8314 = ADVANCED_FACE('',(#8315),#8270,.T.);
#8315 = FACE_BOUND('',#8316,.F.);
#8316 = EDGE_LOOP('',(#8317));
#8317 = ORIENTED_EDGE('',*,*,#8255,.F.);
#8318 = ( GEOMETRIC_REPRESENTATION_CONTEXT(3) 
GLOBAL_UNCERTAINTY_ASSIGNED_CONTEXT((#8322)) 
GLOBAL_UNIT_ASSIGNED_CONTEXT((#8319,#8320,#8321)) REPRESENTATION_CONTEXT
('Context #1','3D Context with UNIT and UNCERTAINTY') );
#8319 = ( LENGTH_UNIT() NAMED_UNIT(*) SI_UNIT(.MILLI.,.METRE.) );
#8320 = ( NAMED_UNIT(*) PLANE_ANGLE_UNIT() SI_UNIT($,.RADIAN.) );
#8321 = ( NAMED_UNIT(*) SI_UNIT($,.STERADIAN.) SOLID_ANGLE_UNIT() );
#8322 = UNCERTAINTY_MEASURE_WITH_UNIT(LENGTH_MEASURE(2.E-06),#8319,
  'distance_accuracy_value','confusion accuracy');
#8323 = CONTEXT_DEPENDENT_SHAPE_REPRESENTATION(#8324,#8326);
#8324 = ( REPRESENTATION_RELATIONSHIP('','',#36,#10) 
REPRESENTATION_RELATIONSHIP_WITH_TRANSFORMATION(#8325) 
SHAPE_REPRESENTATION_RELATIONSHIP() );
#8325 = ITEM_DEFINED_TRANSFORMATION('','',#11,#15);
#8326 = PRODUCT_DEFINITION_SHAPE('Placement','Placement of an item',
  #8327);
#8327 = NEXT_ASSEMBLY_USAGE_OCCURRENCE('1','=>[0:1:1:2]','',#5,#31,$);
#8328 = PRODUCT_RELATED_PRODUCT_CATEGORY('part',$,(#33));
#8329 = SHAPE_DEFINITION_REPRESENTATION(#8330,#8336);
#8330 = PRODUCT_DEFINITION_SHAPE('','',#8331);
#8331 = PRODUCT_DEFINITION('design','',#8332,#8335);
#8332 = PRODUCT_DEFINITION_FORMATION('','',#8333);
#8333 = PRODUCT('SOLID','SOLID','',(#8334));
#8334 = PRODUCT_CONTEXT('',#2,'mechanical');
#8335 = PRODUCT_DEFINITION_CONTEXT('part definition',#2,'design');
#8336 = ADVANCED_BREP_SHAPE_REPRESENTATION('',(#11,#8337),#16624);
#8337 = MANIFOLD_SOLID_BREP('',#8338);
#8338 = CLOSED_SHELL('',(#8339,#8457,#8540,#8800,#8876,#9236,#9266,#9315
    ,#9345,#9527,#9752,#9778,#9827,#9882,#9931,#9962,#10039,#10093,
    #10148,#10202,#10257,#10311,#10366,#10398,#10600,#10800,#11014,
    #11241,#11321,#11376,#11382,#11388,#11438,#11702,#11729,#11993,
    #12020,#12284,#12311,#12552,#12558,#12564,#12614,#12664,#13216,
    #13293,#13347,#13402,#13479,#13533,#13588,#13665,#13719,#13774,
    #13851,#13905,#13960,#14037,#14091,#14146,#14223,#14277,#14332,
    #14409,#14463,#14518,#14595,#14649,#14704,#14736,#14768,#14800,
    #14832,#14864,#14896,#14928,#14960,#15036,#15085,#15134,#15210,
    #15259,#15308,#15384,#15433,#15482,#15558,#15607,#15656,#15732,
    #15781,#15830,#15906,#15955,#16004,#16080,#16129,#16178,#16254,
    #16303,#16352,#16379,#16406,#16433,#16460,#16487,#16514,#16541,
    #16568,#16575,#16582,#16589,#16596,#16603,#16610,#16617));
#8339 = ADVANCED_FACE('',(#8340),#8354,.F.);
#8340 = FACE_BOUND('',#8341,.F.);
#8341 = EDGE_LOOP('',(#8342,#8377,#8403,#8431));
#8342 = ORIENTED_EDGE('',*,*,#8343,.F.);
#8343 = EDGE_CURVE('',#8344,#8346,#8348,.T.);
#8344 = VERTEX_POINT('',#8345);
#8345 = CARTESIAN_POINT('',(-40.,-69.5,11.));
#8346 = VERTEX_POINT('',#8347);
#8347 = CARTESIAN_POINT('',(-40.,-69.5,12.));
#8348 = SURFACE_CURVE('',#8349,(#8353,#8365),.PCURVE_S1.);
#8349 = LINE('',#8350,#8351);
#8350 = CARTESIAN_POINT('',(-40.,-69.5,-15.));
#8351 = VECTOR('',#8352,1.);
#8352 = DIRECTION('',(0.,0.,1.));
#8353 = PCURVE('',#8354,#8359);
#8354 = PLANE('',#8355);
#8355 = AXIS2_PLACEMENT_3D('',#8356,#8357,#8358);
#8356 = CARTESIAN_POINT('',(-40.,-72.5,-15.));
#8357 = DIRECTION('',(1.,0.,0.));
#8358 = DIRECTION('',(0.,0.,1.));
#8359 = DEFINITIONAL_REPRESENTATION('',(#8360),#8364);
#8360 = LINE('',#8361,#8362);
#8361 = CARTESIAN_POINT('',(0.,-3.));
#8362 = VECTOR('',#8363,1.);
#8363 = DIRECTION('',(1.,0.));
#8364 = ( GEOMETRIC_REPRESENTATION_CONTEXT(2) 
PARAMETRIC_REPRESENTATION_CONTEXT() REPRESENTATION_CONTEXT('2D SPACE',''
  ) );
#8365 = PCURVE('',#8366,#8371);
#8366 = CYLINDRICAL_SURFACE('',#8367,3.);
#8367 = AXIS2_PLACEMENT_3D('',#8368,#8369,#8370);
#8368 = CARTESIAN_POINT('',(-37.,-69.5,-15.));
#8369 = DIRECTION('',(0.,0.,1.));
#8370 = DIRECTION('',(-1.,-0.,0.));
#8371 = DEFINITIONAL_REPRESENTATION('',(#8372),#8376);
#8372 = LINE('',#8373,#8374);
#8373 = CARTESIAN_POINT('',(0.,0.));
#8374 = VECTOR('',#8375,1.);
#8375 = DIRECTION('',(0.,1.));
#8376 = ( GEOMETRIC_REPRESENTATION_CONTEXT(2) 
PARAMETRIC_REPRESENTATION_CONTEXT() REPRESENTATION_CONTEXT('2D SPACE',''
  ) );
#8377 = ORIENTED_EDGE('',*,*,#8378,.F.);
#8378 = EDGE_CURVE('',#8379,#8344,#8381,.T.);
#8379 = VERTEX_POINT('',#8380);
#8380 = CARTESIAN_POINT('',(-40.,69.5,11.));
#8381 = SURFACE_CURVE('',#8382,(#8386,#8392),.PCURVE_S1.);
#8382 = LINE('',#8383,#8384);
#8383 = CARTESIAN_POINT('',(-40.,-36.25,11.));
#8384 = VECTOR('',#8385,1.);
#8385 = DIRECTION('',(0.,-1.,0.));
#8386 = PCURVE('',#8354,#8387);
#8387 = DEFINITIONAL_REPRESENTATION('',(#8388),#8391);
#8388 = B_SPLINE_CURVE_WITH_KNOTS('',1,(#8389,#8390),.UNSPECIFIED.,.F.,
  .F.,(2,2),(-105.75,33.25),.PIECEWISE_BEZIER_KNOTS.);
#8389 = CARTESIAN_POINT('',(26.,-142.));
#8390 = CARTESIAN_POINT('',(26.,-3.));
#8391 = ( GEOMETRIC_REPRESENTATION_CONTEXT(2) 
PARAMETRIC_REPRESENTATION_CONTEXT() REPRESENTATION_CONTEXT('2D SPACE',''
  ) );
#8392 = PCURVE('',#8393,#8398);
#8393 = PLANE('',#8394);
#8394 = AXIS2_PLACEMENT_3D('',#8395,#8396,#8397);
#8395 = CARTESIAN_POINT('',(0.,0.,11.));
#8396 = DIRECTION('',(0.,0.,1.));
#8397 = DIRECTION('',(1.,0.,-0.));
#8398 = DEFINITIONAL_REPRESENTATION('',(#8399),#8402);
#8399 = B_SPLINE_CURVE_WITH_KNOTS('',1,(#8400,#8401),.UNSPECIFIED.,.F.,
  .F.,(2,2),(-105.75,33.25),.PIECEWISE_BEZIER_KNOTS.);
#8400 = CARTESIAN_POINT('',(-40.,69.5));
#8401 = CARTESIAN_POINT('',(-40.,-69.5));
#8402 = ( GEOMETRIC_REPRESENTATION_CONTEXT(2) 
PARAMETRIC_REPRESENTATION_CONTEXT() REPRESENTATION_CONTEXT('2D SPACE',''
  ) );
#8403 = ORIENTED_EDGE('',*,*,#8404,.T.);
#8404 = EDGE_CURVE('',#8379,#8405,#8407,.T.);
#8405 = VERTEX_POINT('',#8406);
#8406 = CARTESIAN_POINT('',(-40.,69.5,12.));
#8407 = SURFACE_CURVE('',#8408,(#8412,#8419),.PCURVE_S1.);
#8408 = LINE('',#8409,#8410);
#8409 = CARTESIAN_POINT('',(-40.,69.5,-15.));
#8410 = VECTOR('',#8411,1.);
#8411 = DIRECTION('',(0.,0.,1.));
#8412 = PCURVE('',#8354,#8413);
#8413 = DEFINITIONAL_REPRESENTATION('',(#8414),#8418);
#8414 = LINE('',#8415,#8416);
#8415 = CARTESIAN_POINT('',(0.,-142.));
#8416 = VECTOR('',#8417,1.);
#8417 = DIRECTION('',(1.,0.));
#8418 = ( GEOMETRIC_REPRESENTATION_CONTEXT(2) 
PARAMETRIC_REPRESENTATION_CONTEXT() REPRESENTATION_CONTEXT('2D SPACE',''
  ) );
#8419 = PCURVE('',#8420,#8425);
#8420 = CYLINDRICAL_SURFACE('',#8421,3.);
#8421 = AXIS2_PLACEMENT_3D('',#8422,#8423,#8424);
#8422 = CARTESIAN_POINT('',(-37.,69.5,-15.));
#8423 = DIRECTION('',(0.,0.,1.));
#8424 = DIRECTION('',(-1.,-0.,0.));
#8425 = DEFINITIONAL_REPRESENTATION('',(#8426),#8430);
#8426 = LINE('',#8427,#8428);
#8427 = CARTESIAN_POINT('',(-0.,0.));
#8428 = VECTOR('',#8429,1.);
#8429 = DIRECTION('',(-0.,1.));
#8430 = ( GEOMETRIC_REPRESENTATION_CONTEXT(2) 
PARAMETRIC_REPRESENTATION_CONTEXT() REPRESENTATION_CONTEXT('2D SPACE',''
  ) );
#8431 = ORIENTED_EDGE('',*,*,#8432,.F.);
#8432 = EDGE_CURVE('',#8346,#8405,#8433,.T.);
#8433 = SURFACE_CURVE('',#8434,(#8438,#8445),.PCURVE_S1.);
#8434 = LINE('',#8435,#8436);
#8435 = CARTESIAN_POINT('',(-40.,-72.5,12.));
#8436 = VECTOR('',#8437,1.);
#8437 = DIRECTION('',(0.,1.,0.));
#8438 = PCURVE('',#8354,#8439);
#8439 = DEFINITIONAL_REPRESENTATION('',(#8440),#8444);
#8440 = LINE('',#8441,#8442);
#8441 = CARTESIAN_POINT('',(27.,0.));
#8442 = VECTOR('',#8443,1.);
#8443 = DIRECTION('',(0.,-1.));
#8444 = ( GEOMETRIC_REPRESENTATION_CONTEXT(2) 
PARAMETRIC_REPRESENTATION_CONTEXT() REPRESENTATION_CONTEXT('2D SPACE',''
  ) );
#8445 = PCURVE('',#8446,#8451);
#8446 = CYLINDRICAL_SURFACE('',#8447,3.);
#8447 = AXIS2_PLACEMENT_3D('',#8448,#8449,#8450);
#8448 = CARTESIAN_POINT('',(-37.,-72.5,12.));
#8449 = DIRECTION('',(0.,1.,0.));
#8450 = DIRECTION('',(-1.,0.,0.));
#8451 = DEFINITIONAL_REPRESENTATION('',(#8452),#8456);
#8452 = LINE('',#8453,#8454);
#8453 = CARTESIAN_POINT('',(0.,0.));
#8454 = VECTOR('',#8455,1.);
#8455 = DIRECTION('',(0.,1.));
#8456 = ( GEOMETRIC_REPRESENTATION_CONTEXT(2) 
PARAMETRIC_REPRESENTATION_CONTEXT() REPRESENTATION_CONTEXT('2D SPACE',''
  ) );
#8457 = ADVANCED_FACE('',(#8458),#8366,.T.);
#8458 = FACE_BOUND('',#8459,.T.);
#8459 = EDGE_LOOP('',(#8460,#8461,#8485,#8513));
#8460 = ORIENTED_EDGE('',*,*,#8343,.F.);
#8461 = ORIENTED_EDGE('',*,*,#8462,.T.);
#8462 = EDGE_CURVE('',#8344,#8463,#8465,.T.);
#8463 = VERTEX_POINT('',#8464);
#8464 = CARTESIAN_POINT('',(-37.,-72.5,11.));
#8465 = SURFACE_CURVE('',#8466,(#8471,#8478),.PCURVE_S1.);
#8466 = CIRCLE('',#8467,3.);
#8467 = AXIS2_PLACEMENT_3D('',#8468,#8469,#8470);
#8468 = CARTESIAN_POINT('',(-37.,-69.5,11.));
#8469 = DIRECTION('',(0.,0.,1.));
#8470 = DIRECTION('',(-1.,-0.,0.));
#8471 = PCURVE('',#8366,#8472);
#8472 = DEFINITIONAL_REPRESENTATION('',(#8473),#8477);
#8473 = LINE('',#8474,#8475);
#8474 = CARTESIAN_POINT('',(0.,26.));
#8475 = VECTOR('',#8476,1.);
#8476 = DIRECTION('',(1.,0.));
#8477 = ( GEOMETRIC_REPRESENTATION_CONTEXT(2) 
PARAMETRIC_REPRESENTATION_CONTEXT() REPRESENTATION_CONTEXT('2D SPACE',''
  ) );
#8478 = PCURVE('',#8393,#8479);
#8479 = DEFINITIONAL_REPRESENTATION('',(#8480),#8484);
#8480 = CIRCLE('',#8481,3.);
#8481 = AXIS2_PLACEMENT_2D('',#8482,#8483);
#8482 = CARTESIAN_POINT('',(-37.,-69.5));
#8483 = DIRECTION('',(-1.,0.));
#8484 = ( GEOMETRIC_REPRESENTATION_CONTEXT(2) 
PARAMETRIC_REPRESENTATION_CONTEXT() REPRESENTATION_CONTEXT('2D SPACE',''
  ) );
#8485 = ORIENTED_EDGE('',*,*,#8486,.T.);
#8486 = EDGE_CURVE('',#8463,#8487,#8489,.T.);
#8487 = VERTEX_POINT('',#8488);
#8488 = CARTESIAN_POINT('',(-37.,-72.5,12.));
#8489 = SURFACE_CURVE('',#8490,(#8494,#8501),.PCURVE_S1.);
#8490 = LINE('',#8491,#8492);
#8491 = CARTESIAN_POINT('',(-37.,-72.5,-15.));
#8492 = VECTOR('',#8493,1.);
#8493 = DIRECTION('',(0.,0.,1.));
#8494 = PCURVE('',#8366,#8495);
#8495 = DEFINITIONAL_REPRESENTATION('',(#8496),#8500);
#8496 = LINE('',#8497,#8498);
#8497 = CARTESIAN_POINT('',(1.570796326795,0.));
#8498 = VECTOR('',#8499,1.);
#8499 = DIRECTION('',(0.,1.));
#8500 = ( GEOMETRIC_REPRESENTATION_CONTEXT(2) 
PARAMETRIC_REPRESENTATION_CONTEXT() REPRESENTATION_CONTEXT('2D SPACE',''
  ) );
#8501 = PCURVE('',#8502,#8507);
#8502 = PLANE('',#8503);
#8503 = AXIS2_PLACEMENT_3D('',#8504,#8505,#8506);
#8504 = CARTESIAN_POINT('',(-40.,-72.5,-15.));
#8505 = DIRECTION('',(0.,1.,0.));
#8506 = DIRECTION('',(0.,0.,1.));
#8507 = DEFINITIONAL_REPRESENTATION('',(#8508),#8512);
#8508 = LINE('',#8509,#8510);
#8509 = CARTESIAN_POINT('',(0.,3.));
#8510 = VECTOR('',#8511,1.);
#8511 = DIRECTION('',(1.,0.));
#8512 = ( GEOMETRIC_REPRESENTATION_CONTEXT(2) 
PARAMETRIC_REPRESENTATION_CONTEXT() REPRESENTATION_CONTEXT('2D SPACE',''
  ) );
#8513 = ORIENTED_EDGE('',*,*,#8514,.F.);
#8514 = EDGE_CURVE('',#8346,#8487,#8515,.T.);
#8515 = SURFACE_CURVE('',#8516,(#8521,#8528),.PCURVE_S1.);
#8516 = CIRCLE('',#8517,3.);
#8517 = AXIS2_PLACEMENT_3D('',#8518,#8519,#8520);
#8518 = CARTESIAN_POINT('',(-37.,-69.5,12.));
#8519 = DIRECTION('',(0.,0.,1.));
#8520 = DIRECTION('',(-1.,0.,0.));
#8521 = PCURVE('',#8366,#8522);
#8522 = DEFINITIONAL_REPRESENTATION('',(#8523),#8527);
#8523 = LINE('',#8524,#8525);
#8524 = CARTESIAN_POINT('',(0.,27.));
#8525 = VECTOR('',#8526,1.);
#8526 = DIRECTION('',(1.,0.));
#8527 = ( GEOMETRIC_REPRESENTATION_CONTEXT(2) 
PARAMETRIC_REPRESENTATION_CONTEXT() REPRESENTATION_CONTEXT('2D SPACE',''
  ) );
#8528 = PCURVE('',#8529,#8534);
#8529 = SPHERICAL_SURFACE('',#8530,3.);
#8530 = AXIS2_PLACEMENT_3D('',#8531,#8532,#8533);
#8531 = CARTESIAN_POINT('',(-37.,-69.5,12.));
#8532 = DIRECTION('',(-0.,-0.,-1.));
#8533 = DIRECTION('',(-1.,0.,0.));
#8534 = DEFINITIONAL_REPRESENTATION('',(#8535),#8539);
#8535 = LINE('',#8536,#8537);
#8536 = CARTESIAN_POINT('',(-0.,0.));
#8537 = VECTOR('',#8538,1.);
#8538 = DIRECTION('',(-1.,0.));
#8539 = ( GEOMETRIC_REPRESENTATION_CONTEXT(2) 
PARAMETRIC_REPRESENTATION_CONTEXT() REPRESENTATION_CONTEXT('2D SPACE',''
  ) );
#8540 = ADVANCED_FACE('',(#8541),#8446,.T.);
#8541 = FACE_BOUND('',#8542,.T.);
#8542 = EDGE_LOOP('',(#8543,#8565,#8593,#8744,#8772,#8799));
#8543 = ORIENTED_EDGE('',*,*,#8544,.F.);
#8544 = EDGE_CURVE('',#8545,#8346,#8547,.T.);
#8545 = VERTEX_POINT('',#8546);
#8546 = CARTESIAN_POINT('',(-37.,-69.5,15.));
#8547 = SURFACE_CURVE('',#8548,(#8553,#8559),.PCURVE_S1.);
#8548 = CIRCLE('',#8549,3.);
#8549 = AXIS2_PLACEMENT_3D('',#8550,#8551,#8552);
#8550 = CARTESIAN_POINT('',(-37.,-69.5,12.));
#8551 = DIRECTION('',(0.,-1.,0.));
#8552 = DIRECTION('',(-1.,0.,0.));
#8553 = PCURVE('',#8446,#8554);
#8554 = DEFINITIONAL_REPRESENTATION('',(#8555),#8558);
#8555 = B_SPLINE_CURVE_WITH_KNOTS('',1,(#8556,#8557),.UNSPECIFIED.,.F.,
  .F.,(2,2),(4.712388980385,6.28318530718),.PIECEWISE_BEZIER_KNOTS.);
#8556 = CARTESIAN_POINT('',(1.570796326795,3.));
#8557 = CARTESIAN_POINT('',(0.,3.));
#8558 = ( GEOMETRIC_REPRESENTATION_CONTEXT(2) 
PARAMETRIC_REPRESENTATION_CONTEXT() REPRESENTATION_CONTEXT('2D SPACE',''
  ) );
#8559 = PCURVE('',#8529,#8560);
#8560 = DEFINITIONAL_REPRESENTATION('',(#8561),#8564);
#8561 = B_SPLINE_CURVE_WITH_KNOTS('',1,(#8562,#8563),.UNSPECIFIED.,.F.,
  .F.,(2,2),(4.712388980385,6.28318530718),.PIECEWISE_BEZIER_KNOTS.);
#8562 = CARTESIAN_POINT('',(0.,-1.570796326795));
#8563 = CARTESIAN_POINT('',(0.,0.));
#8564 = ( GEOMETRIC_REPRESENTATION_CONTEXT(2) 
PARAMETRIC_REPRESENTATION_CONTEXT() REPRESENTATION_CONTEXT('2D SPACE',''
  ) );
#8565 = ORIENTED_EDGE('',*,*,#8566,.T.);
#8566 = EDGE_CURVE('',#8545,#8567,#8569,.T.);
#8567 = VERTEX_POINT('',#8568);
#8568 = CARTESIAN_POINT('',(-37.,-69.32287565553,15.));
#8569 = SURFACE_CURVE('',#8570,(#8574,#8581),.PCURVE_S1.);
#8570 = LINE('',#8571,#8572);
#8571 = CARTESIAN_POINT('',(-37.,-72.5,15.));
#8572 = VECTOR('',#8573,1.);
#8573 = DIRECTION('',(0.,1.,0.));
#8574 = PCURVE('',#8446,#8575);
#8575 = DEFINITIONAL_REPRESENTATION('',(#8576),#8580);
#8576 = LINE('',#8577,#8578);
#8577 = CARTESIAN_POINT('',(1.570796326795,0.));
#8578 = VECTOR('',#8579,1.);
#8579 = DIRECTION('',(0.,1.));
#8580 = ( GEOMETRIC_REPRESENTATION_CONTEXT(2) 
PARAMETRIC_REPRESENTATION_CONTEXT() REPRESENTATION_CONTEXT('2D SPACE',''
  ) );
#8581 = PCURVE('',#8582,#8587);
#8582 = PLANE('',#8583);
#8583 = AXIS2_PLACEMENT_3D('',#8584,#8585,#8586);
#8584 = CARTESIAN_POINT('',(-40.,-72.5,15.));
#8585 = DIRECTION('',(0.,0.,1.));
#8586 = DIRECTION('',(1.,0.,0.));
#8587 = DEFINITIONAL_REPRESENTATION('',(#8588),#8592);
#8588 = LINE('',#8589,#8590);
#8589 = CARTESIAN_POINT('',(3.,0.));
#8590 = VECTOR('',#8591,1.);
#8591 = DIRECTION('',(0.,1.));
#8592 = ( GEOMETRIC_REPRESENTATION_CONTEXT(2) 
PARAMETRIC_REPRESENTATION_CONTEXT() REPRESENTATION_CONTEXT('2D SPACE',''
  ) );
#8593 = ORIENTED_EDGE('',*,*,#8594,.F.);
#8594 = EDGE_CURVE('',#8595,#8567,#8597,.T.);
#8595 = VERTEX_POINT('',#8596);
#8596 = CARTESIAN_POINT('',(-37.,-66.67712434446,15.));
#8597 = SURFACE_CURVE('',#8598,(#8643,#8691),.PCURVE_S1.);
#8598 = B_SPLINE_CURVE_WITH_KNOTS('',7,(#8599,#8600,#8601,#8602,#8603,
    #8604,#8605,#8606,#8607,#8608,#8609,#8610,#8611,#8612,#8613,#8614,
    #8615,#8616,#8617,#8618,#8619,#8620,#8621,#8622,#8623,#8624,#8625,
    #8626,#8627,#8628,#8629,#8630,#8631,#8632,#8633,#8634,#8635,#8636,
    #8637,#8638,#8639,#8640,#8641,#8642),.UNSPECIFIED.,.F.,.F.,(8,6,6,6,
    6,6,6,8),(0.,9.464759948845E-02,0.179514001342,0.29995236775,
    0.493846472435,0.820053965731,0.904971535953,1.),.UNSPECIFIED.);
#8599 = CARTESIAN_POINT('',(-37.,-66.67712434446,15.));
#8600 = CARTESIAN_POINT('',(-37.02742464074,-66.70822096412,15.));
#8601 = CARTESIAN_POINT('',(-37.05367367906,-66.73994284322,
    14.999707522669));
#8602 = CARTESIAN_POINT('',(-37.07878276711,-66.77222171725,
    14.999167664173));
#8603 = CARTESIAN_POINT('',(-37.10278659262,-66.80499790113,
    14.998420250809));
#8604 = CARTESIAN_POINT('',(-37.12571886986,-66.83822006637,
    14.997500429298));
#8605 = CARTESIAN_POINT('',(-37.14761233063,-66.8718450183,
    14.996439257093));
#8606 = CARTESIAN_POINT('',(-37.18722663143,-66.93631703497,
    14.994210752982));
#8607 = CARTESIAN_POINT('',(-37.20514399283,-66.96709066087,
    14.993065772905));
#8608 = CARTESIAN_POINT('',(-37.22227312685,-66.99813199584,
    14.991849220653));
#8609 = CARTESIAN_POINT('',(-37.23863445381,-67.02941747468,
    14.990578804179));
#8610 = CARTESIAN_POINT('',(-37.25424671772,-67.06092618628,
    14.98927032229));
#8611 = CARTESIAN_POINT('',(-37.26912721706,-67.09263973777,
    14.987937915749));
#8612 = CARTESIAN_POINT('',(-37.30339407309,-67.16981646251,
    14.984687548822));
#8613 = CARTESIAN_POINT('',(-37.32205409443,-67.21546957581,
    14.982758318973));
#8614 = CARTESIAN_POINT('',(-37.33931782144,-67.26145569987,
    14.980842875548));
#8615 = CARTESIAN_POINT('',(-37.3552242327,-67.30773422187,
    14.978972005185));
#8616 = CARTESIAN_POINT('',(-37.36980651956,-67.35426927586,
    14.977171746843));
#8617 = CARTESIAN_POINT('',(-37.38309304223,-67.40102934377,
    14.975464104202));
#8618 = CARTESIAN_POINT('',(-37.41445166458,-67.5235839034,
    14.971297795363));
#8619 = CARTESIAN_POINT('',(-37.4304988417,-67.59968807033,
    14.969016400935));
#8620 = CARTESIAN_POINT('',(-37.4433515614,-67.67618409163,
    14.967101070147));
#8621 = CARTESIAN_POINT('',(-37.45307886121,-67.75296730057,
    14.965606595826));
#8622 = CARTESIAN_POINT('',(-37.45972619557,-67.8299412294,
    14.964568860498));
#8623 = CARTESIAN_POINT('',(-37.46331862206,-67.90701604157,
    14.964006773366));
#8624 = CARTESIAN_POINT('',(-37.46476558517,-68.11380698374,
    14.963780321587));
#8625 = CARTESIAN_POINT('',(-37.45703159829,-68.24329666304,
    14.964991296543));
#8626 = CARTESIAN_POINT('',(-37.44072081166,-68.37235539177,
    14.967551953983));
#8627 = CARTESIAN_POINT('',(-37.41566861476,-68.50064414022,
    14.971347273696));
#8628 = CARTESIAN_POINT('',(-37.38150295804,-68.62767652179,
    14.976111895385));
#8629 = CARTESIAN_POINT('',(-37.3377230404,-68.75282276587,
    14.981429351845));
#8630 = CARTESIAN_POINT('',(-37.26925567048,-68.90708239719,
    14.987926233618));
#8631 = CARTESIAN_POINT('',(-37.25440004633,-68.9387563524,
    14.989257065299));
#8632 = CARTESIAN_POINT('',(-37.2388146663,-68.97022611385,
    14.990564124417));
#8633 = CARTESIAN_POINT('',(-37.22248230665,-69.00147337351,
    14.99183333368));
#8634 = CARTESIAN_POINT('',(-37.20538430613,-69.03247731939,
    14.993048967423));
#8635 = CARTESIAN_POINT('',(-37.18750033696,-69.06321450064,
    14.994193402289));
#8636 = CARTESIAN_POINT('',(-37.14789039245,-69.12772778784,
    14.996425766691));
#8637 = CARTESIAN_POINT('',(-37.12596159694,-69.16142820333,
    14.997490683765));
#8638 = CARTESIAN_POINT('',(-37.10298985783,-69.19472449488,
    14.998413915128));
#8639 = CARTESIAN_POINT('',(-37.07894224267,-69.22757324249,
    14.999164231702));
#8640 = CARTESIAN_POINT('',(-37.05378482755,-69.25992282516,
    14.999706282868));
#8641 = CARTESIAN_POINT('',(-37.02748270633,-69.29171319568,15.));
#8642 = CARTESIAN_POINT('',(-37.,-69.32287565553,15.));
#8643 = PCURVE('',#8446,#8644);
#8644 = DEFINITIONAL_REPRESENTATION('',(#8645),#8690);
#8645 = B_SPLINE_CURVE_WITH_KNOTS('',7,(#8646,#8647,#8648,#8649,#8650,
    #8651,#8652,#8653,#8654,#8655,#8656,#8657,#8658,#8659,#8660,#8661,
    #8662,#8663,#8664,#8665,#8666,#8667,#8668,#8669,#8670,#8671,#8672,
    #8673,#8674,#8675,#8676,#8677,#8678,#8679,#8680,#8681,#8682,#8683,
    #8684,#8685,#8686,#8687,#8688,#8689),.UNSPECIFIED.,.F.,.F.,(8,6,6,6,
    6,6,6,8),(0.,9.464759948845E-02,0.179514001342,0.29995236775,
    0.493846472435,0.820053965731,0.904971535953,1.),.UNSPECIFIED.);
#8646 = CARTESIAN_POINT('',(1.570796326795,5.822875655532));
#8647 = CARTESIAN_POINT('',(1.56165477988,5.791779035872));
#8648 = CARTESIAN_POINT('',(1.552905097425,5.760057156773));
#8649 = CARTESIAN_POINT('',(1.544534159478,5.727778282741));
#8650 = CARTESIAN_POINT('',(1.536529621625,5.695002098867));
#8651 = CARTESIAN_POINT('',(1.528879815848,5.66177993363));
#8652 = CARTESIAN_POINT('',(1.521573651389,5.628154981692));
#8653 = CARTESIAN_POINT('',(1.508348006864,5.563682965024));
#8654 = CARTESIAN_POINT('',(1.5023635437,5.532909339128));
#8655 = CARTESIAN_POINT('',(1.496639671626,5.501868004153));
#8656 = CARTESIAN_POINT('',(1.491169676351,5.470582525312));
#8657 = CARTESIAN_POINT('',(1.485947480385,5.439073813719));
#8658 = CARTESIAN_POINT('',(1.480967539631,5.407360262222));
#8659 = CARTESIAN_POINT('',(1.469493984009,5.330183537484));
#8660 = CARTESIAN_POINT('',(1.463241041914,5.284530424187));
#8661 = CARTESIAN_POINT('',(1.457451397249,5.238544300125));
#8662 = CARTESIAN_POINT('',(1.452112886637,5.19226577813));
#8663 = CARTESIAN_POINT('',(1.447215318641,5.145730724135));
#8664 = CARTESIAN_POINT('',(1.442750092614,5.098970656222));
#8665 = CARTESIAN_POINT('',(1.43220536605,4.976416096592));
#8666 = CARTESIAN_POINT('',(1.426802744916,4.900311929661));
#8667 = CARTESIAN_POINT('',(1.422471294094,4.823815908361));
#8668 = CARTESIAN_POINT('',(1.419190824565,4.747032699424));
#8669 = CARTESIAN_POINT('',(1.416948212467,4.670058770594));
#8670 = CARTESIAN_POINT('',(1.415736166449,4.592983958429));
#8671 = CARTESIAN_POINT('',(1.415247974471,4.386193016256));
#8672 = CARTESIAN_POINT('',(1.417857308966,4.256703336959));
#8673 = CARTESIAN_POINT('',(1.423361039097,4.127644608223));
#8674 = CARTESIAN_POINT('',(1.431806638064,3.999355859778));
#8675 = CARTESIAN_POINT('',(1.443304079971,3.872323478202));
#8676 = CARTESIAN_POINT('',(1.457999570669,3.747177234124));
#8677 = CARTESIAN_POINT('',(1.480924545445,3.592917602806));
#8678 = CARTESIAN_POINT('',(1.485896181027,3.561243647593));
#8679 = CARTESIAN_POINT('',(1.491109408095,3.529773886143));
#8680 = CARTESIAN_POINT('',(1.496569746473,3.498526626489));
#8681 = CARTESIAN_POINT('',(1.502283246339,3.467522680604));
#8682 = CARTESIAN_POINT('',(1.508256590832,3.436785499355));
#8683 = CARTESIAN_POINT('',(1.521480857898,3.372272212153));
#8684 = CARTESIAN_POINT('',(1.528798846225,3.338571796661));
#8685 = CARTESIAN_POINT('',(1.536461838888,3.305275505114));
#8686 = CARTESIAN_POINT('',(1.54448099306,3.272426757502));
#8687 = CARTESIAN_POINT('',(1.552868047909,3.240077174838));
#8688 = CARTESIAN_POINT('',(1.561635424683,3.208286804317));
#8689 = CARTESIAN_POINT('',(1.570796326795,3.177124344468));
#8690 = ( GEOMETRIC_REPRESENTATION_CONTEXT(2) 
PARAMETRIC_REPRESENTATION_CONTEXT() REPRESENTATION_CONTEXT('2D SPACE',''
  ) );
#8691 = PCURVE('',#8692,#8697);
#8692 = CONICAL_SURFACE('',#8693,1.2,0.785398163397);
#8693 = AXIS2_PLACEMENT_3D('',#8694,#8695,#8696);
#8694 = CARTESIAN_POINT('',(-35.5,-68.,14.2));
#8695 = DIRECTION('',(0.,0.,1.));
#8696 = DIRECTION('',(1.,0.,0.));
#8697 = DEFINITIONAL_REPRESENTATION('',(#8698),#8743);
#8698 = B_SPLINE_CURVE_WITH_KNOTS('',7,(#8699,#8700,#8701,#8702,#8703,
    #8704,#8705,#8706,#8707,#8708,#8709,#8710,#8711,#8712,#8713,#8714,
    #8715,#8716,#8717,#8718,#8719,#8720,#8721,#8722,#8723,#8724,#8725,
    #8726,#8727,#8728,#8729,#8730,#8731,#8732,#8733,#8734,#8735,#8736,
    #8737,#8738,#8739,#8740,#8741,#8742),.UNSPECIFIED.,.F.,.F.,(8,6,6,6,
    6,6,6,8),(0.,9.464759948845E-02,0.179514001342,0.29995236775,
    0.493846472435,0.820053965731,0.904971535953,1.),.UNSPECIFIED.);
#8699 = CARTESIAN_POINT('',(2.418858405776,0.8));
#8700 = CARTESIAN_POINT('',(2.43958948555,0.8));
#8701 = CARTESIAN_POINT('',(2.460166257242,0.799707522669));
#8702 = CARTESIAN_POINT('',(2.480602144131,0.799167664173));
#8703 = CARTESIAN_POINT('',(2.500909062939,0.798420250809));
#8704 = CARTESIAN_POINT('',(2.521098120992,0.797500429298));
#8705 = CARTESIAN_POINT('',(2.541180313393,0.796439257093));
#8706 = CARTESIAN_POINT('',(2.579088613574,0.794210752982));
#8707 = CARTESIAN_POINT('',(2.596932563271,0.793065772905));
#8708 = CARTESIAN_POINT('',(2.614706818267,0.791849220653));
#8709 = CARTESIAN_POINT('',(2.632418155501,0.790578804179));
#8710 = CARTESIAN_POINT('',(2.65007264975,0.78927032229));
#8711 = CARTESIAN_POINT('',(2.667675943514,0.787937915749));
#8712 = CARTESIAN_POINT('',(2.710150391073,0.784687548822));
#8713 = CARTESIAN_POINT('',(2.734974360202,0.782758318973));
#8714 = CARTESIAN_POINT('',(2.759720882742,0.780842875548));
#8715 = CARTESIAN_POINT('',(2.784402332073,0.778972005185));
#8716 = CARTESIAN_POINT('',(2.809028868664,0.777171746843));
#8717 = CARTESIAN_POINT('',(2.833609312239,0.775464104202));
#8718 = CARTESIAN_POINT('',(2.897663386554,0.771297795363));
#8719 = CARTESIAN_POINT('',(2.937074465266,0.769016400935));
#8720 = CARTESIAN_POINT('',(2.976419441726,0.767101070147));
#8721 = CARTESIAN_POINT('',(3.015719800713,0.765606595826));
#8722 = CARTESIAN_POINT('',(3.05499062967,0.764568860498));
#8723 = CARTESIAN_POINT('',(3.094245581652,0.764006773366));
#8724 = CARTESIAN_POINT('',(3.19954296282,0.763780321587));
#8725 = CARTESIAN_POINT('',(3.2654535174,0.764991296543));
#8726 = CARTESIAN_POINT('',(3.331402872285,0.767551953983));
#8727 = CARTESIAN_POINT('',(3.397481483333,0.771347273696));
#8728 = CARTESIAN_POINT('',(3.463793358783,0.776111895385));
#8729 = CARTESIAN_POINT('',(3.530462846952,0.781429351845));
#8730 = CARTESIAN_POINT('',(3.615355489132,0.787926233618));
#8731 = CARTESIAN_POINT('',(3.632935573167,0.789257065299));
#8732 = CARTESIAN_POINT('',(3.650566687622,0.790564124417));
#8733 = CARTESIAN_POINT('',(3.668254451231,0.79183333368));
#8734 = CARTESIAN_POINT('',(3.686004912061,0.793048967423));
#8735 = CARTESIAN_POINT('',(3.703824815381,0.794193402289));
#8736 = CARTESIAN_POINT('',(3.741749879333,0.796425766691));
#8737 = CARTESIAN_POINT('',(3.761873457698,0.797490683765));
#8738 = CARTESIAN_POINT('',(3.782104262905,0.798413915128));
#8739 = CARTESIAN_POINT('',(3.802453357897,0.799164231702));
#8740 = CARTESIAN_POINT('',(3.822931916589,0.799706282868));
#8741 = CARTESIAN_POINT('',(3.84355192817,0.8));
#8742 = CARTESIAN_POINT('',(3.864326901403,0.8));
#8743 = ( GEOMETRIC_REPRESENTATION_CONTEXT(2) 
PARAMETRIC_REPRESENTATION_CONTEXT() REPRESENTATION_CONTEXT('2D SPACE',''
  ) );
#8744 = ORIENTED_EDGE('',*,*,#8745,.T.);
#8745 = EDGE_CURVE('',#8595,#8746,#8748,.T.);
#8746 = VERTEX_POINT('',#8747);
#8747 = CARTESIAN_POINT('',(-37.,69.5,15.));
#8748 = SURFACE_CURVE('',#8749,(#8753,#8760),.PCURVE_S1.);
#8749 = LINE('',#8750,#8751);
#8750 = CARTESIAN_POINT('',(-37.,-72.5,15.));
#8751 = VECTOR('',#8752,1.);
#8752 = DIRECTION('',(0.,1.,0.));
#8753 = PCURVE('',#8446,#8754);
#8754 = DEFINITIONAL_REPRESENTATION('',(#8755),#8759);
#8755 = LINE('',#8756,#8757);
#8756 = CARTESIAN_POINT('',(1.570796326795,0.));
#8757 = VECTOR('',#8758,1.);
#8758 = DIRECTION('',(0.,1.));
#8759 = ( GEOMETRIC_REPRESENTATION_CONTEXT(2) 
PARAMETRIC_REPRESENTATION_CONTEXT() REPRESENTATION_CONTEXT('2D SPACE',''
  ) );
#8760 = PCURVE('',#8761,#8766);
#8761 = PLANE('',#8762);
#8762 = AXIS2_PLACEMENT_3D('',#8763,#8764,#8765);
#8763 = CARTESIAN_POINT('',(-40.,-72.5,15.));
#8764 = DIRECTION('',(0.,0.,1.));
#8765 = DIRECTION('',(1.,0.,0.));
#8766 = DEFINITIONAL_REPRESENTATION('',(#8767),#8771);
#8767 = LINE('',#8768,#8769);
#8768 = CARTESIAN_POINT('',(3.,0.));
#8769 = VECTOR('',#8770,1.);
#8770 = DIRECTION('',(0.,1.));
#8771 = ( GEOMETRIC_REPRESENTATION_CONTEXT(2) 
PARAMETRIC_REPRESENTATION_CONTEXT() REPRESENTATION_CONTEXT('2D SPACE',''
  ) );
#8772 = ORIENTED_EDGE('',*,*,#8773,.F.);
#8773 = EDGE_CURVE('',#8405,#8746,#8774,.T.);
#8774 = SURFACE_CURVE('',#8775,(#8780,#8787),.PCURVE_S1.);
#8775 = CIRCLE('',#8776,3.);
#8776 = AXIS2_PLACEMENT_3D('',#8777,#8778,#8779);
#8777 = CARTESIAN_POINT('',(-37.,69.5,12.));
#8778 = DIRECTION('',(0.,1.,0.));
#8779 = DIRECTION('',(-1.,0.,0.));
#8780 = PCURVE('',#8446,#8781);
#8781 = DEFINITIONAL_REPRESENTATION('',(#8782),#8786);
#8782 = LINE('',#8783,#8784);
#8783 = CARTESIAN_POINT('',(0.,142.));
#8784 = VECTOR('',#8785,1.);
#8785 = DIRECTION('',(1.,0.));
#8786 = ( GEOMETRIC_REPRESENTATION_CONTEXT(2) 
PARAMETRIC_REPRESENTATION_CONTEXT() REPRESENTATION_CONTEXT('2D SPACE',''
  ) );
#8787 = PCURVE('',#8788,#8793);
#8788 = SPHERICAL_SURFACE('',#8789,3.);
#8789 = AXIS2_PLACEMENT_3D('',#8790,#8791,#8792);
#8790 = CARTESIAN_POINT('',(-37.,69.5,12.));
#8791 = DIRECTION('',(-0.,-1.,-0.));
#8792 = DIRECTION('',(-1.,0.,0.));
#8793 = DEFINITIONAL_REPRESENTATION('',(#8794),#8798);
#8794 = LINE('',#8795,#8796);
#8795 = CARTESIAN_POINT('',(-0.,0.));
#8796 = VECTOR('',#8797,1.);
#8797 = DIRECTION('',(-1.,0.));
#8798 = ( GEOMETRIC_REPRESENTATION_CONTEXT(2) 
PARAMETRIC_REPRESENTATION_CONTEXT() REPRESENTATION_CONTEXT('2D SPACE',''
  ) );
#8799 = ORIENTED_EDGE('',*,*,#8432,.F.);
#8800 = ADVANCED_FACE('',(#8801),#8420,.T.);
#8801 = FACE_BOUND('',#8802,.F.);
#8802 = EDGE_LOOP('',(#8803,#8804,#8828,#8856));
#8803 = ORIENTED_EDGE('',*,*,#8404,.F.);
#8804 = ORIENTED_EDGE('',*,*,#8805,.F.);
#8805 = EDGE_CURVE('',#8806,#8379,#8808,.T.);
#8806 = VERTEX_POINT('',#8807);
#8807 = CARTESIAN_POINT('',(-37.,72.5,11.));
#8808 = SURFACE_CURVE('',#8809,(#8814,#8821),.PCURVE_S1.);
#8809 = CIRCLE('',#8810,3.);
#8810 = AXIS2_PLACEMENT_3D('',#8811,#8812,#8813);
#8811 = CARTESIAN_POINT('',(-37.,69.5,11.));
#8812 = DIRECTION('',(0.,0.,1.));
#8813 = DIRECTION('',(-1.,-0.,0.));
#8814 = PCURVE('',#8420,#8815);
#8815 = DEFINITIONAL_REPRESENTATION('',(#8816),#8820);
#8816 = LINE('',#8817,#8818);
#8817 = CARTESIAN_POINT('',(-6.28318530718,26.));
#8818 = VECTOR('',#8819,1.);
#8819 = DIRECTION('',(1.,-0.));
#8820 = ( GEOMETRIC_REPRESENTATION_CONTEXT(2) 
PARAMETRIC_REPRESENTATION_CONTEXT() REPRESENTATION_CONTEXT('2D SPACE',''
  ) );
#8821 = PCURVE('',#8393,#8822);
#8822 = DEFINITIONAL_REPRESENTATION('',(#8823),#8827);
#8823 = CIRCLE('',#8824,3.);
#8824 = AXIS2_PLACEMENT_2D('',#8825,#8826);
#8825 = CARTESIAN_POINT('',(-37.,69.5));
#8826 = DIRECTION('',(-1.,0.));
#8827 = ( GEOMETRIC_REPRESENTATION_CONTEXT(2) 
PARAMETRIC_REPRESENTATION_CONTEXT() REPRESENTATION_CONTEXT('2D SPACE',''
  ) );
#8828 = ORIENTED_EDGE('',*,*,#8829,.T.);
#8829 = EDGE_CURVE('',#8806,#8830,#8832,.T.);
#8830 = VERTEX_POINT('',#8831);
#8831 = CARTESIAN_POINT('',(-37.,72.5,12.));
#8832 = SURFACE_CURVE('',#8833,(#8837,#8844),.PCURVE_S1.);
#8833 = LINE('',#8834,#8835);
#8834 = CARTESIAN_POINT('',(-37.,72.5,-15.));
#8835 = VECTOR('',#8836,1.);
#8836 = DIRECTION('',(0.,0.,1.));
#8837 = PCURVE('',#8420,#8838);
#8838 = DEFINITIONAL_REPRESENTATION('',(#8839),#8843);
#8839 = LINE('',#8840,#8841);
#8840 = CARTESIAN_POINT('',(-1.570796326795,0.));
#8841 = VECTOR('',#8842,1.);
#8842 = DIRECTION('',(-0.,1.));
#8843 = ( GEOMETRIC_REPRESENTATION_CONTEXT(2) 
PARAMETRIC_REPRESENTATION_CONTEXT() REPRESENTATION_CONTEXT('2D SPACE',''
  ) );
#8844 = PCURVE('',#8845,#8850);
#8845 = PLANE('',#8846);
#8846 = AXIS2_PLACEMENT_3D('',#8847,#8848,#8849);
#8847 = CARTESIAN_POINT('',(-40.,72.5,-15.));
#8848 = DIRECTION('',(0.,1.,0.));
#8849 = DIRECTION('',(0.,0.,1.));
#8850 = DEFINITIONAL_REPRESENTATION('',(#8851),#8855);
#8851 = LINE('',#8852,#8853);
#8852 = CARTESIAN_POINT('',(0.,3.));
#8853 = VECTOR('',#8854,1.);
#8854 = DIRECTION('',(1.,0.));
#8855 = ( GEOMETRIC_REPRESENTATION_CONTEXT(2) 
PARAMETRIC_REPRESENTATION_CONTEXT() REPRESENTATION_CONTEXT('2D SPACE',''
  ) );
#8856 = ORIENTED_EDGE('',*,*,#8857,.T.);
#8857 = EDGE_CURVE('',#8830,#8405,#8858,.T.);
#8858 = SURFACE_CURVE('',#8859,(#8864,#8870),.PCURVE_S1.);
#8859 = CIRCLE('',#8860,3.);
#8860 = AXIS2_PLACEMENT_3D('',#8861,#8862,#8863);
#8861 = CARTESIAN_POINT('',(-37.,69.5,12.));
#8862 = DIRECTION('',(0.,0.,1.));
#8863 = DIRECTION('',(-1.,0.,0.));
#8864 = PCURVE('',#8420,#8865);
#8865 = DEFINITIONAL_REPRESENTATION('',(#8866),#8869);
#8866 = B_SPLINE_CURVE_WITH_KNOTS('',1,(#8867,#8868),.UNSPECIFIED.,.F.,
  .F.,(2,2),(4.712388980385,6.28318530718),.PIECEWISE_BEZIER_KNOTS.);
#8867 = CARTESIAN_POINT('',(-1.570796326795,27.));
#8868 = CARTESIAN_POINT('',(0.,27.));
#8869 = ( GEOMETRIC_REPRESENTATION_CONTEXT(2) 
PARAMETRIC_REPRESENTATION_CONTEXT() REPRESENTATION_CONTEXT('2D SPACE',''
  ) );
#8870 = PCURVE('',#8788,#8871);
#8871 = DEFINITIONAL_REPRESENTATION('',(#8872),#8875);
#8872 = B_SPLINE_CURVE_WITH_KNOTS('',1,(#8873,#8874),.UNSPECIFIED.,.F.,
  .F.,(2,2),(4.712388980385,6.28318530718),.PIECEWISE_BEZIER_KNOTS.);
#8873 = CARTESIAN_POINT('',(0.,-1.570796326795));
#8874 = CARTESIAN_POINT('',(0.,0.));
#8875 = ( GEOMETRIC_REPRESENTATION_CONTEXT(2) 
PARAMETRIC_REPRESENTATION_CONTEXT() REPRESENTATION_CONTEXT('2D SPACE',''
  ) );
#8876 = ADVANCED_FACE('',(#8877,#9006),#8393,.F.);
#8877 = FACE_BOUND('',#8878,.F.);
#8878 = EDGE_LOOP('',(#8879,#8880,#8881,#8882,#8903,#8932,#8958,#8987));
#8879 = ORIENTED_EDGE('',*,*,#8805,.T.);
#8880 = ORIENTED_EDGE('',*,*,#8378,.T.);
#8881 = ORIENTED_EDGE('',*,*,#8462,.T.);
#8882 = ORIENTED_EDGE('',*,*,#8883,.T.);
#8883 = EDGE_CURVE('',#8463,#8884,#8886,.T.);
#8884 = VERTEX_POINT('',#8885);
#8885 = CARTESIAN_POINT('',(37.,-72.5,11.));
#8886 = SURFACE_CURVE('',#8887,(#8891,#8897),.PCURVE_S1.);
#8887 = LINE('',#8888,#8889);
#8888 = CARTESIAN_POINT('',(-20.,-72.5,11.));
#8889 = VECTOR('',#8890,1.);
#8890 = DIRECTION('',(1.,0.,0.));
#8891 = PCURVE('',#8393,#8892);
#8892 = DEFINITIONAL_REPRESENTATION('',(#8893),#8896);
#8893 = B_SPLINE_CURVE_WITH_KNOTS('',1,(#8894,#8895),.UNSPECIFIED.,.F.,
  .F.,(2,2),(-17.,57.),.PIECEWISE_BEZIER_KNOTS.);
#8894 = CARTESIAN_POINT('',(-37.,-72.5));
#8895 = CARTESIAN_POINT('',(37.,-72.5));
#8896 = ( GEOMETRIC_REPRESENTATION_CONTEXT(2) 
PARAMETRIC_REPRESENTATION_CONTEXT() REPRESENTATION_CONTEXT('2D SPACE',''
  ) );
#8897 = PCURVE('',#8502,#8898);
#8898 = DEFINITIONAL_REPRESENTATION('',(#8899),#8902);
#8899 = B_SPLINE_CURVE_WITH_KNOTS('',1,(#8900,#8901),.UNSPECIFIED.,.F.,
  .F.,(2,2),(-17.,57.),.PIECEWISE_BEZIER_KNOTS.);
#8900 = CARTESIAN_POINT('',(26.,3.));
#8901 = CARTESIAN_POINT('',(26.,77.));
#8902 = ( GEOMETRIC_REPRESENTATION_CONTEXT(2) 
PARAMETRIC_REPRESENTATION_CONTEXT() REPRESENTATION_CONTEXT('2D SPACE',''
  ) );
#8903 = ORIENTED_EDGE('',*,*,#8904,.T.);
#8904 = EDGE_CURVE('',#8884,#8905,#8907,.T.);
#8905 = VERTEX_POINT('',#8906);
#8906 = CARTESIAN_POINT('',(40.,-69.5,11.));
#8907 = SURFACE_CURVE('',#8908,(#8913,#8920),.PCURVE_S1.);
#8908 = CIRCLE('',#8909,3.);
#8909 = AXIS2_PLACEMENT_3D('',#8910,#8911,#8912);
#8910 = CARTESIAN_POINT('',(37.,-69.5,11.));
#8911 = DIRECTION('',(0.,0.,1.));
#8912 = DIRECTION('',(1.,0.,-0.));
#8913 = PCURVE('',#8393,#8914);
#8914 = DEFINITIONAL_REPRESENTATION('',(#8915),#8919);
#8915 = CIRCLE('',#8916,3.);
#8916 = AXIS2_PLACEMENT_2D('',#8917,#8918);
#8917 = CARTESIAN_POINT('',(37.,-69.5));
#8918 = DIRECTION('',(1.,0.));
#8919 = ( GEOMETRIC_REPRESENTATION_CONTEXT(2) 
PARAMETRIC_REPRESENTATION_CONTEXT() REPRESENTATION_CONTEXT('2D SPACE',''
  ) );
#8920 = PCURVE('',#8921,#8926);
#8921 = CYLINDRICAL_SURFACE('',#8922,3.);
#8922 = AXIS2_PLACEMENT_3D('',#8923,#8924,#8925);
#8923 = CARTESIAN_POINT('',(37.,-69.5,-15.));
#8924 = DIRECTION('',(0.,0.,1.));
#8925 = DIRECTION('',(1.,0.,-0.));
#8926 = DEFINITIONAL_REPRESENTATION('',(#8927),#8931);
#8927 = LINE('',#8928,#8929);
#8928 = CARTESIAN_POINT('',(-6.28318530718,26.));
#8929 = VECTOR('',#8930,1.);
#8930 = DIRECTION('',(1.,-0.));
#8931 = ( GEOMETRIC_REPRESENTATION_CONTEXT(2) 
PARAMETRIC_REPRESENTATION_CONTEXT() REPRESENTATION_CONTEXT('2D SPACE',''
  ) );
#8932 = ORIENTED_EDGE('',*,*,#8933,.F.);
#8933 = EDGE_CURVE('',#8934,#8905,#8936,.T.);
#8934 = VERTEX_POINT('',#8935);
#8935 = CARTESIAN_POINT('',(40.,69.5,11.));
#8936 = SURFACE_CURVE('',#8937,(#8941,#8947),.PCURVE_S1.);
#8937 = LINE('',#8938,#8939);
#8938 = CARTESIAN_POINT('',(40.,-36.25,11.));
#8939 = VECTOR('',#8940,1.);
#8940 = DIRECTION('',(0.,-1.,0.));
#8941 = PCURVE('',#8393,#8942);
#8942 = DEFINITIONAL_REPRESENTATION('',(#8943),#8946);
#8943 = B_SPLINE_CURVE_WITH_KNOTS('',1,(#8944,#8945),.UNSPECIFIED.,.F.,
  .F.,(2,2),(-105.75,33.25),.PIECEWISE_BEZIER_KNOTS.);
#8944 = CARTESIAN_POINT('',(40.,69.5));
#8945 = CARTESIAN_POINT('',(40.,-69.5));
#8946 = ( GEOMETRIC_REPRESENTATION_CONTEXT(2) 
PARAMETRIC_REPRESENTATION_CONTEXT() REPRESENTATION_CONTEXT('2D SPACE',''
  ) );
#8947 = PCURVE('',#8948,#8953);
#8948 = PLANE('',#8949);
#8949 = AXIS2_PLACEMENT_3D('',#8950,#8951,#8952);
#8950 = CARTESIAN_POINT('',(40.,-72.5,-15.));
#8951 = DIRECTION('',(1.,0.,0.));
#8952 = DIRECTION('',(0.,0.,1.));
#8953 = DEFINITIONAL_REPRESENTATION('',(#8954),#8957);
#8954 = B_SPLINE_CURVE_WITH_KNOTS('',1,(#8955,#8956),.UNSPECIFIED.,.F.,
  .F.,(2,2),(-105.75,33.25),.PIECEWISE_BEZIER_KNOTS.);
#8955 = CARTESIAN_POINT('',(26.,-142.));
#8956 = CARTESIAN_POINT('',(26.,-3.));
#8957 = ( GEOMETRIC_REPRESENTATION_CONTEXT(2) 
PARAMETRIC_REPRESENTATION_CONTEXT() REPRESENTATION_CONTEXT('2D SPACE',''
  ) );
#8958 = ORIENTED_EDGE('',*,*,#8959,.T.);
#8959 = EDGE_CURVE('',#8934,#8960,#8962,.T.);
#8960 = VERTEX_POINT('',#8961);
#8961 = CARTESIAN_POINT('',(37.,72.5,11.));
#8962 = SURFACE_CURVE('',#8963,(#8968,#8975),.PCURVE_S1.);
#8963 = CIRCLE('',#8964,3.);
#8964 = AXIS2_PLACEMENT_3D('',#8965,#8966,#8967);
#8965 = CARTESIAN_POINT('',(37.,69.5,11.));
#8966 = DIRECTION('',(0.,0.,1.));
#8967 = DIRECTION('',(1.,0.,-0.));
#8968 = PCURVE('',#8393,#8969);
#8969 = DEFINITIONAL_REPRESENTATION('',(#8970),#8974);
#8970 = CIRCLE('',#8971,3.);
#8971 = AXIS2_PLACEMENT_2D('',#8972,#8973);
#8972 = CARTESIAN_POINT('',(37.,69.5));
#8973 = DIRECTION('',(1.,0.));
#8974 = ( GEOMETRIC_REPRESENTATION_CONTEXT(2) 
PARAMETRIC_REPRESENTATION_CONTEXT() REPRESENTATION_CONTEXT('2D SPACE',''
  ) );
#8975 = PCURVE('',#8976,#8981);
#8976 = CYLINDRICAL_SURFACE('',#8977,3.);
#8977 = AXIS2_PLACEMENT_3D('',#8978,#8979,#8980);
#8978 = CARTESIAN_POINT('',(37.,69.5,-15.));
#8979 = DIRECTION('',(0.,0.,1.));
#8980 = DIRECTION('',(1.,0.,-0.));
#8981 = DEFINITIONAL_REPRESENTATION('',(#8982),#8986);
#8982 = LINE('',#8983,#8984);
#8983 = CARTESIAN_POINT('',(0.,26.));
#8984 = VECTOR('',#8985,1.);
#8985 = DIRECTION('',(1.,0.));
#8986 = ( GEOMETRIC_REPRESENTATION_CONTEXT(2) 
PARAMETRIC_REPRESENTATION_CONTEXT() REPRESENTATION_CONTEXT('2D SPACE',''
  ) );
#8987 = ORIENTED_EDGE('',*,*,#8988,.F.);
#8988 = EDGE_CURVE('',#8806,#8960,#8989,.T.);
#8989 = SURFACE_CURVE('',#8990,(#8994,#9000),.PCURVE_S1.);
#8990 = LINE('',#8991,#8992);
#8991 = CARTESIAN_POINT('',(-20.,72.5,11.));
#8992 = VECTOR('',#8993,1.);
#8993 = DIRECTION('',(1.,0.,0.));
#8994 = PCURVE('',#8393,#8995);
#8995 = DEFINITIONAL_REPRESENTATION('',(#8996),#8999);
#8996 = B_SPLINE_CURVE_WITH_KNOTS('',1,(#8997,#8998),.UNSPECIFIED.,.F.,
  .F.,(2,2),(-17.,57.),.PIECEWISE_BEZIER_KNOTS.);
#8997 = CARTESIAN_POINT('',(-37.,72.5));
#8998 = CARTESIAN_POINT('',(37.,72.5));
#8999 = ( GEOMETRIC_REPRESENTATION_CONTEXT(2) 
PARAMETRIC_REPRESENTATION_CONTEXT() REPRESENTATION_CONTEXT('2D SPACE',''
  ) );
#9000 = PCURVE('',#8845,#9001);
#9001 = DEFINITIONAL_REPRESENTATION('',(#9002),#9005);
#9002 = B_SPLINE_CURVE_WITH_KNOTS('',1,(#9003,#9004),.UNSPECIFIED.,.F.,
  .F.,(2,2),(-17.,57.),.PIECEWISE_BEZIER_KNOTS.);
#9003 = CARTESIAN_POINT('',(26.,3.));
#9004 = CARTESIAN_POINT('',(26.,77.));
#9005 = ( GEOMETRIC_REPRESENTATION_CONTEXT(2) 
PARAMETRIC_REPRESENTATION_CONTEXT() REPRESENTATION_CONTEXT('2D SPACE',''
  ) );
#9006 = FACE_BOUND('',#9007,.F.);
#9007 = EDGE_LOOP('',(#9008,#9039,#9067,#9096,#9124,#9153,#9181,#9210));
#9008 = ORIENTED_EDGE('',*,*,#9009,.F.);
#9009 = EDGE_CURVE('',#9010,#9012,#9014,.T.);
#9010 = VERTEX_POINT('',#9011);
#9011 = CARTESIAN_POINT('',(-37.,70.5,11.));
#9012 = VERTEX_POINT('',#9013);
#9013 = CARTESIAN_POINT('',(-38.,69.5,11.));
#9014 = SURFACE_CURVE('',#9015,(#9020,#9027),.PCURVE_S1.);
#9015 = CIRCLE('',#9016,1.);
#9016 = AXIS2_PLACEMENT_3D('',#9017,#9018,#9019);
#9017 = CARTESIAN_POINT('',(-37.,69.5,11.));
#9018 = DIRECTION('',(0.,0.,1.));
#9019 = DIRECTION('',(-1.,-2.449293598295E-16,0.));
#9020 = PCURVE('',#8393,#9021);
#9021 = DEFINITIONAL_REPRESENTATION('',(#9022),#9026);
#9022 = CIRCLE('',#9023,1.);
#9023 = AXIS2_PLACEMENT_2D('',#9024,#9025);
#9024 = CARTESIAN_POINT('',(-37.,69.5));
#9025 = DIRECTION('',(-1.,-2.449293598295E-16));
#9026 = ( GEOMETRIC_REPRESENTATION_CONTEXT(2) 
PARAMETRIC_REPRESENTATION_CONTEXT() REPRESENTATION_CONTEXT('2D SPACE',''
  ) );
#9027 = PCURVE('',#9028,#9033);
#9028 = CYLINDRICAL_SURFACE('',#9029,1.);
#9029 = AXIS2_PLACEMENT_3D('',#9030,#9031,#9032);
#9030 = CARTESIAN_POINT('',(-37.,69.5,-15.));
#9031 = DIRECTION('',(0.,0.,1.));
#9032 = DIRECTION('',(-1.,-0.,0.));
#9033 = DEFINITIONAL_REPRESENTATION('',(#9034),#9038);
#9034 = LINE('',#9035,#9036);
#9035 = CARTESIAN_POINT('',(-6.28318530718,26.));
#9036 = VECTOR('',#9037,1.);
#9037 = DIRECTION('',(1.,-0.));
#9038 = ( GEOMETRIC_REPRESENTATION_CONTEXT(2) 
PARAMETRIC_REPRESENTATION_CONTEXT() REPRESENTATION_CONTEXT('2D SPACE',''
  ) );
#9039 = ORIENTED_EDGE('',*,*,#9040,.T.);
#9040 = EDGE_CURVE('',#9010,#9041,#9043,.T.);
#9041 = VERTEX_POINT('',#9042);
#9042 = CARTESIAN_POINT('',(37.,70.5,11.));
#9043 = SURFACE_CURVE('',#9044,(#9048,#9055),.PCURVE_S1.);
#9044 = LINE('',#9045,#9046);
#9045 = CARTESIAN_POINT('',(-20.,70.5,11.));
#9046 = VECTOR('',#9047,1.);
#9047 = DIRECTION('',(1.,0.,0.));
#9048 = PCURVE('',#8393,#9049);
#9049 = DEFINITIONAL_REPRESENTATION('',(#9050),#9054);
#9050 = LINE('',#9051,#9052);
#9051 = CARTESIAN_POINT('',(-20.,70.5));
#9052 = VECTOR('',#9053,1.);
#9053 = DIRECTION('',(1.,0.));
#9054 = ( GEOMETRIC_REPRESENTATION_CONTEXT(2) 
PARAMETRIC_REPRESENTATION_CONTEXT() REPRESENTATION_CONTEXT('2D SPACE',''
  ) );
#9055 = PCURVE('',#9056,#9061);
#9056 = PLANE('',#9057);
#9057 = AXIS2_PLACEMENT_3D('',#9058,#9059,#9060);
#9058 = CARTESIAN_POINT('',(-40.,70.5,-15.));
#9059 = DIRECTION('',(0.,1.,0.));
#9060 = DIRECTION('',(0.,0.,1.));
#9061 = DEFINITIONAL_REPRESENTATION('',(#9062),#9066);
#9062 = LINE('',#9063,#9064);
#9063 = CARTESIAN_POINT('',(26.,20.));
#9064 = VECTOR('',#9065,1.);
#9065 = DIRECTION('',(0.,1.));
#9066 = ( GEOMETRIC_REPRESENTATION_CONTEXT(2) 
PARAMETRIC_REPRESENTATION_CONTEXT() REPRESENTATION_CONTEXT('2D SPACE',''
  ) );
#9067 = ORIENTED_EDGE('',*,*,#9068,.F.);
#9068 = EDGE_CURVE('',#9069,#9041,#9071,.T.);
#9069 = VERTEX_POINT('',#9070);
#9070 = CARTESIAN_POINT('',(38.,69.5,11.));
#9071 = SURFACE_CURVE('',#9072,(#9077,#9084),.PCURVE_S1.);
#9072 = CIRCLE('',#9073,1.);
#9073 = AXIS2_PLACEMENT_3D('',#9074,#9075,#9076);
#9074 = CARTESIAN_POINT('',(37.,69.5,11.));
#9075 = DIRECTION('',(0.,0.,1.));
#9076 = DIRECTION('',(1.,0.,0.));
#9077 = PCURVE('',#8393,#9078);
#9078 = DEFINITIONAL_REPRESENTATION('',(#9079),#9083);
#9079 = CIRCLE('',#9080,1.);
#9080 = AXIS2_PLACEMENT_2D('',#9081,#9082);
#9081 = CARTESIAN_POINT('',(37.,69.5));
#9082 = DIRECTION('',(1.,0.));
#9083 = ( GEOMETRIC_REPRESENTATION_CONTEXT(2) 
PARAMETRIC_REPRESENTATION_CONTEXT() REPRESENTATION_CONTEXT('2D SPACE',''
  ) );
#9084 = PCURVE('',#9085,#9090);
#9085 = CYLINDRICAL_SURFACE('',#9086,1.);
#9086 = AXIS2_PLACEMENT_3D('',#9087,#9088,#9089);
#9087 = CARTESIAN_POINT('',(37.,69.5,-15.));
#9088 = DIRECTION('',(0.,0.,1.));
#9089 = DIRECTION('',(1.,0.,-0.));
#9090 = DEFINITIONAL_REPRESENTATION('',(#9091),#9095);
#9091 = LINE('',#9092,#9093);
#9092 = CARTESIAN_POINT('',(0.,26.));
#9093 = VECTOR('',#9094,1.);
#9094 = DIRECTION('',(1.,0.));
#9095 = ( GEOMETRIC_REPRESENTATION_CONTEXT(2) 
PARAMETRIC_REPRESENTATION_CONTEXT() REPRESENTATION_CONTEXT('2D SPACE',''
  ) );
#9096 = ORIENTED_EDGE('',*,*,#9097,.T.);
#9097 = EDGE_CURVE('',#9069,#9098,#9100,.T.);
#9098 = VERTEX_POINT('',#9099);
#9099 = CARTESIAN_POINT('',(38.,-69.5,11.));
#9100 = SURFACE_CURVE('',#9101,(#9105,#9112),.PCURVE_S1.);
#9101 = LINE('',#9102,#9103);
#9102 = CARTESIAN_POINT('',(38.,-36.25,11.));
#9103 = VECTOR('',#9104,1.);
#9104 = DIRECTION('',(0.,-1.,0.));
#9105 = PCURVE('',#8393,#9106);
#9106 = DEFINITIONAL_REPRESENTATION('',(#9107),#9111);
#9107 = LINE('',#9108,#9109);
#9108 = CARTESIAN_POINT('',(38.,-36.25));
#9109 = VECTOR('',#9110,1.);
#9110 = DIRECTION('',(0.,-1.));
#9111 = ( GEOMETRIC_REPRESENTATION_CONTEXT(2) 
PARAMETRIC_REPRESENTATION_CONTEXT() REPRESENTATION_CONTEXT('2D SPACE',''
  ) );
#9112 = PCURVE('',#9113,#9118);
#9113 = PLANE('',#9114);
#9114 = AXIS2_PLACEMENT_3D('',#9115,#9116,#9117);
#9115 = CARTESIAN_POINT('',(38.,-72.5,-15.));
#9116 = DIRECTION('',(1.,0.,0.));
#9117 = DIRECTION('',(0.,0.,1.));
#9118 = DEFINITIONAL_REPRESENTATION('',(#9119),#9123);
#9119 = LINE('',#9120,#9121);
#9120 = CARTESIAN_POINT('',(26.,-36.25));
#9121 = VECTOR('',#9122,1.);
#9122 = DIRECTION('',(0.,1.));
#9123 = ( GEOMETRIC_REPRESENTATION_CONTEXT(2) 
PARAMETRIC_REPRESENTATION_CONTEXT() REPRESENTATION_CONTEXT('2D SPACE',''
  ) );
#9124 = ORIENTED_EDGE('',*,*,#9125,.F.);
#9125 = EDGE_CURVE('',#9126,#9098,#9128,.T.);
#9126 = VERTEX_POINT('',#9127);
#9127 = CARTESIAN_POINT('',(37.,-70.5,11.));
#9128 = SURFACE_CURVE('',#9129,(#9134,#9141),.PCURVE_S1.);
#9129 = CIRCLE('',#9130,1.);
#9130 = AXIS2_PLACEMENT_3D('',#9131,#9132,#9133);
#9131 = CARTESIAN_POINT('',(37.,-69.5,11.));
#9132 = DIRECTION('',(0.,-0.,1.));
#9133 = DIRECTION('',(1.,2.449293598295E-16,0.));
#9134 = PCURVE('',#8393,#9135);
#9135 = DEFINITIONAL_REPRESENTATION('',(#9136),#9140);
#9136 = CIRCLE('',#9137,1.);
#9137 = AXIS2_PLACEMENT_2D('',#9138,#9139);
#9138 = CARTESIAN_POINT('',(37.,-69.5));
#9139 = DIRECTION('',(1.,2.449293598295E-16));
#9140 = ( GEOMETRIC_REPRESENTATION_CONTEXT(2) 
PARAMETRIC_REPRESENTATION_CONTEXT() REPRESENTATION_CONTEXT('2D SPACE',''
  ) );
#9141 = PCURVE('',#9142,#9147);
#9142 = CYLINDRICAL_SURFACE('',#9143,1.);
#9143 = AXIS2_PLACEMENT_3D('',#9144,#9145,#9146);
#9144 = CARTESIAN_POINT('',(37.,-69.5,-15.));
#9145 = DIRECTION('',(0.,0.,1.));
#9146 = DIRECTION('',(1.,0.,-0.));
#9147 = DEFINITIONAL_REPRESENTATION('',(#9148),#9152);
#9148 = LINE('',#9149,#9150);
#9149 = CARTESIAN_POINT('',(-6.28318530718,26.));
#9150 = VECTOR('',#9151,1.);
#9151 = DIRECTION('',(1.,-0.));
#9152 = ( GEOMETRIC_REPRESENTATION_CONTEXT(2) 
PARAMETRIC_REPRESENTATION_CONTEXT() REPRESENTATION_CONTEXT('2D SPACE',''
  ) );
#9153 = ORIENTED_EDGE('',*,*,#9154,.F.);
#9154 = EDGE_CURVE('',#9155,#9126,#9157,.T.);
#9155 = VERTEX_POINT('',#9156);
#9156 = CARTESIAN_POINT('',(-37.,-70.5,11.));
#9157 = SURFACE_CURVE('',#9158,(#9162,#9169),.PCURVE_S1.);
#9158 = LINE('',#9159,#9160);
#9159 = CARTESIAN_POINT('',(-20.,-70.5,11.));
#9160 = VECTOR('',#9161,1.);
#9161 = DIRECTION('',(1.,0.,0.));
#9162 = PCURVE('',#8393,#9163);
#9163 = DEFINITIONAL_REPRESENTATION('',(#9164),#9168);
#9164 = LINE('',#9165,#9166);
#9165 = CARTESIAN_POINT('',(-20.,-70.5));
#9166 = VECTOR('',#9167,1.);
#9167 = DIRECTION('',(1.,0.));
#9168 = ( GEOMETRIC_REPRESENTATION_CONTEXT(2) 
PARAMETRIC_REPRESENTATION_CONTEXT() REPRESENTATION_CONTEXT('2D SPACE',''
  ) );
#9169 = PCURVE('',#9170,#9175);
#9170 = PLANE('',#9171);
#9171 = AXIS2_PLACEMENT_3D('',#9172,#9173,#9174);
#9172 = CARTESIAN_POINT('',(-40.,-70.5,-15.));
#9173 = DIRECTION('',(0.,1.,0.));
#9174 = DIRECTION('',(0.,0.,1.));
#9175 = DEFINITIONAL_REPRESENTATION('',(#9176),#9180);
#9176 = LINE('',#9177,#9178);
#9177 = CARTESIAN_POINT('',(26.,20.));
#9178 = VECTOR('',#9179,1.);
#9179 = DIRECTION('',(0.,1.));
#9180 = ( GEOMETRIC_REPRESENTATION_CONTEXT(2) 
PARAMETRIC_REPRESENTATION_CONTEXT() REPRESENTATION_CONTEXT('2D SPACE',''
  ) );
#9181 = ORIENTED_EDGE('',*,*,#9182,.F.);
#9182 = EDGE_CURVE('',#9183,#9155,#9185,.T.);
#9183 = VERTEX_POINT('',#9184);
#9184 = CARTESIAN_POINT('',(-38.,-69.5,11.));
#9185 = SURFACE_CURVE('',#9186,(#9191,#9198),.PCURVE_S1.);
#9186 = CIRCLE('',#9187,1.);
#9187 = AXIS2_PLACEMENT_3D('',#9188,#9189,#9190);
#9188 = CARTESIAN_POINT('',(-37.,-69.5,11.));
#9189 = DIRECTION('',(0.,0.,1.));
#9190 = DIRECTION('',(-1.,0.,0.));
#9191 = PCURVE('',#8393,#9192);
#9192 = DEFINITIONAL_REPRESENTATION('',(#9193),#9197);
#9193 = CIRCLE('',#9194,1.);
#9194 = AXIS2_PLACEMENT_2D('',#9195,#9196);
#9195 = CARTESIAN_POINT('',(-37.,-69.5));
#9196 = DIRECTION('',(-1.,0.));
#9197 = ( GEOMETRIC_REPRESENTATION_CONTEXT(2) 
PARAMETRIC_REPRESENTATION_CONTEXT() REPRESENTATION_CONTEXT('2D SPACE',''
  ) );
#9198 = PCURVE('',#9199,#9204);
#9199 = CYLINDRICAL_SURFACE('',#9200,1.);
#9200 = AXIS2_PLACEMENT_3D('',#9201,#9202,#9203);
#9201 = CARTESIAN_POINT('',(-37.,-69.5,-15.));
#9202 = DIRECTION('',(0.,0.,1.));
#9203 = DIRECTION('',(-1.,-0.,0.));
#9204 = DEFINITIONAL_REPRESENTATION('',(#9205),#9209);
#9205 = LINE('',#9206,#9207);
#9206 = CARTESIAN_POINT('',(0.,26.));
#9207 = VECTOR('',#9208,1.);
#9208 = DIRECTION('',(1.,0.));
#9209 = ( GEOMETRIC_REPRESENTATION_CONTEXT(2) 
PARAMETRIC_REPRESENTATION_CONTEXT() REPRESENTATION_CONTEXT('2D SPACE',''
  ) );
#9210 = ORIENTED_EDGE('',*,*,#9211,.F.);
#9211 = EDGE_CURVE('',#9012,#9183,#9212,.T.);
#9212 = SURFACE_CURVE('',#9213,(#9217,#9224),.PCURVE_S1.);
#9213 = LINE('',#9214,#9215);
#9214 = CARTESIAN_POINT('',(-38.,-36.25,11.));
#9215 = VECTOR('',#9216,1.);
#9216 = DIRECTION('',(0.,-1.,0.));
#9217 = PCURVE('',#8393,#9218);
#9218 = DEFINITIONAL_REPRESENTATION('',(#9219),#9223);
#9219 = LINE('',#9220,#9221);
#9220 = CARTESIAN_POINT('',(-38.,-36.25));
#9221 = VECTOR('',#9222,1.);
#9222 = DIRECTION('',(0.,-1.));
#9223 = ( GEOMETRIC_REPRESENTATION_CONTEXT(2) 
PARAMETRIC_REPRESENTATION_CONTEXT() REPRESENTATION_CONTEXT('2D SPACE',''
  ) );
#9224 = PCURVE('',#9225,#9230);
#9225 = PLANE('',#9226);
#9226 = AXIS2_PLACEMENT_3D('',#9227,#9228,#9229);
#9227 = CARTESIAN_POINT('',(-38.,-72.5,-15.));
#9228 = DIRECTION('',(1.,0.,0.));
#9229 = DIRECTION('',(0.,0.,1.));
#9230 = DEFINITIONAL_REPRESENTATION('',(#9231),#9235);
#9231 = LINE('',#9232,#9233);
#9232 = CARTESIAN_POINT('',(26.,-36.25));
#9233 = VECTOR('',#9234,1.);
#9234 = DIRECTION('',(0.,1.));
#9235 = ( GEOMETRIC_REPRESENTATION_CONTEXT(2) 
PARAMETRIC_REPRESENTATION_CONTEXT() REPRESENTATION_CONTEXT('2D SPACE',''
  ) );
#9236 = ADVANCED_FACE('',(#9237),#8529,.T.);
#9237 = FACE_BOUND('',#9238,.F.);
#9238 = EDGE_LOOP('',(#9239,#9240,#9265));
#9239 = ORIENTED_EDGE('',*,*,#8544,.F.);
#9240 = ORIENTED_EDGE('',*,*,#9241,.T.);
#9241 = EDGE_CURVE('',#8545,#8487,#9242,.T.);
#9242 = SURFACE_CURVE('',#9243,(#9248,#9254),.PCURVE_S1.);
#9243 = CIRCLE('',#9244,3.);
#9244 = AXIS2_PLACEMENT_3D('',#9245,#9246,#9247);
#9245 = CARTESIAN_POINT('',(-37.,-69.5,12.));
#9246 = DIRECTION('',(1.,-6.123233995737E-17,0.));
#9247 = DIRECTION('',(-6.123233995737E-17,-1.,0.));
#9248 = PCURVE('',#8529,#9249);
#9249 = DEFINITIONAL_REPRESENTATION('',(#9250),#9253);
#9250 = B_SPLINE_CURVE_WITH_KNOTS('',1,(#9251,#9252),.UNSPECIFIED.,.F.,
  .F.,(2,2),(4.712388980385,6.28318530718),.PIECEWISE_BEZIER_KNOTS.);
#9251 = CARTESIAN_POINT('',(-1.570796326795,-1.570796326795));
#9252 = CARTESIAN_POINT('',(-1.570796326795,0.));
#9253 = ( GEOMETRIC_REPRESENTATION_CONTEXT(2) 
PARAMETRIC_REPRESENTATION_CONTEXT() REPRESENTATION_CONTEXT('2D SPACE',''
  ) );
#9254 = PCURVE('',#9255,#9260);
#9255 = CYLINDRICAL_SURFACE('',#9256,3.);
#9256 = AXIS2_PLACEMENT_3D('',#9257,#9258,#9259);
#9257 = CARTESIAN_POINT('',(-40.,-69.5,12.));
#9258 = DIRECTION('',(1.,0.,0.));
#9259 = DIRECTION('',(0.,-1.,0.));
#9260 = DEFINITIONAL_REPRESENTATION('',(#9261),#9264);
#9261 = B_SPLINE_CURVE_WITH_KNOTS('',1,(#9262,#9263),.UNSPECIFIED.,.F.,
  .F.,(2,2),(4.712388980385,6.28318530718),.PIECEWISE_BEZIER_KNOTS.);
#9262 = CARTESIAN_POINT('',(-1.570796326795,3.));
#9263 = CARTESIAN_POINT('',(0.,3.));
#9264 = ( GEOMETRIC_REPRESENTATION_CONTEXT(2) 
PARAMETRIC_REPRESENTATION_CONTEXT() REPRESENTATION_CONTEXT('2D SPACE',''
  ) );
#9265 = ORIENTED_EDGE('',*,*,#8514,.F.);
#9266 = ADVANCED_FACE('',(#9267),#8502,.F.);
#9267 = FACE_BOUND('',#9268,.F.);
#9268 = EDGE_LOOP('',(#9269,#9270,#9271,#9294));
#9269 = ORIENTED_EDGE('',*,*,#8883,.F.);
#9270 = ORIENTED_EDGE('',*,*,#8486,.T.);
#9271 = ORIENTED_EDGE('',*,*,#9272,.T.);
#9272 = EDGE_CURVE('',#8487,#9273,#9275,.T.);
#9273 = VERTEX_POINT('',#9274);
#9274 = CARTESIAN_POINT('',(37.,-72.5,12.));
#9275 = SURFACE_CURVE('',#9276,(#9280,#9287),.PCURVE_S1.);
#9276 = LINE('',#9277,#9278);
#9277 = CARTESIAN_POINT('',(-40.,-72.5,12.));
#9278 = VECTOR('',#9279,1.);
#9279 = DIRECTION('',(1.,0.,0.));
#9280 = PCURVE('',#8502,#9281);
#9281 = DEFINITIONAL_REPRESENTATION('',(#9282),#9286);
#9282 = LINE('',#9283,#9284);
#9283 = CARTESIAN_POINT('',(27.,0.));
#9284 = VECTOR('',#9285,1.);
#9285 = DIRECTION('',(0.,1.));
#9286 = ( GEOMETRIC_REPRESENTATION_CONTEXT(2) 
PARAMETRIC_REPRESENTATION_CONTEXT() REPRESENTATION_CONTEXT('2D SPACE',''
  ) );
#9287 = PCURVE('',#9255,#9288);
#9288 = DEFINITIONAL_REPRESENTATION('',(#9289),#9293);
#9289 = LINE('',#9290,#9291);
#9290 = CARTESIAN_POINT('',(-0.,0.));
#9291 = VECTOR('',#9292,1.);
#9292 = DIRECTION('',(-0.,1.));
#9293 = ( GEOMETRIC_REPRESENTATION_CONTEXT(2) 
PARAMETRIC_REPRESENTATION_CONTEXT() REPRESENTATION_CONTEXT('2D SPACE',''
  ) );
#9294 = ORIENTED_EDGE('',*,*,#9295,.F.);
#9295 = EDGE_CURVE('',#8884,#9273,#9296,.T.);
#9296 = SURFACE_CURVE('',#9297,(#9301,#9308),.PCURVE_S1.);
#9297 = LINE('',#9298,#9299);
#9298 = CARTESIAN_POINT('',(37.,-72.5,-15.));
#9299 = VECTOR('',#9300,1.);
#9300 = DIRECTION('',(0.,0.,1.));
#9301 = PCURVE('',#8502,#9302);
#9302 = DEFINITIONAL_REPRESENTATION('',(#9303),#9307);
#9303 = LINE('',#9304,#9305);
#9304 = CARTESIAN_POINT('',(0.,77.));
#9305 = VECTOR('',#9306,1.);
#9306 = DIRECTION('',(1.,0.));
#9307 = ( GEOMETRIC_REPRESENTATION_CONTEXT(2) 
PARAMETRIC_REPRESENTATION_CONTEXT() REPRESENTATION_CONTEXT('2D SPACE',''
  ) );
#9308 = PCURVE('',#8921,#9309);
#9309 = DEFINITIONAL_REPRESENTATION('',(#9310),#9314);
#9310 = LINE('',#9311,#9312);
#9311 = CARTESIAN_POINT('',(-1.570796326795,0.));
#9312 = VECTOR('',#9313,1.);
#9313 = DIRECTION('',(-0.,1.));
#9314 = ( GEOMETRIC_REPRESENTATION_CONTEXT(2) 
PARAMETRIC_REPRESENTATION_CONTEXT() REPRESENTATION_CONTEXT('2D SPACE',''
  ) );
#9315 = ADVANCED_FACE('',(#9316),#8788,.T.);
#9316 = FACE_BOUND('',#9317,.F.);
#9317 = EDGE_LOOP('',(#9318,#9319,#9344));
#9318 = ORIENTED_EDGE('',*,*,#8857,.F.);
#9319 = ORIENTED_EDGE('',*,*,#9320,.T.);
#9320 = EDGE_CURVE('',#8830,#8746,#9321,.T.);
#9321 = SURFACE_CURVE('',#9322,(#9327,#9333),.PCURVE_S1.);
#9322 = CIRCLE('',#9323,3.);
#9323 = AXIS2_PLACEMENT_3D('',#9324,#9325,#9326);
#9324 = CARTESIAN_POINT('',(-37.,69.5,12.));
#9325 = DIRECTION('',(1.,0.,6.123233995737E-17));
#9326 = DIRECTION('',(-6.123233995737E-17,0.,1.));
#9327 = PCURVE('',#8788,#9328);
#9328 = DEFINITIONAL_REPRESENTATION('',(#9329),#9332);
#9329 = B_SPLINE_CURVE_WITH_KNOTS('',1,(#9330,#9331),.UNSPECIFIED.,.F.,
  .F.,(2,2),(4.712388980385,6.28318530718),.PIECEWISE_BEZIER_KNOTS.);
#9330 = CARTESIAN_POINT('',(-1.570796326795,-1.570796326795));
#9331 = CARTESIAN_POINT('',(-1.570796326795,0.));
#9332 = ( GEOMETRIC_REPRESENTATION_CONTEXT(2) 
PARAMETRIC_REPRESENTATION_CONTEXT() REPRESENTATION_CONTEXT('2D SPACE',''
  ) );
#9333 = PCURVE('',#9334,#9339);
#9334 = CYLINDRICAL_SURFACE('',#9335,3.);
#9335 = AXIS2_PLACEMENT_3D('',#9336,#9337,#9338);
#9336 = CARTESIAN_POINT('',(-40.,69.5,12.));
#9337 = DIRECTION('',(1.,0.,0.));
#9338 = DIRECTION('',(-0.,1.,0.));
#9339 = DEFINITIONAL_REPRESENTATION('',(#9340),#9343);
#9340 = B_SPLINE_CURVE_WITH_KNOTS('',1,(#9341,#9342),.UNSPECIFIED.,.F.,
  .F.,(2,2),(4.712388980385,6.28318530718),.PIECEWISE_BEZIER_KNOTS.);
#9341 = CARTESIAN_POINT('',(0.,3.));
#9342 = CARTESIAN_POINT('',(1.570796326795,3.));
#9343 = ( GEOMETRIC_REPRESENTATION_CONTEXT(2) 
PARAMETRIC_REPRESENTATION_CONTEXT() REPRESENTATION_CONTEXT('2D SPACE',''
  ) );
#9344 = ORIENTED_EDGE('',*,*,#8773,.F.);
#9345 = ADVANCED_FACE('',(#9346),#8761,.T.);
#9346 = FACE_BOUND('',#9347,.T.);
#9347 = EDGE_LOOP('',(#9348,#9349,#9373,#9397,#9420,#9449,#9477,#9506));
#9348 = ORIENTED_EDGE('',*,*,#8745,.F.);
#9349 = ORIENTED_EDGE('',*,*,#9350,.F.);
#9350 = EDGE_CURVE('',#9351,#8595,#9353,.T.);
#9351 = VERTEX_POINT('',#9352);
#9352 = CARTESIAN_POINT('',(-33.5,-68.,15.));
#9353 = SURFACE_CURVE('',#9354,(#9359,#9366),.PCURVE_S1.);
#9354 = CIRCLE('',#9355,2.);
#9355 = AXIS2_PLACEMENT_3D('',#9356,#9357,#9358);
#9356 = CARTESIAN_POINT('',(-35.5,-68.,15.));
#9357 = DIRECTION('',(0.,0.,1.));
#9358 = DIRECTION('',(1.,0.,0.));
#9359 = PCURVE('',#8761,#9360);
#9360 = DEFINITIONAL_REPRESENTATION('',(#9361),#9365);
#9361 = CIRCLE('',#9362,2.);
#9362 = AXIS2_PLACEMENT_2D('',#9363,#9364);
#9363 = CARTESIAN_POINT('',(4.5,4.5));
#9364 = DIRECTION('',(1.,0.));
#9365 = ( GEOMETRIC_REPRESENTATION_CONTEXT(2) 
PARAMETRIC_REPRESENTATION_CONTEXT() REPRESENTATION_CONTEXT('2D SPACE',''
  ) );
#9366 = PCURVE('',#8692,#9367);
#9367 = DEFINITIONAL_REPRESENTATION('',(#9368),#9372);
#9368 = LINE('',#9369,#9370);
#9369 = CARTESIAN_POINT('',(0.,0.8));
#9370 = VECTOR('',#9371,1.);
#9371 = DIRECTION('',(1.,0.));
#9372 = ( GEOMETRIC_REPRESENTATION_CONTEXT(2) 
PARAMETRIC_REPRESENTATION_CONTEXT() REPRESENTATION_CONTEXT('2D SPACE',''
  ) );
#9373 = ORIENTED_EDGE('',*,*,#9374,.F.);
#9374 = EDGE_CURVE('',#9375,#9351,#9377,.T.);
#9375 = VERTEX_POINT('',#9376);
#9376 = CARTESIAN_POINT('',(-34.17712434446,-69.5,15.));
#9377 = SURFACE_CURVE('',#9378,(#9383,#9390),.PCURVE_S1.);
#9378 = CIRCLE('',#9379,2.);
#9379 = AXIS2_PLACEMENT_3D('',#9380,#9381,#9382);
#9380 = CARTESIAN_POINT('',(-35.5,-68.,15.));
#9381 = DIRECTION('',(0.,0.,1.));
#9382 = DIRECTION('',(1.,0.,0.));
#9383 = PCURVE('',#8761,#9384);
#9384 = DEFINITIONAL_REPRESENTATION('',(#9385),#9389);
#9385 = CIRCLE('',#9386,2.);
#9386 = AXIS2_PLACEMENT_2D('',#9387,#9388);
#9387 = CARTESIAN_POINT('',(4.5,4.5));
#9388 = DIRECTION('',(1.,0.));
#9389 = ( GEOMETRIC_REPRESENTATION_CONTEXT(2) 
PARAMETRIC_REPRESENTATION_CONTEXT() REPRESENTATION_CONTEXT('2D SPACE',''
  ) );
#9390 = PCURVE('',#8692,#9391);
#9391 = DEFINITIONAL_REPRESENTATION('',(#9392),#9396);
#9392 = LINE('',#9393,#9394);
#9393 = CARTESIAN_POINT('',(0.,0.8));
#9394 = VECTOR('',#9395,1.);
#9395 = DIRECTION('',(1.,0.));
#9396 = ( GEOMETRIC_REPRESENTATION_CONTEXT(2) 
PARAMETRIC_REPRESENTATION_CONTEXT() REPRESENTATION_CONTEXT('2D SPACE',''
  ) );
#9397 = ORIENTED_EDGE('',*,*,#9398,.T.);
#9398 = EDGE_CURVE('',#9375,#9399,#9401,.T.);
#9399 = VERTEX_POINT('',#9400);
#9400 = CARTESIAN_POINT('',(34.177124344468,-69.5,15.));
#9401 = SURFACE_CURVE('',#9402,(#9406,#9413),.PCURVE_S1.);
#9402 = LINE('',#9403,#9404);
#9403 = CARTESIAN_POINT('',(-40.,-69.5,15.));
#9404 = VECTOR('',#9405,1.);
#9405 = DIRECTION('',(1.,0.,0.));
#9406 = PCURVE('',#8761,#9407);
#9407 = DEFINITIONAL_REPRESENTATION('',(#9408),#9412);
#9408 = LINE('',#9409,#9410);
#9409 = CARTESIAN_POINT('',(0.,3.));
#9410 = VECTOR('',#9411,1.);
#9411 = DIRECTION('',(1.,0.));
#9412 = ( GEOMETRIC_REPRESENTATION_CONTEXT(2) 
PARAMETRIC_REPRESENTATION_CONTEXT() REPRESENTATION_CONTEXT('2D SPACE',''
  ) );
#9413 = PCURVE('',#9255,#9414);
#9414 = DEFINITIONAL_REPRESENTATION('',(#9415),#9419);
#9415 = LINE('',#9416,#9417);
#9416 = CARTESIAN_POINT('',(-1.570796326795,0.));
#9417 = VECTOR('',#9418,1.);
#9418 = DIRECTION('',(-0.,1.));
#9419 = ( GEOMETRIC_REPRESENTATION_CONTEXT(2) 
PARAMETRIC_REPRESENTATION_CONTEXT() REPRESENTATION_CONTEXT('2D SPACE',''
  ) );
#9420 = ORIENTED_EDGE('',*,*,#9421,.F.);
#9421 = EDGE_CURVE('',#9422,#9399,#9424,.T.);
#9422 = VERTEX_POINT('',#9423);
#9423 = CARTESIAN_POINT('',(37.,-66.67712434446,15.));
#9424 = SURFACE_CURVE('',#9425,(#9430,#9437),.PCURVE_S1.);
#9425 = CIRCLE('',#9426,2.);
#9426 = AXIS2_PLACEMENT_3D('',#9427,#9428,#9429);
#9427 = CARTESIAN_POINT('',(35.5,-68.,15.));
#9428 = DIRECTION('',(0.,0.,1.));
#9429 = DIRECTION('',(1.,0.,0.));
#9430 = PCURVE('',#8761,#9431);
#9431 = DEFINITIONAL_REPRESENTATION('',(#9432),#9436);
#9432 = CIRCLE('',#9433,2.);
#9433 = AXIS2_PLACEMENT_2D('',#9434,#9435);
#9434 = CARTESIAN_POINT('',(75.5,4.5));
#9435 = DIRECTION('',(1.,0.));
#9436 = ( GEOMETRIC_REPRESENTATION_CONTEXT(2) 
PARAMETRIC_REPRESENTATION_CONTEXT() REPRESENTATION_CONTEXT('2D SPACE',''
  ) );
#9437 = PCURVE('',#9438,#9443);
#9438 = CONICAL_SURFACE('',#9439,1.2,0.785398163397);
#9439 = AXIS2_PLACEMENT_3D('',#9440,#9441,#9442);
#9440 = CARTESIAN_POINT('',(35.5,-68.,14.2));
#9441 = DIRECTION('',(0.,0.,1.));
#9442 = DIRECTION('',(1.,0.,0.));
#9443 = DEFINITIONAL_REPRESENTATION('',(#9444),#9448);
#9444 = LINE('',#9445,#9446);
#9445 = CARTESIAN_POINT('',(0.,0.8));
#9446 = VECTOR('',#9447,1.);
#9447 = DIRECTION('',(1.,0.));
#9448 = ( GEOMETRIC_REPRESENTATION_CONTEXT(2) 
PARAMETRIC_REPRESENTATION_CONTEXT() REPRESENTATION_CONTEXT('2D SPACE',''
  ) );
#9449 = ORIENTED_EDGE('',*,*,#9450,.T.);
#9450 = EDGE_CURVE('',#9422,#9451,#9453,.T.);
#9451 = VERTEX_POINT('',#9452);
#9452 = CARTESIAN_POINT('',(37.,66.677124344468,15.));
#9453 = SURFACE_CURVE('',#9454,(#9458,#9465),.PCURVE_S1.);
#9454 = LINE('',#9455,#9456);
#9455 = CARTESIAN_POINT('',(37.,-72.5,15.));
#9456 = VECTOR('',#9457,1.);
#9457 = DIRECTION('',(0.,1.,0.));
#9458 = PCURVE('',#8761,#9459);
#9459 = DEFINITIONAL_REPRESENTATION('',(#9460),#9464);
#9460 = LINE('',#9461,#9462);
#9461 = CARTESIAN_POINT('',(77.,0.));
#9462 = VECTOR('',#9463,1.);
#9463 = DIRECTION('',(0.,1.));
#9464 = ( GEOMETRIC_REPRESENTATION_CONTEXT(2) 
PARAMETRIC_REPRESENTATION_CONTEXT() REPRESENTATION_CONTEXT('2D SPACE',''
  ) );
#9465 = PCURVE('',#9466,#9471);
#9466 = CYLINDRICAL_SURFACE('',#9467,3.);
#9467 = AXIS2_PLACEMENT_3D('',#9468,#9469,#9470);
#9468 = CARTESIAN_POINT('',(37.,-72.5,12.));
#9469 = DIRECTION('',(0.,1.,0.));
#9470 = DIRECTION('',(1.,0.,-0.));
#9471 = DEFINITIONAL_REPRESENTATION('',(#9472),#9476);
#9472 = LINE('',#9473,#9474);
#9473 = CARTESIAN_POINT('',(-1.570796326795,0.));
#9474 = VECTOR('',#9475,1.);
#9475 = DIRECTION('',(-0.,1.));
#9476 = ( GEOMETRIC_REPRESENTATION_CONTEXT(2) 
PARAMETRIC_REPRESENTATION_CONTEXT() REPRESENTATION_CONTEXT('2D SPACE',''
  ) );
#9477 = ORIENTED_EDGE('',*,*,#9478,.F.);
#9478 = EDGE_CURVE('',#9479,#9451,#9481,.T.);
#9479 = VERTEX_POINT('',#9480);
#9480 = CARTESIAN_POINT('',(34.177124344468,69.5,15.));
#9481 = SURFACE_CURVE('',#9482,(#9487,#9494),.PCURVE_S1.);
#9482 = CIRCLE('',#9483,2.);
#9483 = AXIS2_PLACEMENT_3D('',#9484,#9485,#9486);
#9484 = CARTESIAN_POINT('',(35.5,68.,15.));
#9485 = DIRECTION('',(0.,0.,1.));
#9486 = DIRECTION('',(1.,0.,0.));
#9487 = PCURVE('',#8761,#9488);
#9488 = DEFINITIONAL_REPRESENTATION('',(#9489),#9493);
#9489 = CIRCLE('',#9490,2.);
#9490 = AXIS2_PLACEMENT_2D('',#9491,#9492);
#9491 = CARTESIAN_POINT('',(75.5,140.5));
#9492 = DIRECTION('',(1.,0.));
#9493 = ( GEOMETRIC_REPRESENTATION_CONTEXT(2) 
PARAMETRIC_REPRESENTATION_CONTEXT() REPRESENTATION_CONTEXT('2D SPACE',''
  ) );
#9494 = PCURVE('',#9495,#9500);
#9495 = CONICAL_SURFACE('',#9496,1.2,0.785398163397);
#9496 = AXIS2_PLACEMENT_3D('',#9497,#9498,#9499);
#9497 = CARTESIAN_POINT('',(35.5,68.,14.2));
#9498 = DIRECTION('',(0.,0.,1.));
#9499 = DIRECTION('',(1.,0.,0.));
#9500 = DEFINITIONAL_REPRESENTATION('',(#9501),#9505);
#9501 = LINE('',#9502,#9503);
#9502 = CARTESIAN_POINT('',(0.,0.8));
#9503 = VECTOR('',#9504,1.);
#9504 = DIRECTION('',(1.,0.));
#9505 = ( GEOMETRIC_REPRESENTATION_CONTEXT(2) 
PARAMETRIC_REPRESENTATION_CONTEXT() REPRESENTATION_CONTEXT('2D SPACE',''
  ) );
#9506 = ORIENTED_EDGE('',*,*,#9507,.F.);
#9507 = EDGE_CURVE('',#8746,#9479,#9508,.T.);
#9508 = SURFACE_CURVE('',#9509,(#9513,#9520),.PCURVE_S1.);
#9509 = LINE('',#9510,#9511);
#9510 = CARTESIAN_POINT('',(-40.,69.5,15.));
#9511 = VECTOR('',#9512,1.);
#9512 = DIRECTION('',(1.,0.,0.));
#9513 = PCURVE('',#8761,#9514);
#9514 = DEFINITIONAL_REPRESENTATION('',(#9515),#9519);
#9515 = LINE('',#9516,#9517);
#9516 = CARTESIAN_POINT('',(0.,142.));
#9517 = VECTOR('',#9518,1.);
#9518 = DIRECTION('',(1.,0.));
#9519 = ( GEOMETRIC_REPRESENTATION_CONTEXT(2) 
PARAMETRIC_REPRESENTATION_CONTEXT() REPRESENTATION_CONTEXT('2D SPACE',''
  ) );
#9520 = PCURVE('',#9334,#9521);
#9521 = DEFINITIONAL_REPRESENTATION('',(#9522),#9526);
#9522 = LINE('',#9523,#9524);
#9523 = CARTESIAN_POINT('',(1.570796326795,0.));
#9524 = VECTOR('',#9525,1.);
#9525 = DIRECTION('',(0.,1.));
#9526 = ( GEOMETRIC_REPRESENTATION_CONTEXT(2) 
PARAMETRIC_REPRESENTATION_CONTEXT() REPRESENTATION_CONTEXT('2D SPACE',''
  ) );
#9527 = ADVANCED_FACE('',(#9528),#8692,.F.);
#9528 = FACE_BOUND('',#9529,.F.);
#9529 = EDGE_LOOP('',(#9530,#9553,#9554,#9700,#9722,#9723,#9724,#9725));
#9530 = ORIENTED_EDGE('',*,*,#9531,.T.);
#9531 = EDGE_CURVE('',#9532,#9351,#9534,.T.);
#9532 = VERTEX_POINT('',#9533);
#9533 = CARTESIAN_POINT('',(-34.3,-68.,14.2));
#9534 = SEAM_CURVE('',#9535,(#9539,#9546),.PCURVE_S1.);
#9535 = LINE('',#9536,#9537);
#9536 = CARTESIAN_POINT('',(-34.3,-68.,14.2));
#9537 = VECTOR('',#9538,1.);
#9538 = DIRECTION('',(0.707106781187,-1.731912112471E-16,0.707106781187)
  );
#9539 = PCURVE('',#8692,#9540);
#9540 = DEFINITIONAL_REPRESENTATION('',(#9541),#9545);
#9541 = LINE('',#9542,#9543);
#9542 = CARTESIAN_POINT('',(6.28318530718,-0.));
#9543 = VECTOR('',#9544,1.);
#9544 = DIRECTION('',(0.,1.));
#9545 = ( GEOMETRIC_REPRESENTATION_CONTEXT(2) 
PARAMETRIC_REPRESENTATION_CONTEXT() REPRESENTATION_CONTEXT('2D SPACE',''
  ) );
#9546 = PCURVE('',#8692,#9547);
#9547 = DEFINITIONAL_REPRESENTATION('',(#9548),#9552);
#9548 = LINE('',#9549,#9550);
#9549 = CARTESIAN_POINT('',(0.,-0.));
#9550 = VECTOR('',#9551,1.);
#9551 = DIRECTION('',(0.,1.));
#9552 = ( GEOMETRIC_REPRESENTATION_CONTEXT(2) 
PARAMETRIC_REPRESENTATION_CONTEXT() REPRESENTATION_CONTEXT('2D SPACE',''
  ) );
#9553 = ORIENTED_EDGE('',*,*,#9374,.F.);
#9554 = ORIENTED_EDGE('',*,*,#9555,.T.);
#9555 = EDGE_CURVE('',#9375,#9556,#9558,.T.);
#9556 = VERTEX_POINT('',#9557);
#9557 = CARTESIAN_POINT('',(-36.82287565553,-69.5,15.));
#9558 = SURFACE_CURVE('',#9559,(#9604,#9652),.PCURVE_S1.);
#9559 = B_SPLINE_CURVE_WITH_KNOTS('',7,(#9560,#9561,#9562,#9563,#9564,
    #9565,#9566,#9567,#9568,#9569,#9570,#9571,#9572,#9573,#9574,#9575,
    #9576,#9577,#9578,#9579,#9580,#9581,#9582,#9583,#9584,#9585,#9586,
    #9587,#9588,#9589,#9590,#9591,#9592,#9593,#9594,#9595,#9596,#9597,
    #9598,#9599,#9600,#9601,#9602,#9603),.UNSPECIFIED.,.F.,.F.,(8,6,6,6,
    6,6,6,8),(0.,9.464759948962E-02,0.179514001345,0.299952367753,
    0.493846472691,0.820053965728,0.904971535951,1.),.UNSPECIFIED.);
#9560 = CARTESIAN_POINT('',(-34.17712434446,-69.5,15.));
#9561 = CARTESIAN_POINT('',(-34.20822096412,-69.52742464074,15.));
#9562 = CARTESIAN_POINT('',(-34.23994284322,-69.55367367906,
    14.999707522669));
#9563 = CARTESIAN_POINT('',(-34.27222171726,-69.57878276711,
    14.999167664173));
#9564 = CARTESIAN_POINT('',(-34.30499790113,-69.60278659262,
    14.998420250809));
#9565 = CARTESIAN_POINT('',(-34.33822006637,-69.62571886986,
    14.997500429298));
#9566 = CARTESIAN_POINT('',(-34.37184501831,-69.64761233063,
    14.996439257093));
#9567 = CARTESIAN_POINT('',(-34.43631703498,-69.68722663143,
    14.994210752982));
#9568 = CARTESIAN_POINT('',(-34.46709066088,-69.70514399284,
    14.993065772905));
#9569 = CARTESIAN_POINT('',(-34.49813199585,-69.72227312686,
    14.991849220652));
#9570 = CARTESIAN_POINT('',(-34.52941747469,-69.73863445381,
    14.990578804179));
#9571 = CARTESIAN_POINT('',(-34.56092618629,-69.75424671772,
    14.98927032229));
#9572 = CARTESIAN_POINT('',(-34.59263973779,-69.76912721706,
    14.987937915749));
#9573 = CARTESIAN_POINT('',(-34.66981646252,-69.8033940731,
    14.984687548821));
#9574 = CARTESIAN_POINT('',(-34.71546957582,-69.82205409444,
    14.982758318972));
#9575 = CARTESIAN_POINT('',(-34.76145569989,-69.83931782145,
    14.980842875547));
#9576 = CARTESIAN_POINT('',(-34.80773422188,-69.85522423271,
    14.978972005184));
#9577 = CARTESIAN_POINT('',(-34.85426927588,-69.86980651956,
    14.977171746843));
#9578 = CARTESIAN_POINT('',(-34.90102934379,-69.88309304224,
    14.975464104201));
#9579 = CARTESIAN_POINT('',(-35.02358390352,-69.91445166461,
    14.971297795359));
#9580 = CARTESIAN_POINT('',(-35.09968807055,-69.93049884175,
    14.969016400928));
#9581 = CARTESIAN_POINT('',(-35.17618409196,-69.94335156145,
    14.967101070139));
#9582 = CARTESIAN_POINT('',(-35.25296730099,-69.95307886126,
    14.965606595818));
#9583 = CARTESIAN_POINT('',(-35.32994122993,-69.95972619562,
    14.964568860491));
#9584 = CARTESIAN_POINT('',(-35.40701604219,-69.96331862209,
    14.964006773362));
#9585 = CARTESIAN_POINT('',(-35.61380698436,-69.96476558513,
    14.963780321593));
#9586 = CARTESIAN_POINT('',(-35.74329666356,-69.95703159822,
    14.964991296553));
#9587 = CARTESIAN_POINT('',(-35.87235539218,-69.94072081158,
    14.967551953995));
#9588 = CARTESIAN_POINT('',(-36.00064414052,-69.91566861468,
    14.971347273707));
#9589 = CARTESIAN_POINT('',(-36.12767652199,-69.88150295797,
    14.976111895394));
#9590 = CARTESIAN_POINT('',(-36.25282276597,-69.83772304035,
    14.981429351849));
#9591 = CARTESIAN_POINT('',(-36.40708239719,-69.76925567048,
    14.987926233618));
#9592 = CARTESIAN_POINT('',(-36.4387563524,-69.75440004633,
    14.989257065299));
#9593 = CARTESIAN_POINT('',(-36.47022611385,-69.7388146663,
    14.990564124417));
#9594 = CARTESIAN_POINT('',(-36.50147337351,-69.72248230665,
    14.99183333368));
#9595 = CARTESIAN_POINT('',(-36.53247731939,-69.70538430613,
    14.993048967423));
#9596 = CARTESIAN_POINT('',(-36.56321450064,-69.68750033696,
    14.994193402289));
#9597 = CARTESIAN_POINT('',(-36.62772778784,-69.64789039245,
    14.996425766691));
#9598 = CARTESIAN_POINT('',(-36.66142820333,-69.62596159694,
    14.997490683765));
#9599 = CARTESIAN_POINT('',(-36.69472449488,-69.60298985783,
    14.998413915128));
#9600 = CARTESIAN_POINT('',(-36.72757324249,-69.57894224267,
    14.999164231702));
#9601 = CARTESIAN_POINT('',(-36.75992282516,-69.55378482755,
    14.999706282868));
#9602 = CARTESIAN_POINT('',(-36.79171319568,-69.52748270633,15.));
#9603 = CARTESIAN_POINT('',(-36.82287565553,-69.5,15.));
#9604 = PCURVE('',#8692,#9605);
#9605 = DEFINITIONAL_REPRESENTATION('',(#9606),#9651);
#9606 = B_SPLINE_CURVE_WITH_KNOTS('',7,(#9607,#9608,#9609,#9610,#9611,
    #9612,#9613,#9614,#9615,#9616,#9617,#9618,#9619,#9620,#9621,#9622,
    #9623,#9624,#9625,#9626,#9627,#9628,#9629,#9630,#9631,#9632,#9633,
    #9634,#9635,#9636,#9637,#9638,#9639,#9640,#9641,#9642,#9643,#9644,
    #9645,#9646,#9647,#9648,#9649,#9650),.UNSPECIFIED.,.F.,.F.,(8,6,6,6,
    6,6,6,8),(0.,9.464759948962E-02,0.179514001345,0.299952367753,
    0.493846472691,0.820053965728,0.904971535951,1.),.UNSPECIFIED.);
#9607 = CARTESIAN_POINT('',(5.435123228198,0.8));
#9608 = CARTESIAN_POINT('',(5.414392148424,0.8));
#9609 = CARTESIAN_POINT('',(5.393815376732,0.799707522669));
#9610 = CARTESIAN_POINT('',(5.373379489842,0.799167664173));
#9611 = CARTESIAN_POINT('',(5.353072571034,0.798420250809));
#9612 = CARTESIAN_POINT('',(5.33288351298,0.797500429298));
#9613 = CARTESIAN_POINT('',(5.312801320578,0.796439257093));
#9614 = CARTESIAN_POINT('',(5.274893020397,0.794210752982));
#9615 = CARTESIAN_POINT('',(5.257049070699,0.793065772905));
#9616 = CARTESIAN_POINT('',(5.239274815702,0.791849220652));
#9617 = CARTESIAN_POINT('',(5.221563478468,0.790578804179));
#9618 = CARTESIAN_POINT('',(5.203908984219,0.78927032229));
#9619 = CARTESIAN_POINT('',(5.186305690454,0.787937915749));
#9620 = CARTESIAN_POINT('',(5.143831242894,0.784687548821));
#9621 = CARTESIAN_POINT('',(5.119007273764,0.782758318972));
#9622 = CARTESIAN_POINT('',(5.094260751224,0.780842875547));
#9623 = CARTESIAN_POINT('',(5.069579301893,0.778972005184));
#9624 = CARTESIAN_POINT('',(5.044952765301,0.777171746843));
#9625 = CARTESIAN_POINT('',(5.020372321726,0.775464104201));
#9626 = CARTESIAN_POINT('',(4.956318247358,0.771297795359));
#9627 = CARTESIAN_POINT('',(4.916907168595,0.769016400928));
#9628 = CARTESIAN_POINT('',(4.877562192083,0.767101070139));
#9629 = CARTESIAN_POINT('',(4.838261833044,0.765606595818));
#9630 = CARTESIAN_POINT('',(4.798991004038,0.764568860491));
#9631 = CARTESIAN_POINT('',(4.759736052003,0.764006773362));
#9632 = CARTESIAN_POINT('',(4.654438670836,0.763780321593));
#9633 = CARTESIAN_POINT('',(4.588528116309,0.764991296553));
#9634 = CARTESIAN_POINT('',(4.522578761477,0.767551953995));
#9635 = CARTESIAN_POINT('',(4.456500150481,0.771347273707));
#9636 = CARTESIAN_POINT('',(4.390188275085,0.776111895394));
#9637 = CARTESIAN_POINT('',(4.323518786968,0.781429351849));
#9638 = CARTESIAN_POINT('',(4.238626144842,0.787926233618));
#9639 = CARTESIAN_POINT('',(4.221046060808,0.789257065299));
#9640 = CARTESIAN_POINT('',(4.203414946353,0.790564124417));
#9641 = CARTESIAN_POINT('',(4.185727182743,0.79183333368));
#9642 = CARTESIAN_POINT('',(4.167976721914,0.793048967423));
#9643 = CARTESIAN_POINT('',(4.150156818593,0.794193402289));
#9644 = CARTESIAN_POINT('',(4.112231754641,0.796425766691));
#9645 = CARTESIAN_POINT('',(4.092108176277,0.797490683765));
#9646 = CARTESIAN_POINT('',(4.07187737107,0.798413915128));
#9647 = CARTESIAN_POINT('',(4.051528276078,0.799164231702));
#9648 = CARTESIAN_POINT('',(4.031049717386,0.799706282868));
#9649 = CARTESIAN_POINT('',(4.010429705804,0.8));
#9650 = CARTESIAN_POINT('',(3.989654732571,0.8));
#9651 = ( GEOMETRIC_REPRESENTATION_CONTEXT(2) 
PARAMETRIC_REPRESENTATION_CONTEXT() REPRESENTATION_CONTEXT('2D SPACE',''
  ) );
#9652 = PCURVE('',#9255,#9653);
#9653 = DEFINITIONAL_REPRESENTATION('',(#9654),#9699);
#9654 = B_SPLINE_CURVE_WITH_KNOTS('',7,(#9655,#9656,#9657,#9658,#9659,
    #9660,#9661,#9662,#9663,#9664,#9665,#9666,#9667,#9668,#9669,#9670,
    #9671,#9672,#9673,#9674,#9675,#9676,#9677,#9678,#9679,#9680,#9681,
    #9682,#9683,#9684,#9685,#9686,#9687,#9688,#9689,#9690,#9691,#9692,
    #9693,#9694,#9695,#9696,#9697,#9698),.UNSPECIFIED.,.F.,.F.,(8,6,6,6,
    6,6,6,8),(0.,9.464759948962E-02,0.179514001345,0.299952367753,
    0.493846472691,0.820053965728,0.904971535951,1.),.UNSPECIFIED.);
#9655 = CARTESIAN_POINT('',(-1.570796326795,5.822875655532));
#9656 = CARTESIAN_POINT('',(-1.561654779879,5.791779035871));
#9657 = CARTESIAN_POINT('',(-1.552905097425,5.760057156772));
#9658 = CARTESIAN_POINT('',(-1.544534159477,5.727778282739));
#9659 = CARTESIAN_POINT('',(-1.536529621624,5.695002098864));
#9660 = CARTESIAN_POINT('',(-1.528879815847,5.661779933626));
#9661 = CARTESIAN_POINT('',(-1.521573651388,5.628154981687));
#9662 = CARTESIAN_POINT('',(-1.508348006863,5.563682965017));
#9663 = CARTESIAN_POINT('',(-1.502363543699,5.53290933912));
#9664 = CARTESIAN_POINT('',(-1.496639671624,5.501868004144));
#9665 = CARTESIAN_POINT('',(-1.49116967635,5.470582525302));
#9666 = CARTESIAN_POINT('',(-1.485947480384,5.439073813708));
#9667 = CARTESIAN_POINT('',(-1.48096753963,5.40736026221));
#9668 = CARTESIAN_POINT('',(-1.469493984007,5.330183537471));
#9669 = CARTESIAN_POINT('',(-1.463241041912,5.284530424173));
#9670 = CARTESIAN_POINT('',(-1.457451397247,5.23854430011));
#9671 = CARTESIAN_POINT('',(-1.452112886636,5.192265778114));
#9672 = CARTESIAN_POINT('',(-1.447215318639,5.145730724118));
#9673 = CARTESIAN_POINT('',(-1.442750092612,5.098970656203));
#9674 = CARTESIAN_POINT('',(-1.43220536604,4.976416096473));
#9675 = CARTESIAN_POINT('',(-1.426802744901,4.900311929443));
#9676 = CARTESIAN_POINT('',(-1.422471294076,4.823815908039));
#9677 = CARTESIAN_POINT('',(-1.419190824547,4.747032699001));
#9678 = CARTESIAN_POINT('',(-1.416948212452,4.67005877007));
#9679 = CARTESIAN_POINT('',(-1.415736166439,4.592983957802));
#9680 = CARTESIAN_POINT('',(-1.415247974484,4.386193015631));
#9681 = CARTESIAN_POINT('',(-1.417857308988,4.256703336439));
#9682 = CARTESIAN_POINT('',(-1.423361039125,4.127644607812));
#9683 = CARTESIAN_POINT('',(-1.431806638092,3.999355859471));
#9684 = CARTESIAN_POINT('',(-1.443304079995,3.872323478002));
#9685 = CARTESIAN_POINT('',(-1.457999570684,3.747177234025));
#9686 = CARTESIAN_POINT('',(-1.480924545445,3.592917602806));
#9687 = CARTESIAN_POINT('',(-1.485896181027,3.561243647593));
#9688 = CARTESIAN_POINT('',(-1.491109408095,3.529773886143));
#9689 = CARTESIAN_POINT('',(-1.496569746473,3.498526626489));
#9690 = CARTESIAN_POINT('',(-1.502283246339,3.467522680604));
#9691 = CARTESIAN_POINT('',(-1.508256590832,3.436785499355));
#9692 = CARTESIAN_POINT('',(-1.521480857898,3.372272212153));
#9693 = CARTESIAN_POINT('',(-1.528798846225,3.338571796661));
#9694 = CARTESIAN_POINT('',(-1.536461838888,3.305275505114));
#9695 = CARTESIAN_POINT('',(-1.54448099306,3.272426757502));
#9696 = CARTESIAN_POINT('',(-1.552868047909,3.240077174838));
#9697 = CARTESIAN_POINT('',(-1.561635424683,3.208286804317));
#9698 = CARTESIAN_POINT('',(-1.570796326795,3.177124344468));
#9699 = ( GEOMETRIC_REPRESENTATION_CONTEXT(2) 
PARAMETRIC_REPRESENTATION_CONTEXT() REPRESENTATION_CONTEXT('2D SPACE',''
  ) );
#9700 = ORIENTED_EDGE('',*,*,#9701,.F.);
#9701 = EDGE_CURVE('',#8567,#9556,#9702,.T.);
#9702 = SURFACE_CURVE('',#9703,(#9708,#9715),.PCURVE_S1.);
#9703 = CIRCLE('',#9704,2.);
#9704 = AXIS2_PLACEMENT_3D('',#9705,#9706,#9707);
#9705 = CARTESIAN_POINT('',(-35.5,-68.,15.));
#9706 = DIRECTION('',(0.,0.,1.));
#9707 = DIRECTION('',(1.,0.,0.));
#9708 = PCURVE('',#8692,#9709);
#9709 = DEFINITIONAL_REPRESENTATION('',(#9710),#9714);
#9710 = LINE('',#9711,#9712);
#9711 = CARTESIAN_POINT('',(0.,0.8));
#9712 = VECTOR('',#9713,1.);
#9713 = DIRECTION('',(1.,0.));
#9714 = ( GEOMETRIC_REPRESENTATION_CONTEXT(2) 
PARAMETRIC_REPRESENTATION_CONTEXT() REPRESENTATION_CONTEXT('2D SPACE',''
  ) );
#9715 = PCURVE('',#8582,#9716);
#9716 = DEFINITIONAL_REPRESENTATION('',(#9717),#9721);
#9717 = CIRCLE('',#9718,2.);
#9718 = AXIS2_PLACEMENT_2D('',#9719,#9720);
#9719 = CARTESIAN_POINT('',(4.5,4.5));
#9720 = DIRECTION('',(1.,0.));
#9721 = ( GEOMETRIC_REPRESENTATION_CONTEXT(2) 
PARAMETRIC_REPRESENTATION_CONTEXT() REPRESENTATION_CONTEXT('2D SPACE',''
  ) );
#9722 = ORIENTED_EDGE('',*,*,#8594,.F.);
#9723 = ORIENTED_EDGE('',*,*,#9350,.F.);
#9724 = ORIENTED_EDGE('',*,*,#9531,.F.);
#9725 = ORIENTED_EDGE('',*,*,#9726,.T.);
#9726 = EDGE_CURVE('',#9532,#9532,#9727,.T.);
#9727 = SURFACE_CURVE('',#9728,(#9733,#9740),.PCURVE_S1.);
#9728 = CIRCLE('',#9729,1.2);
#9729 = AXIS2_PLACEMENT_3D('',#9730,#9731,#9732);
#9730 = CARTESIAN_POINT('',(-35.5,-68.,14.2));
#9731 = DIRECTION('',(0.,0.,1.));
#9732 = DIRECTION('',(1.,0.,0.));
#9733 = PCURVE('',#8692,#9734);
#9734 = DEFINITIONAL_REPRESENTATION('',(#9735),#9739);
#9735 = LINE('',#9736,#9737);
#9736 = CARTESIAN_POINT('',(0.,0.));
#9737 = VECTOR('',#9738,1.);
#9738 = DIRECTION('',(1.,0.));
#9739 = ( GEOMETRIC_REPRESENTATION_CONTEXT(2) 
PARAMETRIC_REPRESENTATION_CONTEXT() REPRESENTATION_CONTEXT('2D SPACE',''
  ) );
#9740 = PCURVE('',#9741,#9746);
#9741 = CYLINDRICAL_SURFACE('',#9742,1.2);
#9742 = AXIS2_PLACEMENT_3D('',#9743,#9744,#9745);
#9743 = CARTESIAN_POINT('',(-35.5,-68.,10.5));
#9744 = DIRECTION('',(0.,0.,1.));
#9745 = DIRECTION('',(1.,0.,0.));
#9746 = DEFINITIONAL_REPRESENTATION('',(#9747),#9751);
#9747 = LINE('',#9748,#9749);
#9748 = CARTESIAN_POINT('',(0.,3.7));
#9749 = VECTOR('',#9750,1.);
#9750 = DIRECTION('',(1.,0.));
#9751 = ( GEOMETRIC_REPRESENTATION_CONTEXT(2) 
PARAMETRIC_REPRESENTATION_CONTEXT() REPRESENTATION_CONTEXT('2D SPACE',''
  ) );
#9752 = ADVANCED_FACE('',(#9753),#8582,.T.);
#9753 = FACE_BOUND('',#9754,.T.);
#9754 = EDGE_LOOP('',(#9755,#9756,#9777));
#9755 = ORIENTED_EDGE('',*,*,#8566,.F.);
#9756 = ORIENTED_EDGE('',*,*,#9757,.T.);
#9757 = EDGE_CURVE('',#8545,#9556,#9758,.T.);
#9758 = SURFACE_CURVE('',#9759,(#9763,#9770),.PCURVE_S1.);
#9759 = LINE('',#9760,#9761);
#9760 = CARTESIAN_POINT('',(-40.,-69.5,15.));
#9761 = VECTOR('',#9762,1.);
#9762 = DIRECTION('',(1.,0.,0.));
#9763 = PCURVE('',#8582,#9764);
#9764 = DEFINITIONAL_REPRESENTATION('',(#9765),#9769);
#9765 = LINE('',#9766,#9767);
#9766 = CARTESIAN_POINT('',(0.,3.));
#9767 = VECTOR('',#9768,1.);
#9768 = DIRECTION('',(1.,0.));
#9769 = ( GEOMETRIC_REPRESENTATION_CONTEXT(2) 
PARAMETRIC_REPRESENTATION_CONTEXT() REPRESENTATION_CONTEXT('2D SPACE',''
  ) );
#9770 = PCURVE('',#9255,#9771);
#9771 = DEFINITIONAL_REPRESENTATION('',(#9772),#9776);
#9772 = LINE('',#9773,#9774);
#9773 = CARTESIAN_POINT('',(-1.570796326795,0.));
#9774 = VECTOR('',#9775,1.);
#9775 = DIRECTION('',(-0.,1.));
#9776 = ( GEOMETRIC_REPRESENTATION_CONTEXT(2) 
PARAMETRIC_REPRESENTATION_CONTEXT() REPRESENTATION_CONTEXT('2D SPACE',''
  ) );
#9777 = ORIENTED_EDGE('',*,*,#9701,.F.);
#9778 = ADVANCED_FACE('',(#9779),#8845,.T.);
#9779 = FACE_BOUND('',#9780,.T.);
#9780 = EDGE_LOOP('',(#9781,#9782,#9783,#9806));
#9781 = ORIENTED_EDGE('',*,*,#8988,.F.);
#9782 = ORIENTED_EDGE('',*,*,#8829,.T.);
#9783 = ORIENTED_EDGE('',*,*,#9784,.T.);
#9784 = EDGE_CURVE('',#8830,#9785,#9787,.T.);
#9785 = VERTEX_POINT('',#9786);
#9786 = CARTESIAN_POINT('',(37.,72.5,12.));
#9787 = SURFACE_CURVE('',#9788,(#9792,#9799),.PCURVE_S1.);
#9788 = LINE('',#9789,#9790);
#9789 = CARTESIAN_POINT('',(-40.,72.5,12.));
#9790 = VECTOR('',#9791,1.);
#9791 = DIRECTION('',(1.,0.,0.));
#9792 = PCURVE('',#8845,#9793);
#9793 = DEFINITIONAL_REPRESENTATION('',(#9794),#9798);
#9794 = LINE('',#9795,#9796);
#9795 = CARTESIAN_POINT('',(27.,0.));
#9796 = VECTOR('',#9797,1.);
#9797 = DIRECTION('',(0.,1.));
#9798 = ( GEOMETRIC_REPRESENTATION_CONTEXT(2) 
PARAMETRIC_REPRESENTATION_CONTEXT() REPRESENTATION_CONTEXT('2D SPACE',''
  ) );
#9799 = PCURVE('',#9334,#9800);
#9800 = DEFINITIONAL_REPRESENTATION('',(#9801),#9805);
#9801 = LINE('',#9802,#9803);
#9802 = CARTESIAN_POINT('',(0.,0.));
#9803 = VECTOR('',#9804,1.);
#9804 = DIRECTION('',(0.,1.));
#9805 = ( GEOMETRIC_REPRESENTATION_CONTEXT(2) 
PARAMETRIC_REPRESENTATION_CONTEXT() REPRESENTATION_CONTEXT('2D SPACE',''
  ) );
#9806 = ORIENTED_EDGE('',*,*,#9807,.F.);
#9807 = EDGE_CURVE('',#8960,#9785,#9808,.T.);
#9808 = SURFACE_CURVE('',#9809,(#9813,#9820),.PCURVE_S1.);
#9809 = LINE('',#9810,#9811);
#9810 = CARTESIAN_POINT('',(37.,72.5,-15.));
#9811 = VECTOR('',#9812,1.);
#9812 = DIRECTION('',(0.,0.,1.));
#9813 = PCURVE('',#8845,#9814);
#9814 = DEFINITIONAL_REPRESENTATION('',(#9815),#9819);
#9815 = LINE('',#9816,#9817);
#9816 = CARTESIAN_POINT('',(0.,77.));
#9817 = VECTOR('',#9818,1.);
#9818 = DIRECTION('',(1.,0.));
#9819 = ( GEOMETRIC_REPRESENTATION_CONTEXT(2) 
PARAMETRIC_REPRESENTATION_CONTEXT() REPRESENTATION_CONTEXT('2D SPACE',''
  ) );
#9820 = PCURVE('',#8976,#9821);
#9821 = DEFINITIONAL_REPRESENTATION('',(#9822),#9826);
#9822 = LINE('',#9823,#9824);
#9823 = CARTESIAN_POINT('',(1.570796326795,0.));
#9824 = VECTOR('',#9825,1.);
#9825 = DIRECTION('',(0.,1.));
#9826 = ( GEOMETRIC_REPRESENTATION_CONTEXT(2) 
PARAMETRIC_REPRESENTATION_CONTEXT() REPRESENTATION_CONTEXT('2D SPACE',''
  ) );
#9827 = ADVANCED_FACE('',(#9828),#8921,.T.);
#9828 = FACE_BOUND('',#9829,.F.);
#9829 = EDGE_LOOP('',(#9830,#9853,#9854,#9855));
#9830 = ORIENTED_EDGE('',*,*,#9831,.F.);
#9831 = EDGE_CURVE('',#8905,#9832,#9834,.T.);
#9832 = VERTEX_POINT('',#9833);
#9833 = CARTESIAN_POINT('',(40.,-69.5,12.));
#9834 = SURFACE_CURVE('',#9835,(#9839,#9846),.PCURVE_S1.);
#9835 = LINE('',#9836,#9837);
#9836 = CARTESIAN_POINT('',(40.,-69.5,-15.));
#9837 = VECTOR('',#9838,1.);
#9838 = DIRECTION('',(0.,0.,1.));
#9839 = PCURVE('',#8921,#9840);
#9840 = DEFINITIONAL_REPRESENTATION('',(#9841),#9845);
#9841 = LINE('',#9842,#9843);
#9842 = CARTESIAN_POINT('',(-0.,0.));
#9843 = VECTOR('',#9844,1.);
#9844 = DIRECTION('',(-0.,1.));
#9845 = ( GEOMETRIC_REPRESENTATION_CONTEXT(2) 
PARAMETRIC_REPRESENTATION_CONTEXT() REPRESENTATION_CONTEXT('2D SPACE',''
  ) );
#9846 = PCURVE('',#8948,#9847);
#9847 = DEFINITIONAL_REPRESENTATION('',(#9848),#9852);
#9848 = LINE('',#9849,#9850);
#9849 = CARTESIAN_POINT('',(0.,-3.));
#9850 = VECTOR('',#9851,1.);
#9851 = DIRECTION('',(1.,0.));
#9852 = ( GEOMETRIC_REPRESENTATION_CONTEXT(2) 
PARAMETRIC_REPRESENTATION_CONTEXT() REPRESENTATION_CONTEXT('2D SPACE',''
  ) );
#9853 = ORIENTED_EDGE('',*,*,#8904,.F.);
#9854 = ORIENTED_EDGE('',*,*,#9295,.T.);
#9855 = ORIENTED_EDGE('',*,*,#9856,.F.);
#9856 = EDGE_CURVE('',#9832,#9273,#9857,.T.);
#9857 = SURFACE_CURVE('',#9858,(#9863,#9870),.PCURVE_S1.);
#9858 = CIRCLE('',#9859,3.);
#9859 = AXIS2_PLACEMENT_3D('',#9860,#9861,#9862);
#9860 = CARTESIAN_POINT('',(37.,-69.5,12.));
#9861 = DIRECTION('',(0.,0.,-1.));
#9862 = DIRECTION('',(1.,0.,0.));
#9863 = PCURVE('',#8921,#9864);
#9864 = DEFINITIONAL_REPRESENTATION('',(#9865),#9869);
#9865 = LINE('',#9866,#9867);
#9866 = CARTESIAN_POINT('',(-0.,27.));
#9867 = VECTOR('',#9868,1.);
#9868 = DIRECTION('',(-1.,0.));
#9869 = ( GEOMETRIC_REPRESENTATION_CONTEXT(2) 
PARAMETRIC_REPRESENTATION_CONTEXT() REPRESENTATION_CONTEXT('2D SPACE',''
  ) );
#9870 = PCURVE('',#9871,#9876);
#9871 = SPHERICAL_SURFACE('',#9872,3.);
#9872 = AXIS2_PLACEMENT_3D('',#9873,#9874,#9875);
#9873 = CARTESIAN_POINT('',(37.,-69.5,12.));
#9874 = DIRECTION('',(-0.,-0.,-1.));
#9875 = DIRECTION('',(1.,0.,0.));
#9876 = DEFINITIONAL_REPRESENTATION('',(#9877),#9881);
#9877 = LINE('',#9878,#9879);
#9878 = CARTESIAN_POINT('',(0.,0.));
#9879 = VECTOR('',#9880,1.);
#9880 = DIRECTION('',(1.,0.));
#9881 = ( GEOMETRIC_REPRESENTATION_CONTEXT(2) 
PARAMETRIC_REPRESENTATION_CONTEXT() REPRESENTATION_CONTEXT('2D SPACE',''
  ) );
#9882 = ADVANCED_FACE('',(#9883),#8948,.T.);
#9883 = FACE_BOUND('',#9884,.T.);
#9884 = EDGE_LOOP('',(#9885,#9886,#9887,#9910));
#9885 = ORIENTED_EDGE('',*,*,#9831,.F.);
#9886 = ORIENTED_EDGE('',*,*,#8933,.F.);
#9887 = ORIENTED_EDGE('',*,*,#9888,.T.);
#9888 = EDGE_CURVE('',#8934,#9889,#9891,.T.);
#9889 = VERTEX_POINT('',#9890);
#9890 = CARTESIAN_POINT('',(40.,69.5,12.));
#9891 = SURFACE_CURVE('',#9892,(#9896,#9903),.PCURVE_S1.);
#9892 = LINE('',#9893,#9894);
#9893 = CARTESIAN_POINT('',(40.,69.5,-15.));
#9894 = VECTOR('',#9895,1.);
#9895 = DIRECTION('',(0.,0.,1.));
#9896 = PCURVE('',#8948,#9897);
#9897 = DEFINITIONAL_REPRESENTATION('',(#9898),#9902);
#9898 = LINE('',#9899,#9900);
#9899 = CARTESIAN_POINT('',(0.,-142.));
#9900 = VECTOR('',#9901,1.);
#9901 = DIRECTION('',(1.,0.));
#9902 = ( GEOMETRIC_REPRESENTATION_CONTEXT(2) 
PARAMETRIC_REPRESENTATION_CONTEXT() REPRESENTATION_CONTEXT('2D SPACE',''
  ) );
#9903 = PCURVE('',#8976,#9904);
#9904 = DEFINITIONAL_REPRESENTATION('',(#9905),#9909);
#9905 = LINE('',#9906,#9907);
#9906 = CARTESIAN_POINT('',(0.,0.));
#9907 = VECTOR('',#9908,1.);
#9908 = DIRECTION('',(0.,1.));
#9909 = ( GEOMETRIC_REPRESENTATION_CONTEXT(2) 
PARAMETRIC_REPRESENTATION_CONTEXT() REPRESENTATION_CONTEXT('2D SPACE',''
  ) );
#9910 = ORIENTED_EDGE('',*,*,#9911,.F.);
#9911 = EDGE_CURVE('',#9832,#9889,#9912,.T.);
#9912 = SURFACE_CURVE('',#9913,(#9917,#9924),.PCURVE_S1.);
#9913 = LINE('',#9914,#9915);
#9914 = CARTESIAN_POINT('',(40.,-72.5,12.));
#9915 = VECTOR('',#9916,1.);
#9916 = DIRECTION('',(0.,1.,0.));
#9917 = PCURVE('',#8948,#9918);
#9918 = DEFINITIONAL_REPRESENTATION('',(#9919),#9923);
#9919 = LINE('',#9920,#9921);
#9920 = CARTESIAN_POINT('',(27.,0.));
#9921 = VECTOR('',#9922,1.);
#9922 = DIRECTION('',(0.,-1.));
#9923 = ( GEOMETRIC_REPRESENTATION_CONTEXT(2) 
PARAMETRIC_REPRESENTATION_CONTEXT() REPRESENTATION_CONTEXT('2D SPACE',''
  ) );
#9924 = PCURVE('',#9466,#9925);
#9925 = DEFINITIONAL_REPRESENTATION('',(#9926),#9930);
#9926 = LINE('',#9927,#9928);
#9927 = CARTESIAN_POINT('',(-0.,0.));
#9928 = VECTOR('',#9929,1.);
#9929 = DIRECTION('',(-0.,1.));
#9930 = ( GEOMETRIC_REPRESENTATION_CONTEXT(2) 
PARAMETRIC_REPRESENTATION_CONTEXT() REPRESENTATION_CONTEXT('2D SPACE',''
  ) );
#9931 = ADVANCED_FACE('',(#9932),#8976,.T.);
#9932 = FACE_BOUND('',#9933,.T.);
#9933 = EDGE_LOOP('',(#9934,#9935,#9936,#9937));
#9934 = ORIENTED_EDGE('',*,*,#9888,.F.);
#9935 = ORIENTED_EDGE('',*,*,#8959,.T.);
#9936 = ORIENTED_EDGE('',*,*,#9807,.T.);
#9937 = ORIENTED_EDGE('',*,*,#9938,.T.);
#9938 = EDGE_CURVE('',#9785,#9889,#9939,.T.);
#9939 = SURFACE_CURVE('',#9940,(#9945,#9951),.PCURVE_S1.);
#9940 = CIRCLE('',#9941,3.);
#9941 = AXIS2_PLACEMENT_3D('',#9942,#9943,#9944);
#9942 = CARTESIAN_POINT('',(37.,69.5,12.));
#9943 = DIRECTION('',(0.,0.,-1.));
#9944 = DIRECTION('',(1.,0.,0.));
#9945 = PCURVE('',#8976,#9946);
#9946 = DEFINITIONAL_REPRESENTATION('',(#9947),#9950);
#9947 = B_SPLINE_CURVE_WITH_KNOTS('',1,(#9948,#9949),.UNSPECIFIED.,.F.,
  .F.,(2,2),(4.712388980385,6.28318530718),.PIECEWISE_BEZIER_KNOTS.);
#9948 = CARTESIAN_POINT('',(1.570796326795,27.));
#9949 = CARTESIAN_POINT('',(0.,27.));
#9950 = ( GEOMETRIC_REPRESENTATION_CONTEXT(2) 
PARAMETRIC_REPRESENTATION_CONTEXT() REPRESENTATION_CONTEXT('2D SPACE',''
  ) );
#9951 = PCURVE('',#9952,#9957);
#9952 = SPHERICAL_SURFACE('',#9953,3.);
#9953 = AXIS2_PLACEMENT_3D('',#9954,#9955,#9956);
#9954 = CARTESIAN_POINT('',(37.,69.5,12.));
#9955 = DIRECTION('',(-0.,-1.,-0.));
#9956 = DIRECTION('',(1.,-0.,0.));
#9957 = DEFINITIONAL_REPRESENTATION('',(#9958),#9961);
#9958 = B_SPLINE_CURVE_WITH_KNOTS('',1,(#9959,#9960),.UNSPECIFIED.,.F.,
  .F.,(2,2),(4.712388980385,6.28318530718),.PIECEWISE_BEZIER_KNOTS.);
#9959 = CARTESIAN_POINT('',(0.,-1.570796326795));
#9960 = CARTESIAN_POINT('',(0.,0.));
#9961 = ( GEOMETRIC_REPRESENTATION_CONTEXT(2) 
PARAMETRIC_REPRESENTATION_CONTEXT() REPRESENTATION_CONTEXT('2D SPACE',''
  ) );
#9962 = ADVANCED_FACE('',(#9963),#9028,.F.);
#9963 = FACE_BOUND('',#9964,.T.);
#9964 = EDGE_LOOP('',(#9965,#9988,#9989,#10012));
#9965 = ORIENTED_EDGE('',*,*,#9966,.F.);
#9966 = EDGE_CURVE('',#9012,#9967,#9969,.T.);
#9967 = VERTEX_POINT('',#9968);
#9968 = CARTESIAN_POINT('',(-38.,69.5,12.));
#9969 = SURFACE_CURVE('',#9970,(#9974,#9981),.PCURVE_S1.);
#9970 = LINE('',#9971,#9972);
#9971 = CARTESIAN_POINT('',(-38.,69.5,-15.));
#9972 = VECTOR('',#9973,1.);
#9973 = DIRECTION('',(0.,0.,1.));
#9974 = PCURVE('',#9028,#9975);
#9975 = DEFINITIONAL_REPRESENTATION('',(#9976),#9980);
#9976 = LINE('',#9977,#9978);
#9977 = CARTESIAN_POINT('',(-0.,0.));
#9978 = VECTOR('',#9979,1.);
#9979 = DIRECTION('',(-0.,1.));
#9980 = ( GEOMETRIC_REPRESENTATION_CONTEXT(2) 
PARAMETRIC_REPRESENTATION_CONTEXT() REPRESENTATION_CONTEXT('2D SPACE',''
  ) );
#9981 = PCURVE('',#9225,#9982);
#9982 = DEFINITIONAL_REPRESENTATION('',(#9983),#9987);
#9983 = LINE('',#9984,#9985);
#9984 = CARTESIAN_POINT('',(0.,-142.));
#9985 = VECTOR('',#9986,1.);
#9986 = DIRECTION('',(1.,0.));
#9987 = ( GEOMETRIC_REPRESENTATION_CONTEXT(2) 
PARAMETRIC_REPRESENTATION_CONTEXT() REPRESENTATION_CONTEXT('2D SPACE',''
  ) );
#9988 = ORIENTED_EDGE('',*,*,#9009,.F.);
#9989 = ORIENTED_EDGE('',*,*,#9990,.T.);
#9990 = EDGE_CURVE('',#9010,#9991,#9993,.T.);
#9991 = VERTEX_POINT('',#9992);
#9992 = CARTESIAN_POINT('',(-37.,70.5,12.));
#9993 = SURFACE_CURVE('',#9994,(#9998,#10005),.PCURVE_S1.);
#9994 = LINE('',#9995,#9996);
#9995 = CARTESIAN_POINT('',(-37.,70.5,-15.));
#9996 = VECTOR('',#9997,1.);
#9997 = DIRECTION('',(0.,0.,1.));
#9998 = PCURVE('',#9028,#9999);
#9999 = DEFINITIONAL_REPRESENTATION('',(#10000),#10004);
#10000 = LINE('',#10001,#10002);
#10001 = CARTESIAN_POINT('',(-1.570796326795,0.));
#10002 = VECTOR('',#10003,1.);
#10003 = DIRECTION('',(-0.,1.));
#10004 = ( GEOMETRIC_REPRESENTATION_CONTEXT(2) 
PARAMETRIC_REPRESENTATION_CONTEXT() REPRESENTATION_CONTEXT('2D SPACE',''
  ) );
#10005 = PCURVE('',#9056,#10006);
#10006 = DEFINITIONAL_REPRESENTATION('',(#10007),#10011);
#10007 = LINE('',#10008,#10009);
#10008 = CARTESIAN_POINT('',(0.,3.));
#10009 = VECTOR('',#10010,1.);
#10010 = DIRECTION('',(1.,0.));
#10011 = ( GEOMETRIC_REPRESENTATION_CONTEXT(2) 
PARAMETRIC_REPRESENTATION_CONTEXT() REPRESENTATION_CONTEXT('2D SPACE',''
  ) );
#10012 = ORIENTED_EDGE('',*,*,#10013,.T.);
#10013 = EDGE_CURVE('',#9991,#9967,#10014,.T.);
#10014 = SURFACE_CURVE('',#10015,(#10020,#10027),.PCURVE_S1.);
#10015 = CIRCLE('',#10016,1.);
#10016 = AXIS2_PLACEMENT_3D('',#10017,#10018,#10019);
#10017 = CARTESIAN_POINT('',(-37.,69.5,12.));
#10018 = DIRECTION('',(0.,0.,1.));
#10019 = DIRECTION('',(-1.,-2.449293598295E-16,0.));
#10020 = PCURVE('',#9028,#10021);
#10021 = DEFINITIONAL_REPRESENTATION('',(#10022),#10026);
#10022 = LINE('',#10023,#10024);
#10023 = CARTESIAN_POINT('',(-6.28318530718,27.));
#10024 = VECTOR('',#10025,1.);
#10025 = DIRECTION('',(1.,-0.));
#10026 = ( GEOMETRIC_REPRESENTATION_CONTEXT(2) 
PARAMETRIC_REPRESENTATION_CONTEXT() REPRESENTATION_CONTEXT('2D SPACE',''
  ) );
#10027 = PCURVE('',#10028,#10033);
#10028 = SPHERICAL_SURFACE('',#10029,1.);
#10029 = AXIS2_PLACEMENT_3D('',#10030,#10031,#10032);
#10030 = CARTESIAN_POINT('',(-37.,69.5,12.));
#10031 = DIRECTION('',(-0.,-1.,-0.));
#10032 = DIRECTION('',(-1.,0.,0.));
#10033 = DEFINITIONAL_REPRESENTATION('',(#10034),#10038);
#10034 = LINE('',#10035,#10036);
#10035 = CARTESIAN_POINT('',(-0.,-6.28318530718));
#10036 = VECTOR('',#10037,1.);
#10037 = DIRECTION('',(-0.,1.));
#10038 = ( GEOMETRIC_REPRESENTATION_CONTEXT(2) 
PARAMETRIC_REPRESENTATION_CONTEXT() REPRESENTATION_CONTEXT('2D SPACE',''
  ) );
#10039 = ADVANCED_FACE('',(#10040),#9056,.F.);
#10040 = FACE_BOUND('',#10041,.F.);
#10041 = EDGE_LOOP('',(#10042,#10043,#10044,#10072));
#10042 = ORIENTED_EDGE('',*,*,#9040,.F.);
#10043 = ORIENTED_EDGE('',*,*,#9990,.T.);
#10044 = ORIENTED_EDGE('',*,*,#10045,.T.);
#10045 = EDGE_CURVE('',#9991,#10046,#10048,.T.);
#10046 = VERTEX_POINT('',#10047);
#10047 = CARTESIAN_POINT('',(37.,70.5,12.));
#10048 = SURFACE_CURVE('',#10049,(#10053,#10060),.PCURVE_S1.);
#10049 = LINE('',#10050,#10051);
#10050 = CARTESIAN_POINT('',(-40.,70.5,12.));
#10051 = VECTOR('',#10052,1.);
#10052 = DIRECTION('',(1.,0.,0.));
#10053 = PCURVE('',#9056,#10054);
#10054 = DEFINITIONAL_REPRESENTATION('',(#10055),#10059);
#10055 = LINE('',#10056,#10057);
#10056 = CARTESIAN_POINT('',(27.,0.));
#10057 = VECTOR('',#10058,1.);
#10058 = DIRECTION('',(0.,1.));
#10059 = ( GEOMETRIC_REPRESENTATION_CONTEXT(2) 
PARAMETRIC_REPRESENTATION_CONTEXT() REPRESENTATION_CONTEXT('2D SPACE',''
  ) );
#10060 = PCURVE('',#10061,#10066);
#10061 = CYLINDRICAL_SURFACE('',#10062,1.);
#10062 = AXIS2_PLACEMENT_3D('',#10063,#10064,#10065);
#10063 = CARTESIAN_POINT('',(-40.,69.5,12.));
#10064 = DIRECTION('',(1.,0.,0.));
#10065 = DIRECTION('',(-0.,1.,0.));
#10066 = DEFINITIONAL_REPRESENTATION('',(#10067),#10071);
#10067 = LINE('',#10068,#10069);
#10068 = CARTESIAN_POINT('',(0.,0.));
#10069 = VECTOR('',#10070,1.);
#10070 = DIRECTION('',(0.,1.));
#10071 = ( GEOMETRIC_REPRESENTATION_CONTEXT(2) 
PARAMETRIC_REPRESENTATION_CONTEXT() REPRESENTATION_CONTEXT('2D SPACE',''
  ) );
#10072 = ORIENTED_EDGE('',*,*,#10073,.F.);
#10073 = EDGE_CURVE('',#9041,#10046,#10074,.T.);
#10074 = SURFACE_CURVE('',#10075,(#10079,#10086),.PCURVE_S1.);
#10075 = LINE('',#10076,#10077);
#10076 = CARTESIAN_POINT('',(37.,70.5,-15.));
#10077 = VECTOR('',#10078,1.);
#10078 = DIRECTION('',(0.,0.,1.));
#10079 = PCURVE('',#9056,#10080);
#10080 = DEFINITIONAL_REPRESENTATION('',(#10081),#10085);
#10081 = LINE('',#10082,#10083);
#10082 = CARTESIAN_POINT('',(0.,77.));
#10083 = VECTOR('',#10084,1.);
#10084 = DIRECTION('',(1.,0.));
#10085 = ( GEOMETRIC_REPRESENTATION_CONTEXT(2) 
PARAMETRIC_REPRESENTATION_CONTEXT() REPRESENTATION_CONTEXT('2D SPACE',''
  ) );
#10086 = PCURVE('',#9085,#10087);
#10087 = DEFINITIONAL_REPRESENTATION('',(#10088),#10092);
#10088 = LINE('',#10089,#10090);
#10089 = CARTESIAN_POINT('',(1.570796326795,0.));
#10090 = VECTOR('',#10091,1.);
#10091 = DIRECTION('',(0.,1.));
#10092 = ( GEOMETRIC_REPRESENTATION_CONTEXT(2) 
PARAMETRIC_REPRESENTATION_CONTEXT() REPRESENTATION_CONTEXT('2D SPACE',''
  ) );
#10093 = ADVANCED_FACE('',(#10094),#9085,.F.);
#10094 = FACE_BOUND('',#10095,.F.);
#10095 = EDGE_LOOP('',(#10096,#10119,#10120,#10121));
#10096 = ORIENTED_EDGE('',*,*,#10097,.F.);
#10097 = EDGE_CURVE('',#9069,#10098,#10100,.T.);
#10098 = VERTEX_POINT('',#10099);
#10099 = CARTESIAN_POINT('',(38.,69.5,12.));
#10100 = SURFACE_CURVE('',#10101,(#10105,#10112),.PCURVE_S1.);
#10101 = LINE('',#10102,#10103);
#10102 = CARTESIAN_POINT('',(38.,69.5,-15.));
#10103 = VECTOR('',#10104,1.);
#10104 = DIRECTION('',(0.,0.,1.));
#10105 = PCURVE('',#9085,#10106);
#10106 = DEFINITIONAL_REPRESENTATION('',(#10107),#10111);
#10107 = LINE('',#10108,#10109);
#10108 = CARTESIAN_POINT('',(0.,0.));
#10109 = VECTOR('',#10110,1.);
#10110 = DIRECTION('',(0.,1.));
#10111 = ( GEOMETRIC_REPRESENTATION_CONTEXT(2) 
PARAMETRIC_REPRESENTATION_CONTEXT() REPRESENTATION_CONTEXT('2D SPACE',''
  ) );
#10112 = PCURVE('',#9113,#10113);
#10113 = DEFINITIONAL_REPRESENTATION('',(#10114),#10118);
#10114 = LINE('',#10115,#10116);
#10115 = CARTESIAN_POINT('',(0.,-142.));
#10116 = VECTOR('',#10117,1.);
#10117 = DIRECTION('',(1.,0.));
#10118 = ( GEOMETRIC_REPRESENTATION_CONTEXT(2) 
PARAMETRIC_REPRESENTATION_CONTEXT() REPRESENTATION_CONTEXT('2D SPACE',''
  ) );
#10119 = ORIENTED_EDGE('',*,*,#9068,.T.);
#10120 = ORIENTED_EDGE('',*,*,#10073,.T.);
#10121 = ORIENTED_EDGE('',*,*,#10122,.T.);
#10122 = EDGE_CURVE('',#10046,#10098,#10123,.T.);
#10123 = SURFACE_CURVE('',#10124,(#10129,#10136),.PCURVE_S1.);
#10124 = CIRCLE('',#10125,1.);
#10125 = AXIS2_PLACEMENT_3D('',#10126,#10127,#10128);
#10126 = CARTESIAN_POINT('',(37.,69.5,12.));
#10127 = DIRECTION('',(0.,-0.,-1.));
#10128 = DIRECTION('',(1.,-2.449293598295E-16,0.));
#10129 = PCURVE('',#9085,#10130);
#10130 = DEFINITIONAL_REPRESENTATION('',(#10131),#10135);
#10131 = LINE('',#10132,#10133);
#10132 = CARTESIAN_POINT('',(6.28318530718,27.));
#10133 = VECTOR('',#10134,1.);
#10134 = DIRECTION('',(-1.,-0.));
#10135 = ( GEOMETRIC_REPRESENTATION_CONTEXT(2) 
PARAMETRIC_REPRESENTATION_CONTEXT() REPRESENTATION_CONTEXT('2D SPACE',''
  ) );
#10136 = PCURVE('',#10137,#10142);
#10137 = SPHERICAL_SURFACE('',#10138,1.);
#10138 = AXIS2_PLACEMENT_3D('',#10139,#10140,#10141);
#10139 = CARTESIAN_POINT('',(37.,69.5,12.));
#10140 = DIRECTION('',(-0.,-1.,-0.));
#10141 = DIRECTION('',(1.,-0.,0.));
#10142 = DEFINITIONAL_REPRESENTATION('',(#10143),#10147);
#10143 = LINE('',#10144,#10145);
#10144 = CARTESIAN_POINT('',(0.,-6.28318530718));
#10145 = VECTOR('',#10146,1.);
#10146 = DIRECTION('',(0.,1.));
#10147 = ( GEOMETRIC_REPRESENTATION_CONTEXT(2) 
PARAMETRIC_REPRESENTATION_CONTEXT() REPRESENTATION_CONTEXT('2D SPACE',''
  ) );
#10148 = ADVANCED_FACE('',(#10149),#9113,.F.);
#10149 = FACE_BOUND('',#10150,.F.);
#10150 = EDGE_LOOP('',(#10151,#10174,#10175,#10176));
#10151 = ORIENTED_EDGE('',*,*,#10152,.F.);
#10152 = EDGE_CURVE('',#9098,#10153,#10155,.T.);
#10153 = VERTEX_POINT('',#10154);
#10154 = CARTESIAN_POINT('',(38.,-69.5,12.));
#10155 = SURFACE_CURVE('',#10156,(#10160,#10167),.PCURVE_S1.);
#10156 = LINE('',#10157,#10158);
#10157 = CARTESIAN_POINT('',(38.,-69.5,-15.));
#10158 = VECTOR('',#10159,1.);
#10159 = DIRECTION('',(0.,0.,1.));
#10160 = PCURVE('',#9113,#10161);
#10161 = DEFINITIONAL_REPRESENTATION('',(#10162),#10166);
#10162 = LINE('',#10163,#10164);
#10163 = CARTESIAN_POINT('',(0.,-3.));
#10164 = VECTOR('',#10165,1.);
#10165 = DIRECTION('',(1.,0.));
#10166 = ( GEOMETRIC_REPRESENTATION_CONTEXT(2) 
PARAMETRIC_REPRESENTATION_CONTEXT() REPRESENTATION_CONTEXT('2D SPACE',''
  ) );
#10167 = PCURVE('',#9142,#10168);
#10168 = DEFINITIONAL_REPRESENTATION('',(#10169),#10173);
#10169 = LINE('',#10170,#10171);
#10170 = CARTESIAN_POINT('',(-0.,0.));
#10171 = VECTOR('',#10172,1.);
#10172 = DIRECTION('',(-0.,1.));
#10173 = ( GEOMETRIC_REPRESENTATION_CONTEXT(2) 
PARAMETRIC_REPRESENTATION_CONTEXT() REPRESENTATION_CONTEXT('2D SPACE',''
  ) );
#10174 = ORIENTED_EDGE('',*,*,#9097,.F.);
#10175 = ORIENTED_EDGE('',*,*,#10097,.T.);
#10176 = ORIENTED_EDGE('',*,*,#10177,.F.);
#10177 = EDGE_CURVE('',#10153,#10098,#10178,.T.);
#10178 = SURFACE_CURVE('',#10179,(#10183,#10190),.PCURVE_S1.);
#10179 = LINE('',#10180,#10181);
#10180 = CARTESIAN_POINT('',(38.,-72.5,12.));
#10181 = VECTOR('',#10182,1.);
#10182 = DIRECTION('',(0.,1.,0.));
#10183 = PCURVE('',#9113,#10184);
#10184 = DEFINITIONAL_REPRESENTATION('',(#10185),#10189);
#10185 = LINE('',#10186,#10187);
#10186 = CARTESIAN_POINT('',(27.,0.));
#10187 = VECTOR('',#10188,1.);
#10188 = DIRECTION('',(0.,-1.));
#10189 = ( GEOMETRIC_REPRESENTATION_CONTEXT(2) 
PARAMETRIC_REPRESENTATION_CONTEXT() REPRESENTATION_CONTEXT('2D SPACE',''
  ) );
#10190 = PCURVE('',#10191,#10196);
#10191 = CYLINDRICAL_SURFACE('',#10192,1.);
#10192 = AXIS2_PLACEMENT_3D('',#10193,#10194,#10195);
#10193 = CARTESIAN_POINT('',(37.,-72.5,12.));
#10194 = DIRECTION('',(0.,1.,0.));
#10195 = DIRECTION('',(1.,0.,-0.));
#10196 = DEFINITIONAL_REPRESENTATION('',(#10197),#10201);
#10197 = LINE('',#10198,#10199);
#10198 = CARTESIAN_POINT('',(-0.,0.));
#10199 = VECTOR('',#10200,1.);
#10200 = DIRECTION('',(-0.,1.));
#10201 = ( GEOMETRIC_REPRESENTATION_CONTEXT(2) 
PARAMETRIC_REPRESENTATION_CONTEXT() REPRESENTATION_CONTEXT('2D SPACE',''
  ) );
#10202 = ADVANCED_FACE('',(#10203),#9142,.F.);
#10203 = FACE_BOUND('',#10204,.T.);
#10204 = EDGE_LOOP('',(#10205,#10234,#10235,#10236));
#10205 = ORIENTED_EDGE('',*,*,#10206,.F.);
#10206 = EDGE_CURVE('',#10153,#10207,#10209,.T.);
#10207 = VERTEX_POINT('',#10208);
#10208 = CARTESIAN_POINT('',(37.,-70.5,12.));
#10209 = SURFACE_CURVE('',#10210,(#10215,#10222),.PCURVE_S1.);
#10210 = CIRCLE('',#10211,1.);
#10211 = AXIS2_PLACEMENT_3D('',#10212,#10213,#10214);
#10212 = CARTESIAN_POINT('',(37.,-69.5,12.));
#10213 = DIRECTION('',(0.,0.,-1.));
#10214 = DIRECTION('',(1.,0.,0.));
#10215 = PCURVE('',#9142,#10216);
#10216 = DEFINITIONAL_REPRESENTATION('',(#10217),#10221);
#10217 = LINE('',#10218,#10219);
#10218 = CARTESIAN_POINT('',(-0.,27.));
#10219 = VECTOR('',#10220,1.);
#10220 = DIRECTION('',(-1.,0.));
#10221 = ( GEOMETRIC_REPRESENTATION_CONTEXT(2) 
PARAMETRIC_REPRESENTATION_CONTEXT() REPRESENTATION_CONTEXT('2D SPACE',''
  ) );
#10222 = PCURVE('',#10223,#10228);
#10223 = SPHERICAL_SURFACE('',#10224,1.);
#10224 = AXIS2_PLACEMENT_3D('',#10225,#10226,#10227);
#10225 = CARTESIAN_POINT('',(37.,-69.5,12.));
#10226 = DIRECTION('',(-0.,-0.,-1.));
#10227 = DIRECTION('',(1.,0.,0.));
#10228 = DEFINITIONAL_REPRESENTATION('',(#10229),#10233);
#10229 = LINE('',#10230,#10231);
#10230 = CARTESIAN_POINT('',(0.,0.));
#10231 = VECTOR('',#10232,1.);
#10232 = DIRECTION('',(1.,0.));
#10233 = ( GEOMETRIC_REPRESENTATION_CONTEXT(2) 
PARAMETRIC_REPRESENTATION_CONTEXT() REPRESENTATION_CONTEXT('2D SPACE',''
  ) );
#10234 = ORIENTED_EDGE('',*,*,#10152,.F.);
#10235 = ORIENTED_EDGE('',*,*,#9125,.F.);
#10236 = ORIENTED_EDGE('',*,*,#10237,.T.);
#10237 = EDGE_CURVE('',#9126,#10207,#10238,.T.);
#10238 = SURFACE_CURVE('',#10239,(#10243,#10250),.PCURVE_S1.);
#10239 = LINE('',#10240,#10241);
#10240 = CARTESIAN_POINT('',(37.,-70.5,-15.));
#10241 = VECTOR('',#10242,1.);
#10242 = DIRECTION('',(0.,0.,1.));
#10243 = PCURVE('',#9142,#10244);
#10244 = DEFINITIONAL_REPRESENTATION('',(#10245),#10249);
#10245 = LINE('',#10246,#10247);
#10246 = CARTESIAN_POINT('',(-1.570796326795,0.));
#10247 = VECTOR('',#10248,1.);
#10248 = DIRECTION('',(-0.,1.));
#10249 = ( GEOMETRIC_REPRESENTATION_CONTEXT(2) 
PARAMETRIC_REPRESENTATION_CONTEXT() REPRESENTATION_CONTEXT('2D SPACE',''
  ) );
#10250 = PCURVE('',#9170,#10251);
#10251 = DEFINITIONAL_REPRESENTATION('',(#10252),#10256);
#10252 = LINE('',#10253,#10254);
#10253 = CARTESIAN_POINT('',(0.,77.));
#10254 = VECTOR('',#10255,1.);
#10255 = DIRECTION('',(1.,0.));
#10256 = ( GEOMETRIC_REPRESENTATION_CONTEXT(2) 
PARAMETRIC_REPRESENTATION_CONTEXT() REPRESENTATION_CONTEXT('2D SPACE',''
  ) );
#10257 = ADVANCED_FACE('',(#10258),#9170,.T.);
#10258 = FACE_BOUND('',#10259,.T.);
#10259 = EDGE_LOOP('',(#10260,#10261,#10284,#10310));
#10260 = ORIENTED_EDGE('',*,*,#9154,.F.);
#10261 = ORIENTED_EDGE('',*,*,#10262,.T.);
#10262 = EDGE_CURVE('',#9155,#10263,#10265,.T.);
#10263 = VERTEX_POINT('',#10264);
#10264 = CARTESIAN_POINT('',(-37.,-70.5,12.));
#10265 = SURFACE_CURVE('',#10266,(#10270,#10277),.PCURVE_S1.);
#10266 = LINE('',#10267,#10268);
#10267 = CARTESIAN_POINT('',(-37.,-70.5,-15.));
#10268 = VECTOR('',#10269,1.);
#10269 = DIRECTION('',(0.,0.,1.));
#10270 = PCURVE('',#9170,#10271);
#10271 = DEFINITIONAL_REPRESENTATION('',(#10272),#10276);
#10272 = LINE('',#10273,#10274);
#10273 = CARTESIAN_POINT('',(0.,3.));
#10274 = VECTOR('',#10275,1.);
#10275 = DIRECTION('',(1.,0.));
#10276 = ( GEOMETRIC_REPRESENTATION_CONTEXT(2) 
PARAMETRIC_REPRESENTATION_CONTEXT() REPRESENTATION_CONTEXT('2D SPACE',''
  ) );
#10277 = PCURVE('',#9199,#10278);
#10278 = DEFINITIONAL_REPRESENTATION('',(#10279),#10283);
#10279 = LINE('',#10280,#10281);
#10280 = CARTESIAN_POINT('',(1.570796326795,0.));
#10281 = VECTOR('',#10282,1.);
#10282 = DIRECTION('',(0.,1.));
#10283 = ( GEOMETRIC_REPRESENTATION_CONTEXT(2) 
PARAMETRIC_REPRESENTATION_CONTEXT() REPRESENTATION_CONTEXT('2D SPACE',''
  ) );
#10284 = ORIENTED_EDGE('',*,*,#10285,.T.);
#10285 = EDGE_CURVE('',#10263,#10207,#10286,.T.);
#10286 = SURFACE_CURVE('',#10287,(#10291,#10298),.PCURVE_S1.);
#10287 = LINE('',#10288,#10289);
#10288 = CARTESIAN_POINT('',(-40.,-70.5,12.));
#10289 = VECTOR('',#10290,1.);
#10290 = DIRECTION('',(1.,0.,0.));
#10291 = PCURVE('',#9170,#10292);
#10292 = DEFINITIONAL_REPRESENTATION('',(#10293),#10297);
#10293 = LINE('',#10294,#10295);
#10294 = CARTESIAN_POINT('',(27.,0.));
#10295 = VECTOR('',#10296,1.);
#10296 = DIRECTION('',(0.,1.));
#10297 = ( GEOMETRIC_REPRESENTATION_CONTEXT(2) 
PARAMETRIC_REPRESENTATION_CONTEXT() REPRESENTATION_CONTEXT('2D SPACE',''
  ) );
#10298 = PCURVE('',#10299,#10304);
#10299 = CYLINDRICAL_SURFACE('',#10300,1.);
#10300 = AXIS2_PLACEMENT_3D('',#10301,#10302,#10303);
#10301 = CARTESIAN_POINT('',(-40.,-69.5,12.));
#10302 = DIRECTION('',(1.,0.,0.));
#10303 = DIRECTION('',(0.,-1.,0.));
#10304 = DEFINITIONAL_REPRESENTATION('',(#10305),#10309);
#10305 = LINE('',#10306,#10307);
#10306 = CARTESIAN_POINT('',(-0.,0.));
#10307 = VECTOR('',#10308,1.);
#10308 = DIRECTION('',(-0.,1.));
#10309 = ( GEOMETRIC_REPRESENTATION_CONTEXT(2) 
PARAMETRIC_REPRESENTATION_CONTEXT() REPRESENTATION_CONTEXT('2D SPACE',''
  ) );
#10310 = ORIENTED_EDGE('',*,*,#10237,.F.);
#10311 = ADVANCED_FACE('',(#10312),#9199,.F.);
#10312 = FACE_BOUND('',#10313,.F.);
#10313 = EDGE_LOOP('',(#10314,#10337,#10338,#10339));
#10314 = ORIENTED_EDGE('',*,*,#10315,.F.);
#10315 = EDGE_CURVE('',#9183,#10316,#10318,.T.);
#10316 = VERTEX_POINT('',#10317);
#10317 = CARTESIAN_POINT('',(-38.,-69.5,12.));
#10318 = SURFACE_CURVE('',#10319,(#10323,#10330),.PCURVE_S1.);
#10319 = LINE('',#10320,#10321);
#10320 = CARTESIAN_POINT('',(-38.,-69.5,-15.));
#10321 = VECTOR('',#10322,1.);
#10322 = DIRECTION('',(0.,0.,1.));
#10323 = PCURVE('',#9199,#10324);
#10324 = DEFINITIONAL_REPRESENTATION('',(#10325),#10329);
#10325 = LINE('',#10326,#10327);
#10326 = CARTESIAN_POINT('',(0.,0.));
#10327 = VECTOR('',#10328,1.);
#10328 = DIRECTION('',(0.,1.));
#10329 = ( GEOMETRIC_REPRESENTATION_CONTEXT(2) 
PARAMETRIC_REPRESENTATION_CONTEXT() REPRESENTATION_CONTEXT('2D SPACE',''
  ) );
#10330 = PCURVE('',#9225,#10331);
#10331 = DEFINITIONAL_REPRESENTATION('',(#10332),#10336);
#10332 = LINE('',#10333,#10334);
#10333 = CARTESIAN_POINT('',(0.,-3.));
#10334 = VECTOR('',#10335,1.);
#10335 = DIRECTION('',(1.,0.));
#10336 = ( GEOMETRIC_REPRESENTATION_CONTEXT(2) 
PARAMETRIC_REPRESENTATION_CONTEXT() REPRESENTATION_CONTEXT('2D SPACE',''
  ) );
#10337 = ORIENTED_EDGE('',*,*,#9182,.T.);
#10338 = ORIENTED_EDGE('',*,*,#10262,.T.);
#10339 = ORIENTED_EDGE('',*,*,#10340,.F.);
#10340 = EDGE_CURVE('',#10316,#10263,#10341,.T.);
#10341 = SURFACE_CURVE('',#10342,(#10347,#10354),.PCURVE_S1.);
#10342 = CIRCLE('',#10343,1.);
#10343 = AXIS2_PLACEMENT_3D('',#10344,#10345,#10346);
#10344 = CARTESIAN_POINT('',(-37.,-69.5,12.));
#10345 = DIRECTION('',(0.,0.,1.));
#10346 = DIRECTION('',(-1.,0.,0.));
#10347 = PCURVE('',#9199,#10348);
#10348 = DEFINITIONAL_REPRESENTATION('',(#10349),#10353);
#10349 = LINE('',#10350,#10351);
#10350 = CARTESIAN_POINT('',(0.,27.));
#10351 = VECTOR('',#10352,1.);
#10352 = DIRECTION('',(1.,0.));
#10353 = ( GEOMETRIC_REPRESENTATION_CONTEXT(2) 
PARAMETRIC_REPRESENTATION_CONTEXT() REPRESENTATION_CONTEXT('2D SPACE',''
  ) );
#10354 = PCURVE('',#10355,#10360);
#10355 = SPHERICAL_SURFACE('',#10356,1.);
#10356 = AXIS2_PLACEMENT_3D('',#10357,#10358,#10359);
#10357 = CARTESIAN_POINT('',(-37.,-69.5,12.));
#10358 = DIRECTION('',(-0.,-0.,-1.));
#10359 = DIRECTION('',(-1.,0.,0.));
#10360 = DEFINITIONAL_REPRESENTATION('',(#10361),#10365);
#10361 = LINE('',#10362,#10363);
#10362 = CARTESIAN_POINT('',(-0.,0.));
#10363 = VECTOR('',#10364,1.);
#10364 = DIRECTION('',(-1.,0.));
#10365 = ( GEOMETRIC_REPRESENTATION_CONTEXT(2) 
PARAMETRIC_REPRESENTATION_CONTEXT() REPRESENTATION_CONTEXT('2D SPACE',''
  ) );
#10366 = ADVANCED_FACE('',(#10367),#9225,.T.);
#10367 = FACE_BOUND('',#10368,.T.);
#10368 = EDGE_LOOP('',(#10369,#10395,#10396,#10397));
#10369 = ORIENTED_EDGE('',*,*,#10370,.F.);
#10370 = EDGE_CURVE('',#10316,#9967,#10371,.T.);
#10371 = SURFACE_CURVE('',#10372,(#10376,#10383),.PCURVE_S1.);
#10372 = LINE('',#10373,#10374);
#10373 = CARTESIAN_POINT('',(-38.,-72.5,12.));
#10374 = VECTOR('',#10375,1.);
#10375 = DIRECTION('',(0.,1.,0.));
#10376 = PCURVE('',#9225,#10377);
#10377 = DEFINITIONAL_REPRESENTATION('',(#10378),#10382);
#10378 = LINE('',#10379,#10380);
#10379 = CARTESIAN_POINT('',(27.,0.));
#10380 = VECTOR('',#10381,1.);
#10381 = DIRECTION('',(0.,-1.));
#10382 = ( GEOMETRIC_REPRESENTATION_CONTEXT(2) 
PARAMETRIC_REPRESENTATION_CONTEXT() REPRESENTATION_CONTEXT('2D SPACE',''
  ) );
#10383 = PCURVE('',#10384,#10389);
#10384 = CYLINDRICAL_SURFACE('',#10385,1.);
#10385 = AXIS2_PLACEMENT_3D('',#10386,#10387,#10388);
#10386 = CARTESIAN_POINT('',(-37.,-72.5,12.));
#10387 = DIRECTION('',(0.,1.,0.));
#10388 = DIRECTION('',(-1.,0.,0.));
#10389 = DEFINITIONAL_REPRESENTATION('',(#10390),#10394);
#10390 = LINE('',#10391,#10392);
#10391 = CARTESIAN_POINT('',(0.,0.));
#10392 = VECTOR('',#10393,1.);
#10393 = DIRECTION('',(0.,1.));
#10394 = ( GEOMETRIC_REPRESENTATION_CONTEXT(2) 
PARAMETRIC_REPRESENTATION_CONTEXT() REPRESENTATION_CONTEXT('2D SPACE',''
  ) );
#10395 = ORIENTED_EDGE('',*,*,#10315,.F.);
#10396 = ORIENTED_EDGE('',*,*,#9211,.F.);
#10397 = ORIENTED_EDGE('',*,*,#9966,.T.);
#10398 = ADVANCED_FACE('',(#10399),#9255,.T.);
#10399 = FACE_BOUND('',#10400,.F.);
#10400 = EDGE_LOOP('',(#10401,#10402,#10403,#10404,#10405,#10551,#10579,
    #10599));
#10401 = ORIENTED_EDGE('',*,*,#9241,.F.);
#10402 = ORIENTED_EDGE('',*,*,#9757,.T.);
#10403 = ORIENTED_EDGE('',*,*,#9555,.F.);
#10404 = ORIENTED_EDGE('',*,*,#9398,.T.);
#10405 = ORIENTED_EDGE('',*,*,#10406,.F.);
#10406 = EDGE_CURVE('',#10407,#9399,#10409,.T.);
#10407 = VERTEX_POINT('',#10408);
#10408 = CARTESIAN_POINT('',(36.822875655532,-69.5,15.));
#10409 = SURFACE_CURVE('',#10410,(#10455,#10503),.PCURVE_S1.);
#10410 = B_SPLINE_CURVE_WITH_KNOTS('',7,(#10411,#10412,#10413,#10414,
    #10415,#10416,#10417,#10418,#10419,#10420,#10421,#10422,#10423,
    #10424,#10425,#10426,#10427,#10428,#10429,#10430,#10431,#10432,
    #10433,#10434,#10435,#10436,#10437,#10438,#10439,#10440,#10441,
    #10442,#10443,#10444,#10445,#10446,#10447,#10448,#10449,#10450,
    #10451,#10452,#10453,#10454),.UNSPECIFIED.,.F.,.F.,(8,6,6,6,6,6,6,8)
  ,(0.,9.464759963935E-02,0.179514001558,0.299952368221,0.493846494778,
    0.820053965588,0.904971535877,1.),.UNSPECIFIED.);
#10411 = CARTESIAN_POINT('',(36.822875655532,-69.5,15.));
#10412 = CARTESIAN_POINT('',(36.791779035806,-69.5274246408,15.));
#10413 = CARTESIAN_POINT('',(36.760057156638,-69.55367367917,
    14.999707522667));
#10414 = CARTESIAN_POINT('',(36.727778282535,-69.57878276727,
    14.99916766417));
#10415 = CARTESIAN_POINT('',(36.695002098588,-69.60278659282,
    14.998420250802));
#10416 = CARTESIAN_POINT('',(36.661779933276,-69.6257188701,
    14.997500429288));
#10417 = CARTESIAN_POINT('',(36.628154981262,-69.64761233091,
    14.996439257079));
#10418 = CARTESIAN_POINT('',(36.563682964473,-69.68722663175,
    14.994210752962));
#10419 = CARTESIAN_POINT('',(36.532909338532,-69.70514399317,
    14.993065772882));
#10420 = CARTESIAN_POINT('',(36.501868003512,-69.7222731272,
    14.991849220627));
#10421 = CARTESIAN_POINT('',(36.470582524626,-69.73863445416,
    14.990578804151));
#10422 = CARTESIAN_POINT('',(36.439073812988,-69.75424671807,
    14.98927032226));
#10423 = CARTESIAN_POINT('',(36.407360261445,-69.76912721742,
    14.987937915717));
#10424 = CARTESIAN_POINT('',(36.330183536536,-69.80339407349,
    14.984687548782));
#10425 = CARTESIAN_POINT('',(36.284530423111,-69.82205409485,
    14.982758318928));
#10426 = CARTESIAN_POINT('',(36.238544298921,-69.83931782188,
    14.980842875498));
#10427 = CARTESIAN_POINT('',(36.192265776796,-69.85522423315,
    14.978972005131));
#10428 = CARTESIAN_POINT('',(36.145730722671,-69.86980652001,
    14.977171746787));
#10429 = CARTESIAN_POINT('',(36.098970654627,-69.88309304268,
    14.975464104144));
#10430 = CARTESIAN_POINT('',(35.976416086289,-69.91445166715,
    14.971297795019));
#10431 = CARTESIAN_POINT('',(35.900311910667,-69.93049884566,
    14.969016400372));
#10432 = CARTESIAN_POINT('',(35.823815880602,-69.94335156602,
    14.967101069457));
#10433 = CARTESIAN_POINT('',(35.747032662861,-69.95307886581,
    14.965606595119));
#10434 = CARTESIAN_POINT('',(35.670058725217,-69.95972619947,
    14.964568859889));
#10435 = CARTESIAN_POINT('',(35.592983904258,-69.96331862457,
    14.964006772973));
#10436 = CARTESIAN_POINT('',(35.386192962191,-69.96476558196,
    14.96378032209));
#10437 = CARTESIAN_POINT('',(35.256703292042,-69.9570315926,
    14.964991297435));
#10438 = CARTESIAN_POINT('',(35.127644572579,-69.94072080469,
    14.967551955038));
#10439 = CARTESIAN_POINT('',(34.999355833367,-69.91566860765,
    14.971347274686));
#10440 = CARTESIAN_POINT('',(34.872323460855,-69.88150295198,
    14.976111896122));
#10441 = CARTESIAN_POINT('',(34.74717722559,-69.83772303661,
    14.981429352204));
#10442 = CARTESIAN_POINT('',(34.592917602806,-69.76925567048,
    14.987926233618));
#10443 = CARTESIAN_POINT('',(34.561243647594,-69.75440004633,
    14.989257065299));
#10444 = CARTESIAN_POINT('',(34.529773886143,-69.7388146663,
    14.990564124417));
#10445 = CARTESIAN_POINT('',(34.498526626489,-69.72248230665,
    14.99183333368));
#10446 = CARTESIAN_POINT('',(34.467522680604,-69.70538430613,
    14.993048967423));
#10447 = CARTESIAN_POINT('',(34.436785499355,-69.68750033696,
    14.994193402289));
#10448 = CARTESIAN_POINT('',(34.372272212153,-69.64789039245,
    14.996425766691));
#10449 = CARTESIAN_POINT('',(34.338571796661,-69.62596159694,
    14.997490683765));
#10450 = CARTESIAN_POINT('',(34.305275505114,-69.60298985783,
    14.998413915128));
#10451 = CARTESIAN_POINT('',(34.272426757502,-69.57894224267,
    14.999164231702));
#10452 = CARTESIAN_POINT('',(34.240077174838,-69.55378482755,
    14.999706282868));
#10453 = CARTESIAN_POINT('',(34.208286804317,-69.52748270633,15.));
#10454 = CARTESIAN_POINT('',(34.177124344468,-69.5,15.));
#10455 = PCURVE('',#9255,#10456);
#10456 = DEFINITIONAL_REPRESENTATION('',(#10457),#10502);
#10457 = B_SPLINE_CURVE_WITH_KNOTS('',7,(#10458,#10459,#10460,#10461,
    #10462,#10463,#10464,#10465,#10466,#10467,#10468,#10469,#10470,
    #10471,#10472,#10473,#10474,#10475,#10476,#10477,#10478,#10479,
    #10480,#10481,#10482,#10483,#10484,#10485,#10486,#10487,#10488,
    #10489,#10490,#10491,#10492,#10493,#10494,#10495,#10496,#10497,
    #10498,#10499,#10500,#10501),.UNSPECIFIED.,.F.,.F.,(8,6,6,6,6,6,6,8)
  ,(0.,9.464759963935E-02,0.179514001558,0.299952368221,0.493846494778,
    0.820053965588,0.904971535877,1.),.UNSPECIFIED.);
#10458 = CARTESIAN_POINT('',(-1.570796326795,76.822875655532));
#10459 = CARTESIAN_POINT('',(-1.56165477986,76.791779035806));
#10460 = CARTESIAN_POINT('',(-1.552905097388,76.760057156638));
#10461 = CARTESIAN_POINT('',(-1.544534159425,76.727778282535));
#10462 = CARTESIAN_POINT('',(-1.536529621556,76.695002098588));
#10463 = CARTESIAN_POINT('',(-1.528879815766,76.661779933276));
#10464 = CARTESIAN_POINT('',(-1.521573651296,76.628154981262));
#10465 = CARTESIAN_POINT('',(-1.508348006756,76.563682964473));
#10466 = CARTESIAN_POINT('',(-1.502363543588,76.532909338532));
#10467 = CARTESIAN_POINT('',(-1.49663967151,76.501868003512));
#10468 = CARTESIAN_POINT('',(-1.491169676233,76.470582524626));
#10469 = CARTESIAN_POINT('',(-1.485947480265,76.439073812988));
#10470 = CARTESIAN_POINT('',(-1.48096753951,76.407360261445));
#10471 = CARTESIAN_POINT('',(-1.469493983876,76.330183536536));
#10472 = CARTESIAN_POINT('',(-1.463241041774,76.284530423111));
#10473 = CARTESIAN_POINT('',(-1.457451397102,76.238544298921));
#10474 = CARTESIAN_POINT('',(-1.452112886487,76.192265776796));
#10475 = CARTESIAN_POINT('',(-1.447215318489,76.145730722671));
#10476 = CARTESIAN_POINT('',(-1.442750092463,76.098970654627));
#10477 = CARTESIAN_POINT('',(-1.432205365186,75.976416086289));
#10478 = CARTESIAN_POINT('',(-1.426802743585,75.900311910667));
#10479 = CARTESIAN_POINT('',(-1.422471292537,75.823815880602));
#10480 = CARTESIAN_POINT('',(-1.419190823014,75.747032662861));
#10481 = CARTESIAN_POINT('',(-1.416948211152,75.670058725217));
#10482 = CARTESIAN_POINT('',(-1.4157361656,75.592983904258));
#10483 = CARTESIAN_POINT('',(-1.415247975556,75.386192962191));
#10484 = CARTESIAN_POINT('',(-1.417857310884,75.256703292042));
#10485 = CARTESIAN_POINT('',(-1.423361041446,75.127644572579));
#10486 = CARTESIAN_POINT('',(-1.431806640459,74.999355833368));
#10487 = CARTESIAN_POINT('',(-1.443304082005,74.872323460855));
#10488 = CARTESIAN_POINT('',(-1.457999571937,74.74717722559));
#10489 = CARTESIAN_POINT('',(-1.480924545445,74.592917602806));
#10490 = CARTESIAN_POINT('',(-1.485896181027,74.561243647594));
#10491 = CARTESIAN_POINT('',(-1.491109408095,74.529773886143));
#10492 = CARTESIAN_POINT('',(-1.496569746473,74.498526626489));
#10493 = CARTESIAN_POINT('',(-1.502283246339,74.467522680604));
#10494 = CARTESIAN_POINT('',(-1.508256590832,74.436785499355));
#10495 = CARTESIAN_POINT('',(-1.521480857899,74.372272212153));
#10496 = CARTESIAN_POINT('',(-1.528798846225,74.338571796661));
#10497 = CARTESIAN_POINT('',(-1.536461838888,74.305275505114));
#10498 = CARTESIAN_POINT('',(-1.54448099306,74.272426757502));
#10499 = CARTESIAN_POINT('',(-1.552868047909,74.240077174838));
#10500 = CARTESIAN_POINT('',(-1.561635424683,74.208286804317));
#10501 = CARTESIAN_POINT('',(-1.570796326795,74.177124344468));
#10502 = ( GEOMETRIC_REPRESENTATION_CONTEXT(2) 
PARAMETRIC_REPRESENTATION_CONTEXT() REPRESENTATION_CONTEXT('2D SPACE',''
  ) );
#10503 = PCURVE('',#9438,#10504);
#10504 = DEFINITIONAL_REPRESENTATION('',(#10505),#10550);
#10505 = B_SPLINE_CURVE_WITH_KNOTS('',7,(#10506,#10507,#10508,#10509,
    #10510,#10511,#10512,#10513,#10514,#10515,#10516,#10517,#10518,
    #10519,#10520,#10521,#10522,#10523,#10524,#10525,#10526,#10527,
    #10528,#10529,#10530,#10531,#10532,#10533,#10534,#10535,#10536,
    #10537,#10538,#10539,#10540,#10541,#10542,#10543,#10544,#10545,
    #10546,#10547,#10548,#10549),.UNSPECIFIED.,.F.,.F.,(8,6,6,6,6,6,6,8)
  ,(0.,9.464759963935E-02,0.179514001558,0.299952368221,0.493846494778,
    0.820053965588,0.904971535877,1.),.UNSPECIFIED.);
#10506 = CARTESIAN_POINT('',(5.435123228198,0.8));
#10507 = CARTESIAN_POINT('',(5.41439214838,0.8));
#10508 = CARTESIAN_POINT('',(5.393815376645,0.799707522667));
#10509 = CARTESIAN_POINT('',(5.373379489713,0.79916766417));
#10510 = CARTESIAN_POINT('',(5.353072570863,0.798420250802));
#10511 = CARTESIAN_POINT('',(5.332883512767,0.797500429288));
#10512 = CARTESIAN_POINT('',(5.312801320324,0.796439257079));
#10513 = CARTESIAN_POINT('',(5.27489302008,0.794210752962));
#10514 = CARTESIAN_POINT('',(5.25704907036,0.793065772882));
#10515 = CARTESIAN_POINT('',(5.239274815343,0.791849220627));
#10516 = CARTESIAN_POINT('',(5.221563478087,0.790578804151));
#10517 = CARTESIAN_POINT('',(5.203908983816,0.78927032226));
#10518 = CARTESIAN_POINT('',(5.18630569003,0.787937915717));
#10519 = CARTESIAN_POINT('',(5.143831242384,0.784687548782));
#10520 = CARTESIAN_POINT('',(5.11900727319,0.782758318928));
#10521 = CARTESIAN_POINT('',(5.094260750586,0.780842875498));
#10522 = CARTESIAN_POINT('',(5.069579301191,0.778972005131));
#10523 = CARTESIAN_POINT('',(5.044952764536,0.777171746787));
#10524 = CARTESIAN_POINT('',(5.020372320898,0.775464104144));
#10525 = CARTESIAN_POINT('',(4.956318242042,0.771297795019));
#10526 = CARTESIAN_POINT('',(4.916907158877,0.769016400372));
#10527 = CARTESIAN_POINT('',(4.877562177974,0.767101069457));
#10528 = CARTESIAN_POINT('',(4.838261814548,0.765606595119));
#10529 = CARTESIAN_POINT('',(4.798990981155,0.764568859889));
#10530 = CARTESIAN_POINT('',(4.759736024732,0.764006772973));
#10531 = CARTESIAN_POINT('',(4.654438643634,0.76378032209));
#10532 = CARTESIAN_POINT('',(4.588528093619,0.764991297433));
#10533 = CARTESIAN_POINT('',(4.522578743333,0.767551955042));
#10534 = CARTESIAN_POINT('',(4.456500136851,0.771347274684));
#10535 = CARTESIAN_POINT('',(4.390188265952,0.776111896123));
#10536 = CARTESIAN_POINT('',(4.323518782326,0.781429352204));
#10537 = CARTESIAN_POINT('',(4.238626144843,0.787926233618));
#10538 = CARTESIAN_POINT('',(4.221046060808,0.789257065299));
#10539 = CARTESIAN_POINT('',(4.203414946353,0.790564124417));
#10540 = CARTESIAN_POINT('',(4.185727182743,0.79183333368));
#10541 = CARTESIAN_POINT('',(4.167976721914,0.793048967423));
#10542 = CARTESIAN_POINT('',(4.150156818593,0.794193402289));
#10543 = CARTESIAN_POINT('',(4.112231754641,0.796425766691));
#10544 = CARTESIAN_POINT('',(4.092108176277,0.797490683765));
#10545 = CARTESIAN_POINT('',(4.07187737107,0.798413915128));
#10546 = CARTESIAN_POINT('',(4.051528276078,0.799164231702));
#10547 = CARTESIAN_POINT('',(4.031049717386,0.799706282868));
#10548 = CARTESIAN_POINT('',(4.010429705804,0.8));
#10549 = CARTESIAN_POINT('',(3.989654732571,0.8));
#10550 = ( GEOMETRIC_REPRESENTATION_CONTEXT(2) 
PARAMETRIC_REPRESENTATION_CONTEXT() REPRESENTATION_CONTEXT('2D SPACE',''
  ) );
#10551 = ORIENTED_EDGE('',*,*,#10552,.T.);
#10552 = EDGE_CURVE('',#10407,#10553,#10555,.T.);
#10553 = VERTEX_POINT('',#10554);
#10554 = CARTESIAN_POINT('',(37.,-69.5,15.));
#10555 = SURFACE_CURVE('',#10556,(#10560,#10567),.PCURVE_S1.);
#10556 = LINE('',#10557,#10558);
#10557 = CARTESIAN_POINT('',(-40.,-69.5,15.));
#10558 = VECTOR('',#10559,1.);
#10559 = DIRECTION('',(1.,0.,0.));
#10560 = PCURVE('',#9255,#10561);
#10561 = DEFINITIONAL_REPRESENTATION('',(#10562),#10566);
#10562 = LINE('',#10563,#10564);
#10563 = CARTESIAN_POINT('',(-1.570796326795,0.));
#10564 = VECTOR('',#10565,1.);
#10565 = DIRECTION('',(-0.,1.));
#10566 = ( GEOMETRIC_REPRESENTATION_CONTEXT(2) 
PARAMETRIC_REPRESENTATION_CONTEXT() REPRESENTATION_CONTEXT('2D SPACE',''
  ) );
#10567 = PCURVE('',#10568,#10573);
#10568 = PLANE('',#10569);
#10569 = AXIS2_PLACEMENT_3D('',#10570,#10571,#10572);
#10570 = CARTESIAN_POINT('',(-40.,-72.5,15.));
#10571 = DIRECTION('',(0.,0.,1.));
#10572 = DIRECTION('',(1.,0.,0.));
#10573 = DEFINITIONAL_REPRESENTATION('',(#10574),#10578);
#10574 = LINE('',#10575,#10576);
#10575 = CARTESIAN_POINT('',(0.,3.));
#10576 = VECTOR('',#10577,1.);
#10577 = DIRECTION('',(1.,0.));
#10578 = ( GEOMETRIC_REPRESENTATION_CONTEXT(2) 
PARAMETRIC_REPRESENTATION_CONTEXT() REPRESENTATION_CONTEXT('2D SPACE',''
  ) );
#10579 = ORIENTED_EDGE('',*,*,#10580,.T.);
#10580 = EDGE_CURVE('',#10553,#9273,#10581,.T.);
#10581 = SURFACE_CURVE('',#10582,(#10587,#10593),.PCURVE_S1.);
#10582 = CIRCLE('',#10583,3.);
#10583 = AXIS2_PLACEMENT_3D('',#10584,#10585,#10586);
#10584 = CARTESIAN_POINT('',(37.,-69.5,12.));
#10585 = DIRECTION('',(1.,6.123233995737E-17,0.));
#10586 = DIRECTION('',(6.123233995737E-17,-1.,0.));
#10587 = PCURVE('',#9255,#10588);
#10588 = DEFINITIONAL_REPRESENTATION('',(#10589),#10592);
#10589 = B_SPLINE_CURVE_WITH_KNOTS('',1,(#10590,#10591),.UNSPECIFIED.,
  .F.,.F.,(2,2),(4.712388980385,6.28318530718),
  .PIECEWISE_BEZIER_KNOTS.);
#10590 = CARTESIAN_POINT('',(-1.570796326795,77.));
#10591 = CARTESIAN_POINT('',(0.,77.));
#10592 = ( GEOMETRIC_REPRESENTATION_CONTEXT(2) 
PARAMETRIC_REPRESENTATION_CONTEXT() REPRESENTATION_CONTEXT('2D SPACE',''
  ) );
#10593 = PCURVE('',#9871,#10594);
#10594 = DEFINITIONAL_REPRESENTATION('',(#10595),#10598);
#10595 = B_SPLINE_CURVE_WITH_KNOTS('',1,(#10596,#10597),.UNSPECIFIED.,
  .F.,.F.,(2,2),(4.712388980385,6.28318530718),
  .PIECEWISE_BEZIER_KNOTS.);
#10596 = CARTESIAN_POINT('',(1.570796326795,-1.570796326795));
#10597 = CARTESIAN_POINT('',(1.570796326795,0.));
#10598 = ( GEOMETRIC_REPRESENTATION_CONTEXT(2) 
PARAMETRIC_REPRESENTATION_CONTEXT() REPRESENTATION_CONTEXT('2D SPACE',''
  ) );
#10599 = ORIENTED_EDGE('',*,*,#9272,.F.);
#10600 = ADVANCED_FACE('',(#10601),#9334,.T.);
#10601 = FACE_BOUND('',#10602,.T.);
#10602 = EDGE_LOOP('',(#10603,#10604,#10605,#10606,#10752,#10780));
#10603 = ORIENTED_EDGE('',*,*,#9784,.F.);
#10604 = ORIENTED_EDGE('',*,*,#9320,.T.);
#10605 = ORIENTED_EDGE('',*,*,#9507,.T.);
#10606 = ORIENTED_EDGE('',*,*,#10607,.F.);
#10607 = EDGE_CURVE('',#10608,#9479,#10610,.T.);
#10608 = VERTEX_POINT('',#10609);
#10609 = CARTESIAN_POINT('',(36.822875655532,69.5,15.));
#10610 = SURFACE_CURVE('',#10611,(#10656,#10704),.PCURVE_S1.);
#10611 = B_SPLINE_CURVE_WITH_KNOTS('',7,(#10612,#10613,#10614,#10615,
    #10616,#10617,#10618,#10619,#10620,#10621,#10622,#10623,#10624,
    #10625,#10626,#10627,#10628,#10629,#10630,#10631,#10632,#10633,
    #10634,#10635,#10636,#10637,#10638,#10639,#10640,#10641,#10642,
    #10643,#10644,#10645,#10646,#10647,#10648,#10649,#10650,#10651,
    #10652,#10653,#10654,#10655),.UNSPECIFIED.,.F.,.F.,(8,6,6,6,6,6,6,8)
  ,(0.,9.464759963924E-02,0.179514001558,0.29995236822,0.493846494777,
    0.820053965587,0.904971535877,1.),.UNSPECIFIED.);
#10612 = CARTESIAN_POINT('',(36.822875655532,69.5,15.));
#10613 = CARTESIAN_POINT('',(36.791779035805,69.527424640804,15.));
#10614 = CARTESIAN_POINT('',(36.760057156638,69.553673679178,
    14.999707522667));
#10615 = CARTESIAN_POINT('',(36.727778282535,69.578782767277,
    14.99916766417));
#10616 = CARTESIAN_POINT('',(36.695002098588,69.602786592827,
    14.998420250802));
#10617 = CARTESIAN_POINT('',(36.661779933276,69.625718870106,
    14.997500429288));
#10618 = CARTESIAN_POINT('',(36.628154981262,69.647612330916,
    14.996439257079));
#10619 = CARTESIAN_POINT('',(36.563682964473,69.687226631754,
    14.994210752962));
#10620 = CARTESIAN_POINT('',(36.532909338532,69.705143993173,
    14.993065772882));
#10621 = CARTESIAN_POINT('',(36.501868003512,69.722273127202,
    14.991849220627));
#10622 = CARTESIAN_POINT('',(36.470582524626,69.738634454163,
    14.990578804151));
#10623 = CARTESIAN_POINT('',(36.439073812988,69.754246718078,
    14.98927032226));
#10624 = CARTESIAN_POINT('',(36.407360261445,69.769127217426,
    14.987937915717));
#10625 = CARTESIAN_POINT('',(36.330183536536,69.803394073494,
    14.984687548782));
#10626 = CARTESIAN_POINT('',(36.284530423111,69.822054094855,
    14.982758318928));
#10627 = CARTESIAN_POINT('',(36.238544298921,69.839317821886,
    14.980842875498));
#10628 = CARTESIAN_POINT('',(36.192265776796,69.855224233155,
    14.978972005131));
#10629 = CARTESIAN_POINT('',(36.145730722671,69.869806520012,
    14.977171746787));
#10630 = CARTESIAN_POINT('',(36.098970654627,69.883093042686,
    14.975464104144));
#10631 = CARTESIAN_POINT('',(35.976416086288,69.914451667153,
    14.971297795019));
#10632 = CARTESIAN_POINT('',(35.900311910668,69.93049884566,
    14.969016400372));
#10633 = CARTESIAN_POINT('',(35.823815880602,69.943351566023,
    14.967101069457));
#10634 = CARTESIAN_POINT('',(35.74703266286,69.953078865816,
    14.965606595119));
#10635 = CARTESIAN_POINT('',(35.670058725217,69.959726199476,
    14.964568859889));
#10636 = CARTESIAN_POINT('',(35.592983904258,69.963318624577,
    14.964006772973));
#10637 = CARTESIAN_POINT('',(35.386192962191,69.964765581961,
    14.96378032209));
#10638 = CARTESIAN_POINT('',(35.256703292042,69.957031592605,
    14.964991297435));
#10639 = CARTESIAN_POINT('',(35.127644572579,69.940720804696,
    14.967551955039));
#10640 = CARTESIAN_POINT('',(34.999355833368,69.915668607653,
    14.971347274686));
#10641 = CARTESIAN_POINT('',(34.872323460855,69.881502951989,
    14.976111896122));
#10642 = CARTESIAN_POINT('',(34.74717722559,69.837723036613,
    14.981429352204));
#10643 = CARTESIAN_POINT('',(34.592917602806,69.769255670481,
    14.987926233618));
#10644 = CARTESIAN_POINT('',(34.561243647594,69.754400046337,
    14.989257065299));
#10645 = CARTESIAN_POINT('',(34.529773886143,69.738814666301,
    14.990564124417));
#10646 = CARTESIAN_POINT('',(34.498526626489,69.722482306656,
    14.99183333368));
#10647 = CARTESIAN_POINT('',(34.467522680604,69.705384306133,
    14.993048967423));
#10648 = CARTESIAN_POINT('',(34.436785499355,69.687500336967,
    14.994193402289));
#10649 = CARTESIAN_POINT('',(34.372272212153,69.647890392455,
    14.996425766691));
#10650 = CARTESIAN_POINT('',(34.338571796661,69.625961596949,
    14.997490683765));
#10651 = CARTESIAN_POINT('',(34.305275505114,69.602989857833,
    14.998413915128));
#10652 = CARTESIAN_POINT('',(34.272426757502,69.578942242678,
    14.999164231702));
#10653 = CARTESIAN_POINT('',(34.240077174838,69.553784827554,
    14.999706282868));
#10654 = CARTESIAN_POINT('',(34.208286804317,69.527482706334,15.));
#10655 = CARTESIAN_POINT('',(34.177124344468,69.5,15.));
#10656 = PCURVE('',#9334,#10657);
#10657 = DEFINITIONAL_REPRESENTATION('',(#10658),#10703);
#10658 = B_SPLINE_CURVE_WITH_KNOTS('',7,(#10659,#10660,#10661,#10662,
    #10663,#10664,#10665,#10666,#10667,#10668,#10669,#10670,#10671,
    #10672,#10673,#10674,#10675,#10676,#10677,#10678,#10679,#10680,
    #10681,#10682,#10683,#10684,#10685,#10686,#10687,#10688,#10689,
    #10690,#10691,#10692,#10693,#10694,#10695,#10696,#10697,#10698,
    #10699,#10700,#10701,#10702),.UNSPECIFIED.,.F.,.F.,(8,6,6,6,6,6,6,8)
  ,(0.,9.464759963924E-02,0.179514001558,0.29995236822,0.493846494777,
    0.820053965587,0.904971535877,1.),.UNSPECIFIED.);
#10659 = CARTESIAN_POINT('',(1.570796326795,76.822875655532));
#10660 = CARTESIAN_POINT('',(1.56165477986,76.791779035805));
#10661 = CARTESIAN_POINT('',(1.552905097388,76.760057156638));
#10662 = CARTESIAN_POINT('',(1.544534159425,76.727778282535));
#10663 = CARTESIAN_POINT('',(1.536529621556,76.695002098588));
#10664 = CARTESIAN_POINT('',(1.528879815766,76.661779933276));
#10665 = CARTESIAN_POINT('',(1.521573651296,76.628154981262));
#10666 = CARTESIAN_POINT('',(1.508348006756,76.563682964473));
#10667 = CARTESIAN_POINT('',(1.502363543588,76.532909338532));
#10668 = CARTESIAN_POINT('',(1.49663967151,76.501868003512));
#10669 = CARTESIAN_POINT('',(1.491169676233,76.470582524626));
#10670 = CARTESIAN_POINT('',(1.485947480265,76.439073812988));
#10671 = CARTESIAN_POINT('',(1.48096753951,76.407360261445));
#10672 = CARTESIAN_POINT('',(1.469493983876,76.330183536536));
#10673 = CARTESIAN_POINT('',(1.463241041774,76.284530423111));
#10674 = CARTESIAN_POINT('',(1.457451397102,76.238544298921));
#10675 = CARTESIAN_POINT('',(1.452112886487,76.192265776796));
#10676 = CARTESIAN_POINT('',(1.447215318489,76.145730722671));
#10677 = CARTESIAN_POINT('',(1.442750092463,76.098970654627));
#10678 = CARTESIAN_POINT('',(1.432205365186,75.976416086288));
#10679 = CARTESIAN_POINT('',(1.426802743585,75.900311910668));
#10680 = CARTESIAN_POINT('',(1.422471292537,75.823815880602));
#10681 = CARTESIAN_POINT('',(1.419190823014,75.74703266286));
#10682 = CARTESIAN_POINT('',(1.416948211152,75.670058725217));
#10683 = CARTESIAN_POINT('',(1.4157361656,75.592983904258));
#10684 = CARTESIAN_POINT('',(1.415247975556,75.386192962191));
#10685 = CARTESIAN_POINT('',(1.417857310884,75.256703292042));
#10686 = CARTESIAN_POINT('',(1.423361041446,75.127644572579));
#10687 = CARTESIAN_POINT('',(1.431806640458,74.999355833368));
#10688 = CARTESIAN_POINT('',(1.443304082005,74.872323460855));
#10689 = CARTESIAN_POINT('',(1.457999571937,74.74717722559));
#10690 = CARTESIAN_POINT('',(1.480924545445,74.592917602806));
#10691 = CARTESIAN_POINT('',(1.485896181027,74.561243647594));
#10692 = CARTESIAN_POINT('',(1.491109408095,74.529773886143));
#10693 = CARTESIAN_POINT('',(1.496569746473,74.498526626489));
#10694 = CARTESIAN_POINT('',(1.502283246339,74.467522680604));
#10695 = CARTESIAN_POINT('',(1.508256590832,74.436785499355));
#10696 = CARTESIAN_POINT('',(1.521480857899,74.372272212153));
#10697 = CARTESIAN_POINT('',(1.528798846225,74.338571796661));
#10698 = CARTESIAN_POINT('',(1.536461838888,74.305275505114));
#10699 = CARTESIAN_POINT('',(1.54448099306,74.272426757502));
#10700 = CARTESIAN_POINT('',(1.552868047909,74.240077174838));
#10701 = CARTESIAN_POINT('',(1.561635424683,74.208286804317));
#10702 = CARTESIAN_POINT('',(1.570796326795,74.177124344468));
#10703 = ( GEOMETRIC_REPRESENTATION_CONTEXT(2) 
PARAMETRIC_REPRESENTATION_CONTEXT() REPRESENTATION_CONTEXT('2D SPACE',''
  ) );
#10704 = PCURVE('',#9495,#10705);
#10705 = DEFINITIONAL_REPRESENTATION('',(#10706),#10751);
#10706 = B_SPLINE_CURVE_WITH_KNOTS('',7,(#10707,#10708,#10709,#10710,
    #10711,#10712,#10713,#10714,#10715,#10716,#10717,#10718,#10719,
    #10720,#10721,#10722,#10723,#10724,#10725,#10726,#10727,#10728,
    #10729,#10730,#10731,#10732,#10733,#10734,#10735,#10736,#10737,
    #10738,#10739,#10740,#10741,#10742,#10743,#10744,#10745,#10746,
    #10747,#10748,#10749,#10750),.UNSPECIFIED.,.F.,.F.,(8,6,6,6,6,6,6,8)
  ,(0.,9.464759963924E-02,0.179514001558,0.29995236822,0.493846494777,
    0.820053965587,0.904971535877,1.),.UNSPECIFIED.);
#10707 = CARTESIAN_POINT('',(0.848062078981,0.8));
#10708 = CARTESIAN_POINT('',(0.868793158799,0.8));
#10709 = CARTESIAN_POINT('',(0.889369930534,0.799707522667));
#10710 = CARTESIAN_POINT('',(0.909805817467,0.79916766417));
#10711 = CARTESIAN_POINT('',(0.930112736317,0.798420250802));
#10712 = CARTESIAN_POINT('',(0.950301794412,0.797500429288));
#10713 = CARTESIAN_POINT('',(0.970383986855,0.796439257079));
#10714 = CARTESIAN_POINT('',(1.008292287099,0.794210752962));
#10715 = CARTESIAN_POINT('',(1.026136236819,0.793065772882));
#10716 = CARTESIAN_POINT('',(1.043910491837,0.791849220627));
#10717 = CARTESIAN_POINT('',(1.061621829093,0.790578804151));
#10718 = CARTESIAN_POINT('',(1.079276323364,0.78927032226));
#10719 = CARTESIAN_POINT('',(1.09687961715,0.787937915717));
#10720 = CARTESIAN_POINT('',(1.139354064796,0.784687548782));
#10721 = CARTESIAN_POINT('',(1.164178033989,0.782758318928));
#10722 = CARTESIAN_POINT('',(1.188924556593,0.780842875498));
#10723 = CARTESIAN_POINT('',(1.213606005988,0.778972005131));
#10724 = CARTESIAN_POINT('',(1.238232542643,0.777171746787));
#10725 = CARTESIAN_POINT('',(1.262812986282,0.775464104144));
#10726 = CARTESIAN_POINT('',(1.326867065138,0.771297795019));
#10727 = CARTESIAN_POINT('',(1.366278148303,0.769016400372));
#10728 = CARTESIAN_POINT('',(1.405623129206,0.767101069457));
#10729 = CARTESIAN_POINT('',(1.444923492632,0.765606595119));
#10730 = CARTESIAN_POINT('',(1.484194326025,0.764568859889));
#10731 = CARTESIAN_POINT('',(1.523449282447,0.764006772973));
#10732 = CARTESIAN_POINT('',(1.628746663545,0.76378032209));
#10733 = CARTESIAN_POINT('',(1.694657213557,0.764991297433));
#10734 = CARTESIAN_POINT('',(1.760606563851,0.767551955042));
#10735 = CARTESIAN_POINT('',(1.826685170326,0.771347274684));
#10736 = CARTESIAN_POINT('',(1.892997041228,0.776111896123));
#10737 = CARTESIAN_POINT('',(1.959666524853,0.781429352204));
#10738 = CARTESIAN_POINT('',(2.044559162337,0.787926233618));
#10739 = CARTESIAN_POINT('',(2.062139246372,0.789257065299));
#10740 = CARTESIAN_POINT('',(2.079770360827,0.790564124417));
#10741 = CARTESIAN_POINT('',(2.097458124436,0.79183333368));
#10742 = CARTESIAN_POINT('',(2.115208585266,0.793048967423));
#10743 = CARTESIAN_POINT('',(2.133028488586,0.794193402289));
#10744 = CARTESIAN_POINT('',(2.170953552538,0.796425766691));
#10745 = CARTESIAN_POINT('',(2.191077130903,0.797490683765));
#10746 = CARTESIAN_POINT('',(2.21130793611,0.798413915128));
#10747 = CARTESIAN_POINT('',(2.231657031102,0.799164231702));
#10748 = CARTESIAN_POINT('',(2.252135589794,0.799706282868));
#10749 = CARTESIAN_POINT('',(2.272755601375,0.8));
#10750 = CARTESIAN_POINT('',(2.293530574608,0.8));
#10751 = ( GEOMETRIC_REPRESENTATION_CONTEXT(2) 
PARAMETRIC_REPRESENTATION_CONTEXT() REPRESENTATION_CONTEXT('2D SPACE',''
  ) );
#10752 = ORIENTED_EDGE('',*,*,#10753,.T.);
#10753 = EDGE_CURVE('',#10608,#10754,#10756,.T.);
#10754 = VERTEX_POINT('',#10755);
#10755 = CARTESIAN_POINT('',(37.,69.5,15.));
#10756 = SURFACE_CURVE('',#10757,(#10761,#10768),.PCURVE_S1.);
#10757 = LINE('',#10758,#10759);
#10758 = CARTESIAN_POINT('',(-40.,69.5,15.));
#10759 = VECTOR('',#10760,1.);
#10760 = DIRECTION('',(1.,0.,0.));
#10761 = PCURVE('',#9334,#10762);
#10762 = DEFINITIONAL_REPRESENTATION('',(#10763),#10767);
#10763 = LINE('',#10764,#10765);
#10764 = CARTESIAN_POINT('',(1.570796326795,0.));
#10765 = VECTOR('',#10766,1.);
#10766 = DIRECTION('',(0.,1.));
#10767 = ( GEOMETRIC_REPRESENTATION_CONTEXT(2) 
PARAMETRIC_REPRESENTATION_CONTEXT() REPRESENTATION_CONTEXT('2D SPACE',''
  ) );
#10768 = PCURVE('',#10769,#10774);
#10769 = PLANE('',#10770);
#10770 = AXIS2_PLACEMENT_3D('',#10771,#10772,#10773);
#10771 = CARTESIAN_POINT('',(-40.,-72.5,15.));
#10772 = DIRECTION('',(0.,0.,1.));
#10773 = DIRECTION('',(1.,0.,0.));
#10774 = DEFINITIONAL_REPRESENTATION('',(#10775),#10779);
#10775 = LINE('',#10776,#10777);
#10776 = CARTESIAN_POINT('',(0.,142.));
#10777 = VECTOR('',#10778,1.);
#10778 = DIRECTION('',(1.,0.));
#10779 = ( GEOMETRIC_REPRESENTATION_CONTEXT(2) 
PARAMETRIC_REPRESENTATION_CONTEXT() REPRESENTATION_CONTEXT('2D SPACE',''
  ) );
#10780 = ORIENTED_EDGE('',*,*,#10781,.F.);
#10781 = EDGE_CURVE('',#9785,#10754,#10782,.T.);
#10782 = SURFACE_CURVE('',#10783,(#10788,#10794),.PCURVE_S1.);
#10783 = CIRCLE('',#10784,3.);
#10784 = AXIS2_PLACEMENT_3D('',#10785,#10786,#10787);
#10785 = CARTESIAN_POINT('',(37.,69.5,12.));
#10786 = DIRECTION('',(1.,0.,-6.123233995737E-17));
#10787 = DIRECTION('',(6.123233995737E-17,0.,1.));
#10788 = PCURVE('',#9334,#10789);
#10789 = DEFINITIONAL_REPRESENTATION('',(#10790),#10793);
#10790 = B_SPLINE_CURVE_WITH_KNOTS('',1,(#10791,#10792),.UNSPECIFIED.,
  .F.,.F.,(2,2),(4.712388980385,6.28318530718),
  .PIECEWISE_BEZIER_KNOTS.);
#10791 = CARTESIAN_POINT('',(0.,77.));
#10792 = CARTESIAN_POINT('',(1.570796326795,77.));
#10793 = ( GEOMETRIC_REPRESENTATION_CONTEXT(2) 
PARAMETRIC_REPRESENTATION_CONTEXT() REPRESENTATION_CONTEXT('2D SPACE',''
  ) );
#10794 = PCURVE('',#9952,#10795);
#10795 = DEFINITIONAL_REPRESENTATION('',(#10796),#10799);
#10796 = B_SPLINE_CURVE_WITH_KNOTS('',1,(#10797,#10798),.UNSPECIFIED.,
  .F.,.F.,(2,2),(4.712388980385,6.28318530718),
  .PIECEWISE_BEZIER_KNOTS.);
#10797 = CARTESIAN_POINT('',(1.570796326795,-1.570796326795));
#10798 = CARTESIAN_POINT('',(1.570796326795,0.));
#10799 = ( GEOMETRIC_REPRESENTATION_CONTEXT(2) 
PARAMETRIC_REPRESENTATION_CONTEXT() REPRESENTATION_CONTEXT('2D SPACE',''
  ) );
#10800 = ADVANCED_FACE('',(#10801),#9495,.F.);
#10801 = FACE_BOUND('',#10802,.F.);
#10802 = EDGE_LOOP('',(#10803,#10827,#10907,#10930,#10957,#10958,#11012,
    #11013));
#10803 = ORIENTED_EDGE('',*,*,#10804,.F.);
#10804 = EDGE_CURVE('',#10805,#10608,#10807,.T.);
#10805 = VERTEX_POINT('',#10806);
#10806 = CARTESIAN_POINT('',(37.,69.322875655532,15.));
#10807 = SURFACE_CURVE('',#10808,(#10813,#10820),.PCURVE_S1.);
#10808 = CIRCLE('',#10809,2.);
#10809 = AXIS2_PLACEMENT_3D('',#10810,#10811,#10812);
#10810 = CARTESIAN_POINT('',(35.5,68.,15.));
#10811 = DIRECTION('',(0.,0.,1.));
#10812 = DIRECTION('',(1.,0.,0.));
#10813 = PCURVE('',#9495,#10814);
#10814 = DEFINITIONAL_REPRESENTATION('',(#10815),#10819);
#10815 = LINE('',#10816,#10817);
#10816 = CARTESIAN_POINT('',(0.,0.8));
#10817 = VECTOR('',#10818,1.);
#10818 = DIRECTION('',(1.,0.));
#10819 = ( GEOMETRIC_REPRESENTATION_CONTEXT(2) 
PARAMETRIC_REPRESENTATION_CONTEXT() REPRESENTATION_CONTEXT('2D SPACE',''
  ) );
#10820 = PCURVE('',#10769,#10821);
#10821 = DEFINITIONAL_REPRESENTATION('',(#10822),#10826);
#10822 = CIRCLE('',#10823,2.);
#10823 = AXIS2_PLACEMENT_2D('',#10824,#10825);
#10824 = CARTESIAN_POINT('',(75.5,140.5));
#10825 = DIRECTION('',(1.,0.));
#10826 = ( GEOMETRIC_REPRESENTATION_CONTEXT(2) 
PARAMETRIC_REPRESENTATION_CONTEXT() REPRESENTATION_CONTEXT('2D SPACE',''
  ) );
#10827 = ORIENTED_EDGE('',*,*,#10828,.T.);
#10828 = EDGE_CURVE('',#10805,#10829,#10831,.T.);
#10829 = VERTEX_POINT('',#10830);
#10830 = CARTESIAN_POINT('',(37.4639136501,68.,14.9639136501));
#10831 = SURFACE_CURVE('',#10832,(#10855,#10881),.PCURVE_S1.);
#10832 = B_SPLINE_CURVE_WITH_KNOTS('',6,(#10833,#10834,#10835,#10836,
    #10837,#10838,#10839,#10840,#10841,#10842,#10843,#10844,#10845,
    #10846,#10847,#10848,#10849,#10850,#10851,#10852,#10853,#10854),
  .UNSPECIFIED.,.F.,.F.,(7,5,5,5,7),(0.,0.19469298086,0.412676455593,
    0.634205423279,1.),.UNSPECIFIED.);
#10833 = CARTESIAN_POINT('',(37.,69.322875655532,15.));
#10834 = CARTESIAN_POINT('',(37.032878580596,69.285594849367,15.));
#10835 = CARTESIAN_POINT('',(37.064019084144,69.247389831848,
    14.999567616832));
#10836 = CARTESIAN_POINT('',(37.093489405115,69.208390023386,
    14.998788483461));
#10837 = CARTESIAN_POINT('',(37.121354752142,69.168702681242,
    14.997734523187));
#10838 = CARTESIAN_POINT('',(37.147677664924,69.128413811071,
    14.996466318578));
#10839 = CARTESIAN_POINT('',(37.200329970319,69.041880614674,
    14.993433475688));
#10840 = CARTESIAN_POINT('',(37.226280955505,68.99550456072,
    14.991627762239));
#10841 = CARTESIAN_POINT('',(37.250453471705,68.94855550854,
    14.989690663959));
#10842 = CARTESIAN_POINT('',(37.272917409844,68.901111937417,
    14.987681241266));
#10843 = CARTESIAN_POINT('',(37.293732822001,68.85323775462,
    14.985648086466));
#10844 = CARTESIAN_POINT('',(37.332485141466,68.755945069284,
    14.981583362124));
#10845 = CARTESIAN_POINT('',(37.350368851595,68.706516224333,
    14.979552433034));
#10846 = CARTESIAN_POINT('',(37.366658442244,68.656752208112,
    14.977582116734));
#10847 = CARTESIAN_POINT('',(37.381398292675,68.606700861431,
    14.975707153154));
#10848 = CARTESIAN_POINT('',(37.394624472909,68.55640373186,
    14.973955612006));
#10849 = CARTESIAN_POINT('',(37.425755755164,68.422498522207,
    14.969699479653));
#10850 = CARTESIAN_POINT('',(37.441097675496,68.338532353538,
    14.967447400141));
#10851 = CARTESIAN_POINT('',(37.452525968591,68.25416013202,
    14.965696094777));
#10852 = CARTESIAN_POINT('',(37.460117498636,68.169526634914,
    14.964507813559));
#10853 = CARTESIAN_POINT('',(37.4639136501,68.084765240614,14.9639136501
    ));
#10854 = CARTESIAN_POINT('',(37.4639136501,68.,14.9639136501));
#10855 = PCURVE('',#9495,#10856);
#10856 = DEFINITIONAL_REPRESENTATION('',(#10857),#10880);
#10857 = B_SPLINE_CURVE_WITH_KNOTS('',6,(#10858,#10859,#10860,#10861,
    #10862,#10863,#10864,#10865,#10866,#10867,#10868,#10869,#10870,
    #10871,#10872,#10873,#10874,#10875,#10876,#10877,#10878,#10879),
  .UNSPECIFIED.,.F.,.F.,(7,5,5,5,7),(0.,0.19469298086,0.412676455593,
    0.634205423279,1.),.UNSPECIFIED.);
#10858 = CARTESIAN_POINT('',(0.722734247813,0.8));
#10859 = CARTESIAN_POINT('',(0.697880377037,0.8));
#10860 = CARTESIAN_POINT('',(0.673254719523,0.799567616832));
#10861 = CARTESIAN_POINT('',(0.648831651523,0.798788483461));
#10862 = CARTESIAN_POINT('',(0.624589568414,0.797734523187));
#10863 = CARTESIAN_POINT('',(0.600508100853,0.796466318578));
#10864 = CARTESIAN_POINT('',(0.549758364601,0.793433475688));
#10865 = CARTESIAN_POINT('',(0.523127684576,0.791627762239));
#10866 = CARTESIAN_POINT('',(0.496644298393,0.789690663959));
#10867 = CARTESIAN_POINT('',(0.470285772614,0.787681241266));
#10868 = CARTESIAN_POINT('',(0.444033217045,0.785648086466));
#10869 = CARTESIAN_POINT('',(0.391277748955,0.781583362124));
#10870 = CARTESIAN_POINT('',(0.36477887699,0.779552433034));
#10871 = CARTESIAN_POINT('',(0.338353508261,0.777582116734));
#10872 = CARTESIAN_POINT('',(0.311987981333,0.775707153154));
#10873 = CARTESIAN_POINT('',(0.28567133689,0.773955612007));
#10874 = CARTESIAN_POINT('',(0.216002927291,0.769699479653));
#10875 = CARTESIAN_POINT('',(0.172720386364,0.76744740014));
#10876 = CARTESIAN_POINT('',(0.129501017213,0.765696094778));
#10877 = CARTESIAN_POINT('',(8.632084252642E-02,0.764507813558));
#10878 = CARTESIAN_POINT('',(4.316138879628E-02,0.7639136501));
#10879 = CARTESIAN_POINT('',(0.,0.7639136501));
#10880 = ( GEOMETRIC_REPRESENTATION_CONTEXT(2) 
PARAMETRIC_REPRESENTATION_CONTEXT() REPRESENTATION_CONTEXT('2D SPACE',''
  ) );
#10881 = PCURVE('',#9466,#10882);
#10882 = DEFINITIONAL_REPRESENTATION('',(#10883),#10906);
#10883 = B_SPLINE_CURVE_WITH_KNOTS('',6,(#10884,#10885,#10886,#10887,
    #10888,#10889,#10890,#10891,#10892,#10893,#10894,#10895,#10896,
    #10897,#10898,#10899,#10900,#10901,#10902,#10903,#10904,#10905),
  .UNSPECIFIED.,.F.,.F.,(7,5,5,5,7),(0.,0.19469298086,0.412676455593,
    0.634205423279,1.),.UNSPECIFIED.);
#10884 = CARTESIAN_POINT('',(-1.570796326795,141.82287565553));
#10885 = CARTESIAN_POINT('',(-1.559836799929,141.78559484936));
#10886 = CARTESIAN_POINT('',(-1.549456627141,141.74738983184));
#10887 = CARTESIAN_POINT('',(-1.539630831813,141.70839002338));
#10888 = CARTESIAN_POINT('',(-1.530336510393,141.66870268124));
#10889 = CARTESIAN_POINT('',(-1.521552421384,141.62841381107));
#10890 = CARTESIAN_POINT('',(-1.503972561065,141.54188061467));
#10891 = CARTESIAN_POINT('',(-1.49530192934,141.49550456072));
#10892 = CARTESIAN_POINT('',(-1.487219199831,141.44855550854));
#10893 = CARTESIAN_POINT('',(-1.479701707403,141.40111193741));
#10894 = CARTESIAN_POINT('',(-1.472730399644,141.35323775462));
#10895 = CARTESIAN_POINT('',(-1.459742096155,141.25594506928));
#10896 = CARTESIAN_POINT('',(-1.453742760782,141.20651622433));
#10897 = CARTESIAN_POINT('',(-1.448273511586,141.15675220811));
#10898 = CARTESIAN_POINT('',(-1.443320736237,141.10670086143));
#10899 = CARTESIAN_POINT('',(-1.438873559927,141.05640373186));
#10900 = CARTESIAN_POINT('',(-1.428399934865,140.9224985222));
#10901 = CARTESIAN_POINT('',(-1.423231408348,140.83853235353));
#10902 = CARTESIAN_POINT('',(-1.419377517687,140.75416013202));
#10903 = CARTESIAN_POINT('',(-1.416816200102,140.66952663491));
#10904 = CARTESIAN_POINT('',(-1.415535409462,140.58476524061));
#10905 = CARTESIAN_POINT('',(-1.415535409462,140.5));
#10906 = ( GEOMETRIC_REPRESENTATION_CONTEXT(2) 
PARAMETRIC_REPRESENTATION_CONTEXT() REPRESENTATION_CONTEXT('2D SPACE',''
  ) );
#10907 = ORIENTED_EDGE('',*,*,#10908,.F.);
#10908 = EDGE_CURVE('',#10909,#10829,#10911,.T.);
#10909 = VERTEX_POINT('',#10910);
#10910 = CARTESIAN_POINT('',(36.7,68.,14.2));
#10911 = SEAM_CURVE('',#10912,(#10916,#10923),.PCURVE_S1.);
#10912 = LINE('',#10913,#10914);
#10913 = CARTESIAN_POINT('',(36.7,68.,14.2));
#10914 = VECTOR('',#10915,1.);
#10915 = DIRECTION('',(0.707106781187,-1.731912112471E-16,0.707106781187
    ));
#10916 = PCURVE('',#9495,#10917);
#10917 = DEFINITIONAL_REPRESENTATION('',(#10918),#10922);
#10918 = LINE('',#10919,#10920);
#10919 = CARTESIAN_POINT('',(6.28318530718,-0.));
#10920 = VECTOR('',#10921,1.);
#10921 = DIRECTION('',(0.,1.));
#10922 = ( GEOMETRIC_REPRESENTATION_CONTEXT(2) 
PARAMETRIC_REPRESENTATION_CONTEXT() REPRESENTATION_CONTEXT('2D SPACE',''
  ) );
#10923 = PCURVE('',#9495,#10924);
#10924 = DEFINITIONAL_REPRESENTATION('',(#10925),#10929);
#10925 = LINE('',#10926,#10927);
#10926 = CARTESIAN_POINT('',(0.,-0.));
#10927 = VECTOR('',#10928,1.);
#10928 = DIRECTION('',(0.,1.));
#10929 = ( GEOMETRIC_REPRESENTATION_CONTEXT(2) 
PARAMETRIC_REPRESENTATION_CONTEXT() REPRESENTATION_CONTEXT('2D SPACE',''
  ) );
#10930 = ORIENTED_EDGE('',*,*,#10931,.T.);
#10931 = EDGE_CURVE('',#10909,#10909,#10932,.T.);
#10932 = SURFACE_CURVE('',#10933,(#10938,#10945),.PCURVE_S1.);
#10933 = CIRCLE('',#10934,1.2);
#10934 = AXIS2_PLACEMENT_3D('',#10935,#10936,#10937);
#10935 = CARTESIAN_POINT('',(35.5,68.,14.2));
#10936 = DIRECTION('',(0.,0.,1.));
#10937 = DIRECTION('',(1.,0.,0.));
#10938 = PCURVE('',#9495,#10939);
#10939 = DEFINITIONAL_REPRESENTATION('',(#10940),#10944);
#10940 = LINE('',#10941,#10942);
#10941 = CARTESIAN_POINT('',(0.,0.));
#10942 = VECTOR('',#10943,1.);
#10943 = DIRECTION('',(1.,0.));
#10944 = ( GEOMETRIC_REPRESENTATION_CONTEXT(2) 
PARAMETRIC_REPRESENTATION_CONTEXT() REPRESENTATION_CONTEXT('2D SPACE',''
  ) );
#10945 = PCURVE('',#10946,#10951);
#10946 = CYLINDRICAL_SURFACE('',#10947,1.2);
#10947 = AXIS2_PLACEMENT_3D('',#10948,#10949,#10950);
#10948 = CARTESIAN_POINT('',(35.5,68.,10.5));
#10949 = DIRECTION('',(0.,0.,1.));
#10950 = DIRECTION('',(1.,0.,0.));
#10951 = DEFINITIONAL_REPRESENTATION('',(#10952),#10956);
#10952 = LINE('',#10953,#10954);
#10953 = CARTESIAN_POINT('',(0.,3.7));
#10954 = VECTOR('',#10955,1.);
#10955 = DIRECTION('',(1.,0.));
#10956 = ( GEOMETRIC_REPRESENTATION_CONTEXT(2) 
PARAMETRIC_REPRESENTATION_CONTEXT() REPRESENTATION_CONTEXT('2D SPACE',''
  ) );
#10957 = ORIENTED_EDGE('',*,*,#10908,.T.);
#10958 = ORIENTED_EDGE('',*,*,#10959,.T.);
#10959 = EDGE_CURVE('',#10829,#9451,#10960,.T.);
#10960 = SURFACE_CURVE('',#10961,(#10976,#10994),.PCURVE_S1.);
#10961 = B_SPLINE_CURVE_WITH_KNOTS('',7,(#10962,#10963,#10964,#10965,
    #10966,#10967,#10968,#10969,#10970,#10971,#10972,#10973,#10974,
    #10975),.UNSPECIFIED.,.F.,.F.,(8,6,8),(0.,0.740345121703,1.),
  .UNSPECIFIED.);
#10962 = CARTESIAN_POINT('',(37.4639136501,68.,14.9639136501));
#10963 = CARTESIAN_POINT('',(37.4639136501,67.852616202187,14.9639136501
    ));
#10964 = CARTESIAN_POINT('',(37.452758839241,67.705655511061,
    14.965661760686));
#10965 = CARTESIAN_POINT('',(37.43055040503,67.559362781638,
    14.96913091897));
#10966 = CARTESIAN_POINT('',(37.396976297814,67.414188960867,
    14.974126729715));
#10967 = CARTESIAN_POINT('',(37.351366773326,67.270931586778,
    14.980178640979));
#10968 = CARTESIAN_POINT('',(37.292868265441,67.130625263544,
    14.986569819001));
#10969 = CARTESIAN_POINT('',(37.194142833425,66.947325095703,
    14.993821844341));
#10970 = CARTESIAN_POINT('',(37.166718928197,66.900306339195,
    14.995578766042));
#10971 = CARTESIAN_POINT('',(37.137431563876,66.853932585679,
    14.99715067964));
#10972 = CARTESIAN_POINT('',(37.106202300859,66.808296528886,
    14.998468652937));
#10973 = CARTESIAN_POINT('',(37.072947709167,66.763515870663,
    14.999450907736));
#10974 = CARTESIAN_POINT('',(37.037578723787,66.719734612065,15.));
#10975 = CARTESIAN_POINT('',(37.,66.677124344468,15.));
#10976 = PCURVE('',#9495,#10977);
#10977 = DEFINITIONAL_REPRESENTATION('',(#10978),#10993);
#10978 = B_SPLINE_CURVE_WITH_KNOTS('',7,(#10979,#10980,#10981,#10982,
    #10983,#10984,#10985,#10986,#10987,#10988,#10989,#10990,#10991,
    #10992),.UNSPECIFIED.,.F.,.F.,(8,6,8),(0.,0.740345121703,1.),
  .UNSPECIFIED.);
#10979 = CARTESIAN_POINT('',(6.28318530718,0.7639136501));
#10980 = CARTESIAN_POINT('',(6.208139340772,0.7639136501));
#10981 = CARTESIAN_POINT('',(6.133310692536,0.765661760686));
#10982 = CARTESIAN_POINT('',(6.05840442127,0.769130918971));
#10983 = CARTESIAN_POINT('',(5.98327329303,0.774126729714));
#10984 = CARTESIAN_POINT('',(5.907748383655,0.780178640979));
#10985 = CARTESIAN_POINT('',(5.831630527552,0.786569819001));
#10986 = CARTESIAN_POINT('',(5.727174573719,0.793821844341));
#10987 = CARTESIAN_POINT('',(5.699908402049,0.795578766042));
#10988 = CARTESIAN_POINT('',(5.672470112834,0.79715067964));
#10989 = CARTESIAN_POINT('',(5.644833842492,0.798468652936));
#10990 = CARTESIAN_POINT('',(5.616973157541,0.799450907736));
#10991 = CARTESIAN_POINT('',(5.588857904431,0.8));
#10992 = CARTESIAN_POINT('',(5.560451059366,0.8));
#10993 = ( GEOMETRIC_REPRESENTATION_CONTEXT(2) 
PARAMETRIC_REPRESENTATION_CONTEXT() REPRESENTATION_CONTEXT('2D SPACE',''
  ) );
#10994 = PCURVE('',#9466,#10995);
#10995 = DEFINITIONAL_REPRESENTATION('',(#10996),#11011);
#10996 = B_SPLINE_CURVE_WITH_KNOTS('',7,(#10997,#10998,#10999,#11000,
    #11001,#11002,#11003,#11004,#11005,#11006,#11007,#11008,#11009,
    #11010),.UNSPECIFIED.,.F.,.F.,(8,6,8),(0.,0.740345121703,1.),
  .UNSPECIFIED.);
#10997 = CARTESIAN_POINT('',(-1.415535409462,140.5));
#10998 = CARTESIAN_POINT('',(-1.415535409462,140.35261620218));
#10999 = CARTESIAN_POINT('',(-1.419298867894,140.20565551106));
#11000 = CARTESIAN_POINT('',(-1.426792068149,140.05936278163));
#11001 = CARTESIAN_POINT('',(-1.438105307664,139.91418896086));
#11002 = CARTESIAN_POINT('',(-1.453439039539,139.77093158677));
#11003 = CARTESIAN_POINT('',(-1.473042240904,139.63062526354));
#11004 = CARTESIAN_POINT('',(-1.506039383539,139.4473250957));
#11005 = CARTESIAN_POINT('',(-1.515199006837,139.40030633919));
#11006 = CARTESIAN_POINT('',(-1.524974674082,139.35393258567));
#11007 = CARTESIAN_POINT('',(-1.535392367622,139.30829652888));
#11008 = CARTESIAN_POINT('',(-1.546480405674,139.26351587066));
#11009 = CARTESIAN_POINT('',(-1.558270085533,139.21973461206));
#11010 = CARTESIAN_POINT('',(-1.570796326795,139.17712434446));
#11011 = ( GEOMETRIC_REPRESENTATION_CONTEXT(2) 
PARAMETRIC_REPRESENTATION_CONTEXT() REPRESENTATION_CONTEXT('2D SPACE',''
  ) );
#11012 = ORIENTED_EDGE('',*,*,#9478,.F.);
#11013 = ORIENTED_EDGE('',*,*,#10607,.F.);
#11014 = ADVANCED_FACE('',(#11015),#9466,.T.);
#11015 = FACE_BOUND('',#11016,.F.);
#11016 = EDGE_LOOP('',(#11017,#11037,#11060,#11116,#11194,#11195,#11196,
    #11197,#11218,#11240));
#11017 = ORIENTED_EDGE('',*,*,#11018,.F.);
#11018 = EDGE_CURVE('',#10553,#9832,#11019,.T.);
#11019 = SURFACE_CURVE('',#11020,(#11025,#11031),.PCURVE_S1.);
#11020 = CIRCLE('',#11021,3.);
#11021 = AXIS2_PLACEMENT_3D('',#11022,#11023,#11024);
#11022 = CARTESIAN_POINT('',(37.,-69.5,12.));
#11023 = DIRECTION('',(-0.,1.,0.));
#11024 = DIRECTION('',(1.,0.,0.));
#11025 = PCURVE('',#9466,#11026);
#11026 = DEFINITIONAL_REPRESENTATION('',(#11027),#11030);
#11027 = B_SPLINE_CURVE_WITH_KNOTS('',1,(#11028,#11029),.UNSPECIFIED.,
  .F.,.F.,(2,2),(4.712388980385,6.28318530718),
  .PIECEWISE_BEZIER_KNOTS.);
#11028 = CARTESIAN_POINT('',(-1.570796326795,3.));
#11029 = CARTESIAN_POINT('',(0.,3.));
#11030 = ( GEOMETRIC_REPRESENTATION_CONTEXT(2) 
PARAMETRIC_REPRESENTATION_CONTEXT() REPRESENTATION_CONTEXT('2D SPACE',''
  ) );
#11031 = PCURVE('',#9871,#11032);
#11032 = DEFINITIONAL_REPRESENTATION('',(#11033),#11036);
#11033 = B_SPLINE_CURVE_WITH_KNOTS('',1,(#11034,#11035),.UNSPECIFIED.,
  .F.,.F.,(2,2),(4.712388980385,6.28318530718),
  .PIECEWISE_BEZIER_KNOTS.);
#11034 = CARTESIAN_POINT('',(0.,-1.570796326795));
#11035 = CARTESIAN_POINT('',(0.,0.));
#11036 = ( GEOMETRIC_REPRESENTATION_CONTEXT(2) 
PARAMETRIC_REPRESENTATION_CONTEXT() REPRESENTATION_CONTEXT('2D SPACE',''
  ) );
#11037 = ORIENTED_EDGE('',*,*,#11038,.T.);
#11038 = EDGE_CURVE('',#10553,#11039,#11041,.T.);
#11039 = VERTEX_POINT('',#11040);
#11040 = CARTESIAN_POINT('',(37.,-69.32287565553,15.));
#11041 = SURFACE_CURVE('',#11042,(#11046,#11053),.PCURVE_S1.);
#11042 = LINE('',#11043,#11044);
#11043 = CARTESIAN_POINT('',(37.,-72.5,15.));
#11044 = VECTOR('',#11045,1.);
#11045 = DIRECTION('',(0.,1.,0.));
#11046 = PCURVE('',#9466,#11047);
#11047 = DEFINITIONAL_REPRESENTATION('',(#11048),#11052);
#11048 = LINE('',#11049,#11050);
#11049 = CARTESIAN_POINT('',(-1.570796326795,0.));
#11050 = VECTOR('',#11051,1.);
#11051 = DIRECTION('',(-0.,1.));
#11052 = ( GEOMETRIC_REPRESENTATION_CONTEXT(2) 
PARAMETRIC_REPRESENTATION_CONTEXT() REPRESENTATION_CONTEXT('2D SPACE',''
  ) );
#11053 = PCURVE('',#10568,#11054);
#11054 = DEFINITIONAL_REPRESENTATION('',(#11055),#11059);
#11055 = LINE('',#11056,#11057);
#11056 = CARTESIAN_POINT('',(77.,0.));
#11057 = VECTOR('',#11058,1.);
#11058 = DIRECTION('',(0.,1.));
#11059 = ( GEOMETRIC_REPRESENTATION_CONTEXT(2) 
PARAMETRIC_REPRESENTATION_CONTEXT() REPRESENTATION_CONTEXT('2D SPACE',''
  ) );
#11060 = ORIENTED_EDGE('',*,*,#11061,.F.);
#11061 = EDGE_CURVE('',#11062,#11039,#11064,.T.);
#11062 = VERTEX_POINT('',#11063);
#11063 = CARTESIAN_POINT('',(37.4639136501,-68.,14.9639136501));
#11064 = SURFACE_CURVE('',#11065,(#11080,#11098),.PCURVE_S1.);
#11065 = B_SPLINE_CURVE_WITH_KNOTS('',7,(#11066,#11067,#11068,#11069,
    #11070,#11071,#11072,#11073,#11074,#11075,#11076,#11077,#11078,
    #11079),.UNSPECIFIED.,.F.,.F.,(8,6,8),(0.,0.740345121702,1.),
  .UNSPECIFIED.);
#11066 = CARTESIAN_POINT('',(37.4639136501,-68.,14.9639136501));
#11067 = CARTESIAN_POINT('',(37.4639136501,-68.14738379777,14.9639136501
    ));
#11068 = CARTESIAN_POINT('',(37.452758839239,-68.29434448898,
    14.965661760686));
#11069 = CARTESIAN_POINT('',(37.430550405032,-68.44063721832,
    14.96913091897));
#11070 = CARTESIAN_POINT('',(37.396976297812,-68.58581103914,
    14.974126729715));
#11071 = CARTESIAN_POINT('',(37.351366773327,-68.72906841321,
    14.980178640978));
#11072 = CARTESIAN_POINT('',(37.292868265441,-68.86937473645,
    14.986569819001));
#11073 = CARTESIAN_POINT('',(37.194142833425,-69.05267490429,
    14.993821844341));
#11074 = CARTESIAN_POINT('',(37.166718928197,-69.0996936608,
    14.995578766042));
#11075 = CARTESIAN_POINT('',(37.137431563877,-69.14606741432,
    14.99715067964));
#11076 = CARTESIAN_POINT('',(37.106202300859,-69.19170347111,
    14.998468652937));
#11077 = CARTESIAN_POINT('',(37.072947709167,-69.23648412933,
    14.999450907736));
#11078 = CARTESIAN_POINT('',(37.037578723787,-69.28026538793,15.));
#11079 = CARTESIAN_POINT('',(37.,-69.32287565553,15.));
#11080 = PCURVE('',#9466,#11081);
#11081 = DEFINITIONAL_REPRESENTATION('',(#11082),#11097);
#11082 = B_SPLINE_CURVE_WITH_KNOTS('',7,(#11083,#11084,#11085,#11086,
    #11087,#11088,#11089,#11090,#11091,#11092,#11093,#11094,#11095,
    #11096),.UNSPECIFIED.,.F.,.F.,(8,6,8),(0.,0.740345121702,1.),
  .UNSPECIFIED.);
#11083 = CARTESIAN_POINT('',(-1.415535409462,4.5));
#11084 = CARTESIAN_POINT('',(-1.415535409462,4.352616202227));
#11085 = CARTESIAN_POINT('',(-1.419298867894,4.205655511015));
#11086 = CARTESIAN_POINT('',(-1.426792068148,4.059362781671));
#11087 = CARTESIAN_POINT('',(-1.438105307665,3.914188960851));
#11088 = CARTESIAN_POINT('',(-1.453439039539,3.770931586783));
#11089 = CARTESIAN_POINT('',(-1.473042240904,3.630625263543));
#11090 = CARTESIAN_POINT('',(-1.506039383539,3.447325095703));
#11091 = CARTESIAN_POINT('',(-1.515199006837,3.400306339195));
#11092 = CARTESIAN_POINT('',(-1.524974674082,3.353932585679));
#11093 = CARTESIAN_POINT('',(-1.535392367622,3.308296528886));
#11094 = CARTESIAN_POINT('',(-1.546480405674,3.263515870662));
#11095 = CARTESIAN_POINT('',(-1.558270085533,3.219734612065));
#11096 = CARTESIAN_POINT('',(-1.570796326795,3.177124344468));
#11097 = ( GEOMETRIC_REPRESENTATION_CONTEXT(2) 
PARAMETRIC_REPRESENTATION_CONTEXT() REPRESENTATION_CONTEXT('2D SPACE',''
  ) );
#11098 = PCURVE('',#9438,#11099);
#11099 = DEFINITIONAL_REPRESENTATION('',(#11100),#11115);
#11100 = B_SPLINE_CURVE_WITH_KNOTS('',7,(#11101,#11102,#11103,#11104,
    #11105,#11106,#11107,#11108,#11109,#11110,#11111,#11112,#11113,
    #11114),.UNSPECIFIED.,.F.,.F.,(8,6,8),(0.,0.740345121702,1.),
  .UNSPECIFIED.);
#11101 = CARTESIAN_POINT('',(6.28318530718,0.7639136501));
#11102 = CARTESIAN_POINT('',(6.208139340792,0.7639136501));
#11103 = CARTESIAN_POINT('',(6.133310692513,0.765661760686));
#11104 = CARTESIAN_POINT('',(6.058404421286,0.76913091897));
#11105 = CARTESIAN_POINT('',(5.983273293023,0.774126729715));
#11106 = CARTESIAN_POINT('',(5.907748383657,0.780178640978));
#11107 = CARTESIAN_POINT('',(5.831630527551,0.786569819001));
#11108 = CARTESIAN_POINT('',(5.727174573719,0.793821844341));
#11109 = CARTESIAN_POINT('',(5.699908402049,0.795578766042));
#11110 = CARTESIAN_POINT('',(5.672470112834,0.79715067964));
#11111 = CARTESIAN_POINT('',(5.644833842492,0.798468652937));
#11112 = CARTESIAN_POINT('',(5.616973157541,0.799450907736));
#11113 = CARTESIAN_POINT('',(5.588857904431,0.8));
#11114 = CARTESIAN_POINT('',(5.560451059366,0.8));
#11115 = ( GEOMETRIC_REPRESENTATION_CONTEXT(2) 
PARAMETRIC_REPRESENTATION_CONTEXT() REPRESENTATION_CONTEXT('2D SPACE',''
  ) );
#11116 = ORIENTED_EDGE('',*,*,#11117,.F.);
#11117 = EDGE_CURVE('',#9422,#11062,#11118,.T.);
#11118 = SURFACE_CURVE('',#11119,(#11142,#11168),.PCURVE_S1.);
#11119 = B_SPLINE_CURVE_WITH_KNOTS('',6,(#11120,#11121,#11122,#11123,
    #11124,#11125,#11126,#11127,#11128,#11129,#11130,#11131,#11132,
    #11133,#11134,#11135,#11136,#11137,#11138,#11139,#11140,#11141),
  .UNSPECIFIED.,.F.,.F.,(7,5,5,5,7),(0.,0.194692980217,0.412676455895,
    0.634205423937,1.),.UNSPECIFIED.);
#11120 = CARTESIAN_POINT('',(37.,-66.67712434446,15.));
#11121 = CARTESIAN_POINT('',(37.032878580488,-66.71440515051,15.));
#11122 = CARTESIAN_POINT('',(37.064019083939,-66.7526101679,
    14.999567616835));
#11123 = CARTESIAN_POINT('',(37.093489404824,-66.79160997622,
    14.998788483469));
#11124 = CARTESIAN_POINT('',(37.121354751774,-66.83129731823,
    14.997734523201));
#11125 = CARTESIAN_POINT('',(37.14767766449,-66.87158618826,
    14.996466318599));
#11126 = CARTESIAN_POINT('',(37.200329969975,-66.9581193847,
    14.993433475713));
#11127 = CARTESIAN_POINT('',(37.226280955292,-67.00449543885,
    14.991627762257));
#11128 = CARTESIAN_POINT('',(37.250453471607,-67.05144449123,
    14.989690663969));
#11129 = CARTESIAN_POINT('',(37.272917409847,-67.09888806256,
    14.987681241267));
#11130 = CARTESIAN_POINT('',(37.293732822089,-67.14676224557,
    14.985648086457));
#11131 = CARTESIAN_POINT('',(37.332485141646,-67.2440549312,
    14.981583362104));
#11132 = CARTESIAN_POINT('',(37.350368851791,-67.29348377623,
    14.979552433012));
#11133 = CARTESIAN_POINT('',(37.36665844245,-67.34324779253,
    14.977582116709));
#11134 = CARTESIAN_POINT('',(37.381398292886,-67.3932991393,
    14.975707153127));
#11135 = CARTESIAN_POINT('',(37.394624473121,-67.44359626895,
    14.973955611978));
#11136 = CARTESIAN_POINT('',(37.425755755302,-67.57750147855,
    14.969699479633));
#11137 = CARTESIAN_POINT('',(37.441097675579,-67.66146764706,
    14.967447400129));
#11138 = CARTESIAN_POINT('',(37.45252596863,-67.74583986843,
    14.96569609477));
#11139 = CARTESIAN_POINT('',(37.460117498651,-67.83047336539,
    14.964507813556));
#11140 = CARTESIAN_POINT('',(37.4639136501,-67.91523475953,14.9639136501
    ));
#11141 = CARTESIAN_POINT('',(37.4639136501,-68.,14.9639136501));
#11142 = PCURVE('',#9466,#11143);
#11143 = DEFINITIONAL_REPRESENTATION('',(#11144),#11167);
#11144 = B_SPLINE_CURVE_WITH_KNOTS('',6,(#11145,#11146,#11147,#11148,
    #11149,#11150,#11151,#11152,#11153,#11154,#11155,#11156,#11157,
    #11158,#11159,#11160,#11161,#11162,#11163,#11164,#11165,#11166),
  .UNSPECIFIED.,.F.,.F.,(7,5,5,5,7),(0.,0.194692980217,0.412676455895,
    0.634205423937,1.),.UNSPECIFIED.);
#11145 = CARTESIAN_POINT('',(-1.570796326795,5.822875655532));
#11146 = CARTESIAN_POINT('',(-1.559836799966,5.78559484949));
#11147 = CARTESIAN_POINT('',(-1.54945662721,5.7473898321));
#11148 = CARTESIAN_POINT('',(-1.53963083191,5.708390023772));
#11149 = CARTESIAN_POINT('',(-1.530336510516,5.668702681766));
#11150 = CARTESIAN_POINT('',(-1.521552421529,5.628413811736));
#11151 = CARTESIAN_POINT('',(-1.50397256118,5.541880615294));
#11152 = CARTESIAN_POINT('',(-1.495301929411,5.495504561145));
#11153 = CARTESIAN_POINT('',(-1.487219199864,5.448555508763));
#11154 = CARTESIAN_POINT('',(-1.479701707402,5.401111937435));
#11155 = CARTESIAN_POINT('',(-1.472730399615,5.353237754429));
#11156 = CARTESIAN_POINT('',(-1.459742096094,5.2559450688));
#11157 = CARTESIAN_POINT('',(-1.453742760717,5.206516223767));
#11158 = CARTESIAN_POINT('',(-1.448273511516,5.156752207463));
#11159 = CARTESIAN_POINT('',(-1.443320736166,5.106700860698));
#11160 = CARTESIAN_POINT('',(-1.438873559856,5.056403731042));
#11161 = CARTESIAN_POINT('',(-1.428399934819,4.92249852145));
#11162 = CARTESIAN_POINT('',(-1.42323140832,4.838532352931));
#11163 = CARTESIAN_POINT('',(-1.419377517674,4.754160131562));
#11164 = CARTESIAN_POINT('',(-1.416816200098,4.669526634609));
#11165 = CARTESIAN_POINT('',(-1.415535409462,4.584765240461));
#11166 = CARTESIAN_POINT('',(-1.415535409462,4.5));
#11167 = ( GEOMETRIC_REPRESENTATION_CONTEXT(2) 
PARAMETRIC_REPRESENTATION_CONTEXT() REPRESENTATION_CONTEXT('2D SPACE',''
  ) );
#11168 = PCURVE('',#9438,#11169);
#11169 = DEFINITIONAL_REPRESENTATION('',(#11170),#11193);
#11170 = B_SPLINE_CURVE_WITH_KNOTS('',6,(#11171,#11172,#11173,#11174,
    #11175,#11176,#11177,#11178,#11179,#11180,#11181,#11182,#11183,
    #11184,#11185,#11186,#11187,#11188,#11189,#11190,#11191,#11192),
  .UNSPECIFIED.,.F.,.F.,(7,5,5,5,7),(0.,0.194692980217,0.412676455895,
    0.634205423937,1.),.UNSPECIFIED.);
#11171 = CARTESIAN_POINT('',(0.722734247813,0.8));
#11172 = CARTESIAN_POINT('',(0.697880377119,0.8));
#11173 = CARTESIAN_POINT('',(0.673254719685,0.799567616835));
#11174 = CARTESIAN_POINT('',(0.648831651764,0.798788483469));
#11175 = CARTESIAN_POINT('',(0.624589568734,0.797734523201));
#11176 = CARTESIAN_POINT('',(0.60050810125,0.796466318599));
#11177 = CARTESIAN_POINT('',(0.549758364956,0.793433475713));
#11178 = CARTESIAN_POINT('',(0.523127684815,0.791627762257));
#11179 = CARTESIAN_POINT('',(0.496644298516,0.789690663969));
#11180 = CARTESIAN_POINT('',(0.470285772622,0.787681241267));
#11181 = CARTESIAN_POINT('',(0.444033216939,0.785648086457));
#11182 = CARTESIAN_POINT('',(0.391277748695,0.781583362104));
#11183 = CARTESIAN_POINT('',(0.364778876687,0.779552433012));
#11184 = CARTESIAN_POINT('',(0.338353507917,0.777582116709));
#11185 = CARTESIAN_POINT('',(0.311987980947,0.775707153127));
#11186 = CARTESIAN_POINT('',(0.285671336463,0.773955611978));
#11187 = CARTESIAN_POINT('',(0.216002926902,0.769699479633));
#11188 = CARTESIAN_POINT('',(0.172720386053,0.767447400129));
#11189 = CARTESIAN_POINT('',(0.12950101698,0.76569609477));
#11190 = CARTESIAN_POINT('',(8.6320842371E-02,0.764507813556));
#11191 = CARTESIAN_POINT('',(4.316138871845E-02,0.7639136501));
#11192 = CARTESIAN_POINT('',(0.,0.7639136501));
#11193 = ( GEOMETRIC_REPRESENTATION_CONTEXT(2) 
PARAMETRIC_REPRESENTATION_CONTEXT() REPRESENTATION_CONTEXT('2D SPACE',''
  ) );
#11194 = ORIENTED_EDGE('',*,*,#9450,.T.);
#11195 = ORIENTED_EDGE('',*,*,#10959,.F.);
#11196 = ORIENTED_EDGE('',*,*,#10828,.F.);
#11197 = ORIENTED_EDGE('',*,*,#11198,.T.);
#11198 = EDGE_CURVE('',#10805,#10754,#11199,.T.);
#11199 = SURFACE_CURVE('',#11200,(#11204,#11211),.PCURVE_S1.);
#11200 = LINE('',#11201,#11202);
#11201 = CARTESIAN_POINT('',(37.,-72.5,15.));
#11202 = VECTOR('',#11203,1.);
#11203 = DIRECTION('',(0.,1.,0.));
#11204 = PCURVE('',#9466,#11205);
#11205 = DEFINITIONAL_REPRESENTATION('',(#11206),#11210);
#11206 = LINE('',#11207,#11208);
#11207 = CARTESIAN_POINT('',(-1.570796326795,0.));
#11208 = VECTOR('',#11209,1.);
#11209 = DIRECTION('',(-0.,1.));
#11210 = ( GEOMETRIC_REPRESENTATION_CONTEXT(2) 
PARAMETRIC_REPRESENTATION_CONTEXT() REPRESENTATION_CONTEXT('2D SPACE',''
  ) );
#11211 = PCURVE('',#10769,#11212);
#11212 = DEFINITIONAL_REPRESENTATION('',(#11213),#11217);
#11213 = LINE('',#11214,#11215);
#11214 = CARTESIAN_POINT('',(77.,0.));
#11215 = VECTOR('',#11216,1.);
#11216 = DIRECTION('',(0.,1.));
#11217 = ( GEOMETRIC_REPRESENTATION_CONTEXT(2) 
PARAMETRIC_REPRESENTATION_CONTEXT() REPRESENTATION_CONTEXT('2D SPACE',''
  ) );
#11218 = ORIENTED_EDGE('',*,*,#11219,.F.);
#11219 = EDGE_CURVE('',#9889,#10754,#11220,.T.);
#11220 = SURFACE_CURVE('',#11221,(#11226,#11233),.PCURVE_S1.);
#11221 = CIRCLE('',#11222,3.);
#11222 = AXIS2_PLACEMENT_3D('',#11223,#11224,#11225);
#11223 = CARTESIAN_POINT('',(37.,69.5,12.));
#11224 = DIRECTION('',(-0.,-1.,0.));
#11225 = DIRECTION('',(1.,-0.,0.));
#11226 = PCURVE('',#9466,#11227);
#11227 = DEFINITIONAL_REPRESENTATION('',(#11228),#11232);
#11228 = LINE('',#11229,#11230);
#11229 = CARTESIAN_POINT('',(-0.,142.));
#11230 = VECTOR('',#11231,1.);
#11231 = DIRECTION('',(-1.,0.));
#11232 = ( GEOMETRIC_REPRESENTATION_CONTEXT(2) 
PARAMETRIC_REPRESENTATION_CONTEXT() REPRESENTATION_CONTEXT('2D SPACE',''
  ) );
#11233 = PCURVE('',#9952,#11234);
#11234 = DEFINITIONAL_REPRESENTATION('',(#11235),#11239);
#11235 = LINE('',#11236,#11237);
#11236 = CARTESIAN_POINT('',(0.,0.));
#11237 = VECTOR('',#11238,1.);
#11238 = DIRECTION('',(1.,0.));
#11239 = ( GEOMETRIC_REPRESENTATION_CONTEXT(2) 
PARAMETRIC_REPRESENTATION_CONTEXT() REPRESENTATION_CONTEXT('2D SPACE',''
  ) );
#11240 = ORIENTED_EDGE('',*,*,#9911,.F.);
#11241 = ADVANCED_FACE('',(#11242),#9438,.F.);
#11242 = FACE_BOUND('',#11243,.F.);
#11243 = EDGE_LOOP('',(#11244,#11245,#11246,#11269,#11296,#11297,#11298,
    #11320));
#11244 = ORIENTED_EDGE('',*,*,#9421,.F.);
#11245 = ORIENTED_EDGE('',*,*,#11117,.T.);
#11246 = ORIENTED_EDGE('',*,*,#11247,.F.);
#11247 = EDGE_CURVE('',#11248,#11062,#11250,.T.);
#11248 = VERTEX_POINT('',#11249);
#11249 = CARTESIAN_POINT('',(36.7,-68.,14.2));
#11250 = SEAM_CURVE('',#11251,(#11255,#11262),.PCURVE_S1.);
#11251 = LINE('',#11252,#11253);
#11252 = CARTESIAN_POINT('',(36.7,-68.,14.2));
#11253 = VECTOR('',#11254,1.);
#11254 = DIRECTION('',(0.707106781187,-1.731912112471E-16,0.707106781187
    ));
#11255 = PCURVE('',#9438,#11256);
#11256 = DEFINITIONAL_REPRESENTATION('',(#11257),#11261);
#11257 = LINE('',#11258,#11259);
#11258 = CARTESIAN_POINT('',(6.28318530718,-0.));
#11259 = VECTOR('',#11260,1.);
#11260 = DIRECTION('',(0.,1.));
#11261 = ( GEOMETRIC_REPRESENTATION_CONTEXT(2) 
PARAMETRIC_REPRESENTATION_CONTEXT() REPRESENTATION_CONTEXT('2D SPACE',''
  ) );
#11262 = PCURVE('',#9438,#11263);
#11263 = DEFINITIONAL_REPRESENTATION('',(#11264),#11268);
#11264 = LINE('',#11265,#11266);
#11265 = CARTESIAN_POINT('',(0.,-0.));
#11266 = VECTOR('',#11267,1.);
#11267 = DIRECTION('',(0.,1.));
#11268 = ( GEOMETRIC_REPRESENTATION_CONTEXT(2) 
PARAMETRIC_REPRESENTATION_CONTEXT() REPRESENTATION_CONTEXT('2D SPACE',''
  ) );
#11269 = ORIENTED_EDGE('',*,*,#11270,.T.);
#11270 = EDGE_CURVE('',#11248,#11248,#11271,.T.);
#11271 = SURFACE_CURVE('',#11272,(#11277,#11284),.PCURVE_S1.);
#11272 = CIRCLE('',#11273,1.2);
#11273 = AXIS2_PLACEMENT_3D('',#11274,#11275,#11276);
#11274 = CARTESIAN_POINT('',(35.5,-68.,14.2));
#11275 = DIRECTION('',(0.,0.,1.));
#11276 = DIRECTION('',(1.,0.,0.));
#11277 = PCURVE('',#9438,#11278);
#11278 = DEFINITIONAL_REPRESENTATION('',(#11279),#11283);
#11279 = LINE('',#11280,#11281);
#11280 = CARTESIAN_POINT('',(0.,0.));
#11281 = VECTOR('',#11282,1.);
#11282 = DIRECTION('',(1.,0.));
#11283 = ( GEOMETRIC_REPRESENTATION_CONTEXT(2) 
PARAMETRIC_REPRESENTATION_CONTEXT() REPRESENTATION_CONTEXT('2D SPACE',''
  ) );
#11284 = PCURVE('',#11285,#11290);
#11285 = CYLINDRICAL_SURFACE('',#11286,1.2);
#11286 = AXIS2_PLACEMENT_3D('',#11287,#11288,#11289);
#11287 = CARTESIAN_POINT('',(35.5,-68.,10.5));
#11288 = DIRECTION('',(0.,0.,1.));
#11289 = DIRECTION('',(1.,0.,0.));
#11290 = DEFINITIONAL_REPRESENTATION('',(#11291),#11295);
#11291 = LINE('',#11292,#11293);
#11292 = CARTESIAN_POINT('',(0.,3.7));
#11293 = VECTOR('',#11294,1.);
#11294 = DIRECTION('',(1.,0.));
#11295 = ( GEOMETRIC_REPRESENTATION_CONTEXT(2) 
PARAMETRIC_REPRESENTATION_CONTEXT() REPRESENTATION_CONTEXT('2D SPACE',''
  ) );
#11296 = ORIENTED_EDGE('',*,*,#11247,.T.);
#11297 = ORIENTED_EDGE('',*,*,#11061,.T.);
#11298 = ORIENTED_EDGE('',*,*,#11299,.F.);
#11299 = EDGE_CURVE('',#10407,#11039,#11300,.T.);
#11300 = SURFACE_CURVE('',#11301,(#11306,#11313),.PCURVE_S1.);
#11301 = CIRCLE('',#11302,2.);
#11302 = AXIS2_PLACEMENT_3D('',#11303,#11304,#11305);
#11303 = CARTESIAN_POINT('',(35.5,-68.,15.));
#11304 = DIRECTION('',(0.,0.,1.));
#11305 = DIRECTION('',(1.,0.,0.));
#11306 = PCURVE('',#9438,#11307);
#11307 = DEFINITIONAL_REPRESENTATION('',(#11308),#11312);
#11308 = LINE('',#11309,#11310);
#11309 = CARTESIAN_POINT('',(0.,0.8));
#11310 = VECTOR('',#11311,1.);
#11311 = DIRECTION('',(1.,0.));
#11312 = ( GEOMETRIC_REPRESENTATION_CONTEXT(2) 
PARAMETRIC_REPRESENTATION_CONTEXT() REPRESENTATION_CONTEXT('2D SPACE',''
  ) );
#11313 = PCURVE('',#10568,#11314);
#11314 = DEFINITIONAL_REPRESENTATION('',(#11315),#11319);
#11315 = CIRCLE('',#11316,2.);
#11316 = AXIS2_PLACEMENT_2D('',#11317,#11318);
#11317 = CARTESIAN_POINT('',(75.5,4.5));
#11318 = DIRECTION('',(1.,0.));
#11319 = ( GEOMETRIC_REPRESENTATION_CONTEXT(2) 
PARAMETRIC_REPRESENTATION_CONTEXT() REPRESENTATION_CONTEXT('2D SPACE',''
  ) );
#11320 = ORIENTED_EDGE('',*,*,#10406,.T.);
#11321 = ADVANCED_FACE('',(#11322),#9741,.F.);
#11322 = FACE_BOUND('',#11323,.F.);
#11323 = EDGE_LOOP('',(#11324,#11325,#11348,#11375));
#11324 = ORIENTED_EDGE('',*,*,#9726,.F.);
#11325 = ORIENTED_EDGE('',*,*,#11326,.F.);
#11326 = EDGE_CURVE('',#11327,#9532,#11329,.T.);
#11327 = VERTEX_POINT('',#11328);
#11328 = CARTESIAN_POINT('',(-34.3,-68.,13.));
#11329 = SEAM_CURVE('',#11330,(#11334,#11341),.PCURVE_S1.);
#11330 = LINE('',#11331,#11332);
#11331 = CARTESIAN_POINT('',(-34.3,-68.,10.5));
#11332 = VECTOR('',#11333,1.);
#11333 = DIRECTION('',(0.,0.,1.));
#11334 = PCURVE('',#9741,#11335);
#11335 = DEFINITIONAL_REPRESENTATION('',(#11336),#11340);
#11336 = LINE('',#11337,#11338);
#11337 = CARTESIAN_POINT('',(6.28318530718,-0.));
#11338 = VECTOR('',#11339,1.);
#11339 = DIRECTION('',(0.,1.));
#11340 = ( GEOMETRIC_REPRESENTATION_CONTEXT(2) 
PARAMETRIC_REPRESENTATION_CONTEXT() REPRESENTATION_CONTEXT('2D SPACE',''
  ) );
#11341 = PCURVE('',#9741,#11342);
#11342 = DEFINITIONAL_REPRESENTATION('',(#11343),#11347);
#11343 = LINE('',#11344,#11345);
#11344 = CARTESIAN_POINT('',(0.,-0.));
#11345 = VECTOR('',#11346,1.);
#11346 = DIRECTION('',(0.,1.));
#11347 = ( GEOMETRIC_REPRESENTATION_CONTEXT(2) 
PARAMETRIC_REPRESENTATION_CONTEXT() REPRESENTATION_CONTEXT('2D SPACE',''
  ) );
#11348 = ORIENTED_EDGE('',*,*,#11349,.T.);
#11349 = EDGE_CURVE('',#11327,#11327,#11350,.T.);
#11350 = SURFACE_CURVE('',#11351,(#11356,#11363),.PCURVE_S1.);
#11351 = CIRCLE('',#11352,1.2);
#11352 = AXIS2_PLACEMENT_3D('',#11353,#11354,#11355);
#11353 = CARTESIAN_POINT('',(-35.5,-68.,13.));
#11354 = DIRECTION('',(0.,0.,1.));
#11355 = DIRECTION('',(1.,0.,-0.));
#11356 = PCURVE('',#9741,#11357);
#11357 = DEFINITIONAL_REPRESENTATION('',(#11358),#11362);
#11358 = LINE('',#11359,#11360);
#11359 = CARTESIAN_POINT('',(0.,2.5));
#11360 = VECTOR('',#11361,1.);
#11361 = DIRECTION('',(1.,0.));
#11362 = ( GEOMETRIC_REPRESENTATION_CONTEXT(2) 
PARAMETRIC_REPRESENTATION_CONTEXT() REPRESENTATION_CONTEXT('2D SPACE',''
  ) );
#11363 = PCURVE('',#11364,#11369);
#11364 = PLANE('',#11365);
#11365 = AXIS2_PLACEMENT_3D('',#11366,#11367,#11368);
#11366 = CARTESIAN_POINT('',(-40.,-72.5,13.));
#11367 = DIRECTION('',(0.,0.,1.));
#11368 = DIRECTION('',(1.,0.,0.));
#11369 = DEFINITIONAL_REPRESENTATION('',(#11370),#11374);
#11370 = CIRCLE('',#11371,1.2);
#11371 = AXIS2_PLACEMENT_2D('',#11372,#11373);
#11372 = CARTESIAN_POINT('',(4.5,4.5));
#11373 = DIRECTION('',(1.,0.));
#11374 = ( GEOMETRIC_REPRESENTATION_CONTEXT(2) 
PARAMETRIC_REPRESENTATION_CONTEXT() REPRESENTATION_CONTEXT('2D SPACE',''
  ) );
#11375 = ORIENTED_EDGE('',*,*,#11326,.T.);
#11376 = ADVANCED_FACE('',(#11377),#9871,.T.);
#11377 = FACE_BOUND('',#11378,.T.);
#11378 = EDGE_LOOP('',(#11379,#11380,#11381));
#11379 = ORIENTED_EDGE('',*,*,#11018,.F.);
#11380 = ORIENTED_EDGE('',*,*,#10580,.T.);
#11381 = ORIENTED_EDGE('',*,*,#9856,.F.);
#11382 = ADVANCED_FACE('',(#11383),#9952,.T.);
#11383 = FACE_BOUND('',#11384,.T.);
#11384 = EDGE_LOOP('',(#11385,#11386,#11387));
#11385 = ORIENTED_EDGE('',*,*,#9938,.F.);
#11386 = ORIENTED_EDGE('',*,*,#10781,.T.);
#11387 = ORIENTED_EDGE('',*,*,#11219,.F.);
#11388 = ADVANCED_FACE('',(#11389),#10028,.F.);
#11389 = FACE_BOUND('',#11390,.T.);
#11390 = EDGE_LOOP('',(#11391,#11392,#11416));
#11391 = ORIENTED_EDGE('',*,*,#10013,.F.);
#11392 = ORIENTED_EDGE('',*,*,#11393,.T.);
#11393 = EDGE_CURVE('',#9991,#11394,#11396,.T.);
#11394 = VERTEX_POINT('',#11395);
#11395 = CARTESIAN_POINT('',(-37.,69.5,13.));
#11396 = SURFACE_CURVE('',#11397,(#11402,#11409),.PCURVE_S1.);
#11397 = CIRCLE('',#11398,1.);
#11398 = AXIS2_PLACEMENT_3D('',#11399,#11400,#11401);
#11399 = CARTESIAN_POINT('',(-37.,69.5,12.));
#11400 = DIRECTION('',(1.,0.,1.110223024625E-16));
#11401 = DIRECTION('',(-1.110223024625E-16,-2.449293598295E-16,1.));
#11402 = PCURVE('',#10028,#11403);
#11403 = DEFINITIONAL_REPRESENTATION('',(#11404),#11408);
#11404 = LINE('',#11405,#11406);
#11405 = CARTESIAN_POINT('',(-1.570796326795,-6.28318530718));
#11406 = VECTOR('',#11407,1.);
#11407 = DIRECTION('',(-0.,1.));
#11408 = ( GEOMETRIC_REPRESENTATION_CONTEXT(2) 
PARAMETRIC_REPRESENTATION_CONTEXT() REPRESENTATION_CONTEXT('2D SPACE',''
  ) );
#11409 = PCURVE('',#10061,#11410);
#11410 = DEFINITIONAL_REPRESENTATION('',(#11411),#11415);
#11411 = LINE('',#11412,#11413);
#11412 = CARTESIAN_POINT('',(-4.712388980385,3.));
#11413 = VECTOR('',#11414,1.);
#11414 = DIRECTION('',(1.,0.));
#11415 = ( GEOMETRIC_REPRESENTATION_CONTEXT(2) 
PARAMETRIC_REPRESENTATION_CONTEXT() REPRESENTATION_CONTEXT('2D SPACE',''
  ) );
#11416 = ORIENTED_EDGE('',*,*,#11417,.F.);
#11417 = EDGE_CURVE('',#9967,#11394,#11418,.T.);
#11418 = SURFACE_CURVE('',#11419,(#11424,#11431),.PCURVE_S1.);
#11419 = CIRCLE('',#11420,1.);
#11420 = AXIS2_PLACEMENT_3D('',#11421,#11422,#11423);
#11421 = CARTESIAN_POINT('',(-37.,69.5,12.));
#11422 = DIRECTION('',(0.,1.,-0.));
#11423 = DIRECTION('',(-1.,0.,0.));
#11424 = PCURVE('',#10028,#11425);
#11425 = DEFINITIONAL_REPRESENTATION('',(#11426),#11430);
#11426 = LINE('',#11427,#11428);
#11427 = CARTESIAN_POINT('',(-0.,0.));
#11428 = VECTOR('',#11429,1.);
#11429 = DIRECTION('',(-1.,0.));
#11430 = ( GEOMETRIC_REPRESENTATION_CONTEXT(2) 
PARAMETRIC_REPRESENTATION_CONTEXT() REPRESENTATION_CONTEXT('2D SPACE',''
  ) );
#11431 = PCURVE('',#10384,#11432);
#11432 = DEFINITIONAL_REPRESENTATION('',(#11433),#11437);
#11433 = LINE('',#11434,#11435);
#11434 = CARTESIAN_POINT('',(0.,142.));
#11435 = VECTOR('',#11436,1.);
#11436 = DIRECTION('',(1.,0.));
#11437 = ( GEOMETRIC_REPRESENTATION_CONTEXT(2) 
PARAMETRIC_REPRESENTATION_CONTEXT() REPRESENTATION_CONTEXT('2D SPACE',''
  ) );
#11438 = ADVANCED_FACE('',(#11439),#10061,.F.);
#11439 = FACE_BOUND('',#11440,.F.);
#11440 = EDGE_LOOP('',(#11441,#11442,#11443,#11466,#11495,#11521,#11550,
    #11573,#11602,#11628,#11657,#11680));
#11441 = ORIENTED_EDGE('',*,*,#10045,.F.);
#11442 = ORIENTED_EDGE('',*,*,#11393,.T.);
#11443 = ORIENTED_EDGE('',*,*,#11444,.T.);
#11444 = EDGE_CURVE('',#11394,#11445,#11447,.T.);
#11445 = VERTEX_POINT('',#11446);
#11446 = CARTESIAN_POINT('',(-24.7,69.5,13.));
#11447 = SURFACE_CURVE('',#11448,(#11452,#11459),.PCURVE_S1.);
#11448 = LINE('',#11449,#11450);
#11449 = CARTESIAN_POINT('',(-40.,69.5,13.));
#11450 = VECTOR('',#11451,1.);
#11451 = DIRECTION('',(1.,0.,0.));
#11452 = PCURVE('',#10061,#11453);
#11453 = DEFINITIONAL_REPRESENTATION('',(#11454),#11458);
#11454 = LINE('',#11455,#11456);
#11455 = CARTESIAN_POINT('',(1.570796326795,0.));
#11456 = VECTOR('',#11457,1.);
#11457 = DIRECTION('',(0.,1.));
#11458 = ( GEOMETRIC_REPRESENTATION_CONTEXT(2) 
PARAMETRIC_REPRESENTATION_CONTEXT() REPRESENTATION_CONTEXT('2D SPACE',''
  ) );
#11459 = PCURVE('',#11364,#11460);
#11460 = DEFINITIONAL_REPRESENTATION('',(#11461),#11465);
#11461 = LINE('',#11462,#11463);
#11462 = CARTESIAN_POINT('',(0.,142.));
#11463 = VECTOR('',#11464,1.);
#11464 = DIRECTION('',(1.,0.));
#11465 = ( GEOMETRIC_REPRESENTATION_CONTEXT(2) 
PARAMETRIC_REPRESENTATION_CONTEXT() REPRESENTATION_CONTEXT('2D SPACE',''
  ) );
#11466 = ORIENTED_EDGE('',*,*,#11467,.F.);
#11467 = EDGE_CURVE('',#11468,#11445,#11470,.T.);
#11468 = VERTEX_POINT('',#11469);
#11469 = CARTESIAN_POINT('',(-24.7,70.2,12.714142842854));
#11470 = SURFACE_CURVE('',#11471,(#11476,#11483),.PCURVE_S1.);
#11471 = CIRCLE('',#11472,1.);
#11472 = AXIS2_PLACEMENT_3D('',#11473,#11474,#11475);
#11473 = CARTESIAN_POINT('',(-24.7,69.5,12.));
#11474 = DIRECTION('',(1.,0.,0.));
#11475 = DIRECTION('',(-0.,1.,0.));
#11476 = PCURVE('',#10061,#11477);
#11477 = DEFINITIONAL_REPRESENTATION('',(#11478),#11482);
#11478 = LINE('',#11479,#11480);
#11479 = CARTESIAN_POINT('',(0.,15.3));
#11480 = VECTOR('',#11481,1.);
#11481 = DIRECTION('',(1.,0.));
#11482 = ( GEOMETRIC_REPRESENTATION_CONTEXT(2) 
PARAMETRIC_REPRESENTATION_CONTEXT() REPRESENTATION_CONTEXT('2D SPACE',''
  ) );
#11483 = PCURVE('',#11484,#11489);
#11484 = PLANE('',#11485);
#11485 = AXIS2_PLACEMENT_3D('',#11486,#11487,#11488);
#11486 = CARTESIAN_POINT('',(-24.7,68.7,8.5));
#11487 = DIRECTION('',(1.,0.,0.));
#11488 = DIRECTION('',(0.,0.,1.));
#11489 = DEFINITIONAL_REPRESENTATION('',(#11490),#11494);
#11490 = CIRCLE('',#11491,1.);
#11491 = AXIS2_PLACEMENT_2D('',#11492,#11493);
#11492 = CARTESIAN_POINT('',(3.5,-0.8));
#11493 = DIRECTION('',(0.,-1.));
#11494 = ( GEOMETRIC_REPRESENTATION_CONTEXT(2) 
PARAMETRIC_REPRESENTATION_CONTEXT() REPRESENTATION_CONTEXT('2D SPACE',''
  ) );
#11495 = ORIENTED_EDGE('',*,*,#11496,.T.);
#11496 = EDGE_CURVE('',#11468,#11497,#11499,.T.);
#11497 = VERTEX_POINT('',#11498);
#11498 = CARTESIAN_POINT('',(-9.7,70.2,12.714142842854));
#11499 = SURFACE_CURVE('',#11500,(#11504,#11510),.PCURVE_S1.);
#11500 = LINE('',#11501,#11502);
#11501 = CARTESIAN_POINT('',(-40.,70.2,12.714142842854));
#11502 = VECTOR('',#11503,1.);
#11503 = DIRECTION('',(1.,0.,0.));
#11504 = PCURVE('',#10061,#11505);
#11505 = DEFINITIONAL_REPRESENTATION('',(#11506),#11509);
#11506 = B_SPLINE_CURVE_WITH_KNOTS('',1,(#11507,#11508),.UNSPECIFIED.,
  .F.,.F.,(2,2),(13.8,31.8),.PIECEWISE_BEZIER_KNOTS.);
#11507 = CARTESIAN_POINT('',(0.795398830184,13.8));
#11508 = CARTESIAN_POINT('',(0.795398830184,31.8));
#11509 = ( GEOMETRIC_REPRESENTATION_CONTEXT(2) 
PARAMETRIC_REPRESENTATION_CONTEXT() REPRESENTATION_CONTEXT('2D SPACE',''
  ) );
#11510 = PCURVE('',#11511,#11516);
#11511 = PLANE('',#11512);
#11512 = AXIS2_PLACEMENT_3D('',#11513,#11514,#11515);
#11513 = CARTESIAN_POINT('',(-24.7,70.2,8.5));
#11514 = DIRECTION('',(0.,1.,0.));
#11515 = DIRECTION('',(0.,0.,1.));
#11516 = DEFINITIONAL_REPRESENTATION('',(#11517),#11520);
#11517 = B_SPLINE_CURVE_WITH_KNOTS('',1,(#11518,#11519),.UNSPECIFIED.,
  .F.,.F.,(2,2),(13.8,31.8),.PIECEWISE_BEZIER_KNOTS.);
#11518 = CARTESIAN_POINT('',(4.214142842854,-1.5));
#11519 = CARTESIAN_POINT('',(4.214142842854,16.5));
#11520 = ( GEOMETRIC_REPRESENTATION_CONTEXT(2) 
PARAMETRIC_REPRESENTATION_CONTEXT() REPRESENTATION_CONTEXT('2D SPACE',''
  ) );
#11521 = ORIENTED_EDGE('',*,*,#11522,.T.);
#11522 = EDGE_CURVE('',#11497,#11523,#11525,.T.);
#11523 = VERTEX_POINT('',#11524);
#11524 = CARTESIAN_POINT('',(-9.7,69.5,13.));
#11525 = SURFACE_CURVE('',#11526,(#11531,#11538),.PCURVE_S1.);
#11526 = CIRCLE('',#11527,1.);
#11527 = AXIS2_PLACEMENT_3D('',#11528,#11529,#11530);
#11528 = CARTESIAN_POINT('',(-9.7,69.5,12.));
#11529 = DIRECTION('',(1.,0.,0.));
#11530 = DIRECTION('',(-0.,1.,0.));
#11531 = PCURVE('',#10061,#11532);
#11532 = DEFINITIONAL_REPRESENTATION('',(#11533),#11537);
#11533 = LINE('',#11534,#11535);
#11534 = CARTESIAN_POINT('',(0.,30.3));
#11535 = VECTOR('',#11536,1.);
#11536 = DIRECTION('',(1.,0.));
#11537 = ( GEOMETRIC_REPRESENTATION_CONTEXT(2) 
PARAMETRIC_REPRESENTATION_CONTEXT() REPRESENTATION_CONTEXT('2D SPACE',''
  ) );
#11538 = PCURVE('',#11539,#11544);
#11539 = PLANE('',#11540);
#11540 = AXIS2_PLACEMENT_3D('',#11541,#11542,#11543);
#11541 = CARTESIAN_POINT('',(-9.7,68.7,8.5));
#11542 = DIRECTION('',(1.,0.,0.));
#11543 = DIRECTION('',(0.,0.,1.));
#11544 = DEFINITIONAL_REPRESENTATION('',(#11545),#11549);
#11545 = CIRCLE('',#11546,1.);
#11546 = AXIS2_PLACEMENT_2D('',#11547,#11548);
#11547 = CARTESIAN_POINT('',(3.5,-0.8));
#11548 = DIRECTION('',(0.,-1.));
#11549 = ( GEOMETRIC_REPRESENTATION_CONTEXT(2) 
PARAMETRIC_REPRESENTATION_CONTEXT() REPRESENTATION_CONTEXT('2D SPACE',''
  ) );
#11550 = ORIENTED_EDGE('',*,*,#11551,.T.);
#11551 = EDGE_CURVE('',#11523,#11552,#11554,.T.);
#11552 = VERTEX_POINT('',#11553);
#11553 = CARTESIAN_POINT('',(9.7,69.5,13.));
#11554 = SURFACE_CURVE('',#11555,(#11559,#11566),.PCURVE_S1.);
#11555 = LINE('',#11556,#11557);
#11556 = CARTESIAN_POINT('',(-40.,69.5,13.));
#11557 = VECTOR('',#11558,1.);
#11558 = DIRECTION('',(1.,0.,0.));
#11559 = PCURVE('',#10061,#11560);
#11560 = DEFINITIONAL_REPRESENTATION('',(#11561),#11565);
#11561 = LINE('',#11562,#11563);
#11562 = CARTESIAN_POINT('',(1.570796326795,0.));
#11563 = VECTOR('',#11564,1.);
#11564 = DIRECTION('',(0.,1.));
#11565 = ( GEOMETRIC_REPRESENTATION_CONTEXT(2) 
PARAMETRIC_REPRESENTATION_CONTEXT() REPRESENTATION_CONTEXT('2D SPACE',''
  ) );
#11566 = PCURVE('',#11364,#11567);
#11567 = DEFINITIONAL_REPRESENTATION('',(#11568),#11572);
#11568 = LINE('',#11569,#11570);
#11569 = CARTESIAN_POINT('',(0.,142.));
#11570 = VECTOR('',#11571,1.);
#11571 = DIRECTION('',(1.,0.));
#11572 = ( GEOMETRIC_REPRESENTATION_CONTEXT(2) 
PARAMETRIC_REPRESENTATION_CONTEXT() REPRESENTATION_CONTEXT('2D SPACE',''
  ) );
#11573 = ORIENTED_EDGE('',*,*,#11574,.F.);
#11574 = EDGE_CURVE('',#11575,#11552,#11577,.T.);
#11575 = VERTEX_POINT('',#11576);
#11576 = CARTESIAN_POINT('',(9.7,70.2,12.714142842854));
#11577 = SURFACE_CURVE('',#11578,(#11583,#11590),.PCURVE_S1.);
#11578 = CIRCLE('',#11579,1.);
#11579 = AXIS2_PLACEMENT_3D('',#11580,#11581,#11582);
#11580 = CARTESIAN_POINT('',(9.7,69.5,12.));
#11581 = DIRECTION('',(1.,0.,0.));
#11582 = DIRECTION('',(-0.,1.,0.));
#11583 = PCURVE('',#10061,#11584);
#11584 = DEFINITIONAL_REPRESENTATION('',(#11585),#11589);
#11585 = LINE('',#11586,#11587);
#11586 = CARTESIAN_POINT('',(0.,49.7));
#11587 = VECTOR('',#11588,1.);
#11588 = DIRECTION('',(1.,0.));
#11589 = ( GEOMETRIC_REPRESENTATION_CONTEXT(2) 
PARAMETRIC_REPRESENTATION_CONTEXT() REPRESENTATION_CONTEXT('2D SPACE',''
  ) );
#11590 = PCURVE('',#11591,#11596);
#11591 = PLANE('',#11592);
#11592 = AXIS2_PLACEMENT_3D('',#11593,#11594,#11595);
#11593 = CARTESIAN_POINT('',(9.7,68.7,8.5));
#11594 = DIRECTION('',(1.,0.,0.));
#11595 = DIRECTION('',(0.,0.,1.));
#11596 = DEFINITIONAL_REPRESENTATION('',(#11597),#11601);
#11597 = CIRCLE('',#11598,1.);
#11598 = AXIS2_PLACEMENT_2D('',#11599,#11600);
#11599 = CARTESIAN_POINT('',(3.5,-0.8));
#11600 = DIRECTION('',(0.,-1.));
#11601 = ( GEOMETRIC_REPRESENTATION_CONTEXT(2) 
PARAMETRIC_REPRESENTATION_CONTEXT() REPRESENTATION_CONTEXT('2D SPACE',''
  ) );
#11602 = ORIENTED_EDGE('',*,*,#11603,.T.);
#11603 = EDGE_CURVE('',#11575,#11604,#11606,.T.);
#11604 = VERTEX_POINT('',#11605);
#11605 = CARTESIAN_POINT('',(24.7,70.2,12.714142842854));
#11606 = SURFACE_CURVE('',#11607,(#11611,#11617),.PCURVE_S1.);
#11607 = LINE('',#11608,#11609);
#11608 = CARTESIAN_POINT('',(-40.,70.2,12.714142842854));
#11609 = VECTOR('',#11610,1.);
#11610 = DIRECTION('',(1.,0.,0.));
#11611 = PCURVE('',#10061,#11612);
#11612 = DEFINITIONAL_REPRESENTATION('',(#11613),#11616);
#11613 = B_SPLINE_CURVE_WITH_KNOTS('',1,(#11614,#11615),.UNSPECIFIED.,
  .F.,.F.,(2,2),(48.2,66.2),.PIECEWISE_BEZIER_KNOTS.);
#11614 = CARTESIAN_POINT('',(0.795398830184,48.2));
#11615 = CARTESIAN_POINT('',(0.795398830184,66.2));
#11616 = ( GEOMETRIC_REPRESENTATION_CONTEXT(2) 
PARAMETRIC_REPRESENTATION_CONTEXT() REPRESENTATION_CONTEXT('2D SPACE',''
  ) );
#11617 = PCURVE('',#11618,#11623);
#11618 = PLANE('',#11619);
#11619 = AXIS2_PLACEMENT_3D('',#11620,#11621,#11622);
#11620 = CARTESIAN_POINT('',(9.7,70.2,8.5));
#11621 = DIRECTION('',(0.,1.,0.));
#11622 = DIRECTION('',(0.,0.,1.));
#11623 = DEFINITIONAL_REPRESENTATION('',(#11624),#11627);
#11624 = B_SPLINE_CURVE_WITH_KNOTS('',1,(#11625,#11626),.UNSPECIFIED.,
  .F.,.F.,(2,2),(48.2,66.2),.PIECEWISE_BEZIER_KNOTS.);
#11625 = CARTESIAN_POINT('',(4.214142842854,-1.5));
#11626 = CARTESIAN_POINT('',(4.214142842854,16.5));
#11627 = ( GEOMETRIC_REPRESENTATION_CONTEXT(2) 
PARAMETRIC_REPRESENTATION_CONTEXT() REPRESENTATION_CONTEXT('2D SPACE',''
  ) );
#11628 = ORIENTED_EDGE('',*,*,#11629,.T.);
#11629 = EDGE_CURVE('',#11604,#11630,#11632,.T.);
#11630 = VERTEX_POINT('',#11631);
#11631 = CARTESIAN_POINT('',(24.7,69.5,13.));
#11632 = SURFACE_CURVE('',#11633,(#11638,#11645),.PCURVE_S1.);
#11633 = CIRCLE('',#11634,1.);
#11634 = AXIS2_PLACEMENT_3D('',#11635,#11636,#11637);
#11635 = CARTESIAN_POINT('',(24.7,69.5,12.));
#11636 = DIRECTION('',(1.,0.,0.));
#11637 = DIRECTION('',(-0.,1.,0.));
#11638 = PCURVE('',#10061,#11639);
#11639 = DEFINITIONAL_REPRESENTATION('',(#11640),#11644);
#11640 = LINE('',#11641,#11642);
#11641 = CARTESIAN_POINT('',(0.,64.7));
#11642 = VECTOR('',#11643,1.);
#11643 = DIRECTION('',(1.,0.));
#11644 = ( GEOMETRIC_REPRESENTATION_CONTEXT(2) 
PARAMETRIC_REPRESENTATION_CONTEXT() REPRESENTATION_CONTEXT('2D SPACE',''
  ) );
#11645 = PCURVE('',#11646,#11651);
#11646 = PLANE('',#11647);
#11647 = AXIS2_PLACEMENT_3D('',#11648,#11649,#11650);
#11648 = CARTESIAN_POINT('',(24.7,68.7,8.5));
#11649 = DIRECTION('',(1.,0.,0.));
#11650 = DIRECTION('',(0.,0.,1.));
#11651 = DEFINITIONAL_REPRESENTATION('',(#11652),#11656);
#11652 = CIRCLE('',#11653,1.);
#11653 = AXIS2_PLACEMENT_2D('',#11654,#11655);
#11654 = CARTESIAN_POINT('',(3.5,-0.8));
#11655 = DIRECTION('',(0.,-1.));
#11656 = ( GEOMETRIC_REPRESENTATION_CONTEXT(2) 
PARAMETRIC_REPRESENTATION_CONTEXT() REPRESENTATION_CONTEXT('2D SPACE',''
  ) );
#11657 = ORIENTED_EDGE('',*,*,#11658,.T.);
#11658 = EDGE_CURVE('',#11630,#11659,#11661,.T.);
#11659 = VERTEX_POINT('',#11660);
#11660 = CARTESIAN_POINT('',(37.,69.5,13.));
#11661 = SURFACE_CURVE('',#11662,(#11666,#11673),.PCURVE_S1.);
#11662 = LINE('',#11663,#11664);
#11663 = CARTESIAN_POINT('',(-40.,69.5,13.));
#11664 = VECTOR('',#11665,1.);
#11665 = DIRECTION('',(1.,0.,0.));
#11666 = PCURVE('',#10061,#11667);
#11667 = DEFINITIONAL_REPRESENTATION('',(#11668),#11672);
#11668 = LINE('',#11669,#11670);
#11669 = CARTESIAN_POINT('',(1.570796326795,0.));
#11670 = VECTOR('',#11671,1.);
#11671 = DIRECTION('',(0.,1.));
#11672 = ( GEOMETRIC_REPRESENTATION_CONTEXT(2) 
PARAMETRIC_REPRESENTATION_CONTEXT() REPRESENTATION_CONTEXT('2D SPACE',''
  ) );
#11673 = PCURVE('',#11364,#11674);
#11674 = DEFINITIONAL_REPRESENTATION('',(#11675),#11679);
#11675 = LINE('',#11676,#11677);
#11676 = CARTESIAN_POINT('',(0.,142.));
#11677 = VECTOR('',#11678,1.);
#11678 = DIRECTION('',(1.,0.));
#11679 = ( GEOMETRIC_REPRESENTATION_CONTEXT(2) 
PARAMETRIC_REPRESENTATION_CONTEXT() REPRESENTATION_CONTEXT('2D SPACE',''
  ) );
#11680 = ORIENTED_EDGE('',*,*,#11681,.F.);
#11681 = EDGE_CURVE('',#10046,#11659,#11682,.T.);
#11682 = SURFACE_CURVE('',#11683,(#11688,#11695),.PCURVE_S1.);
#11683 = CIRCLE('',#11684,1.);
#11684 = AXIS2_PLACEMENT_3D('',#11685,#11686,#11687);
#11685 = CARTESIAN_POINT('',(37.,69.5,12.));
#11686 = DIRECTION('',(1.,0.,-1.110223024625E-16));
#11687 = DIRECTION('',(1.110223024625E-16,-2.449293598295E-16,1.));
#11688 = PCURVE('',#10061,#11689);
#11689 = DEFINITIONAL_REPRESENTATION('',(#11690),#11694);
#11690 = LINE('',#11691,#11692);
#11691 = CARTESIAN_POINT('',(-4.712388980385,77.));
#11692 = VECTOR('',#11693,1.);
#11693 = DIRECTION('',(1.,0.));
#11694 = ( GEOMETRIC_REPRESENTATION_CONTEXT(2) 
PARAMETRIC_REPRESENTATION_CONTEXT() REPRESENTATION_CONTEXT('2D SPACE',''
  ) );
#11695 = PCURVE('',#10137,#11696);
#11696 = DEFINITIONAL_REPRESENTATION('',(#11697),#11701);
#11697 = LINE('',#11698,#11699);
#11698 = CARTESIAN_POINT('',(1.570796326795,-6.28318530718));
#11699 = VECTOR('',#11700,1.);
#11700 = DIRECTION('',(0.,1.));
#11701 = ( GEOMETRIC_REPRESENTATION_CONTEXT(2) 
PARAMETRIC_REPRESENTATION_CONTEXT() REPRESENTATION_CONTEXT('2D SPACE',''
  ) );
#11702 = ADVANCED_FACE('',(#11703),#10137,.F.);
#11703 = FACE_BOUND('',#11704,.F.);
#11704 = EDGE_LOOP('',(#11705,#11706,#11707));
#11705 = ORIENTED_EDGE('',*,*,#10122,.F.);
#11706 = ORIENTED_EDGE('',*,*,#11681,.T.);
#11707 = ORIENTED_EDGE('',*,*,#11708,.F.);
#11708 = EDGE_CURVE('',#10098,#11659,#11709,.T.);
#11709 = SURFACE_CURVE('',#11710,(#11715,#11722),.PCURVE_S1.);
#11710 = CIRCLE('',#11711,1.);
#11711 = AXIS2_PLACEMENT_3D('',#11712,#11713,#11714);
#11712 = CARTESIAN_POINT('',(37.,69.5,12.));
#11713 = DIRECTION('',(0.,-1.,0.));
#11714 = DIRECTION('',(1.,0.,0.));
#11715 = PCURVE('',#10137,#11716);
#11716 = DEFINITIONAL_REPRESENTATION('',(#11717),#11721);
#11717 = LINE('',#11718,#11719);
#11718 = CARTESIAN_POINT('',(0.,0.));
#11719 = VECTOR('',#11720,1.);
#11720 = DIRECTION('',(1.,0.));
#11721 = ( GEOMETRIC_REPRESENTATION_CONTEXT(2) 
PARAMETRIC_REPRESENTATION_CONTEXT() REPRESENTATION_CONTEXT('2D SPACE',''
  ) );
#11722 = PCURVE('',#10191,#11723);
#11723 = DEFINITIONAL_REPRESENTATION('',(#11724),#11728);
#11724 = LINE('',#11725,#11726);
#11725 = CARTESIAN_POINT('',(-0.,142.));
#11726 = VECTOR('',#11727,1.);
#11727 = DIRECTION('',(-1.,0.));
#11728 = ( GEOMETRIC_REPRESENTATION_CONTEXT(2) 
PARAMETRIC_REPRESENTATION_CONTEXT() REPRESENTATION_CONTEXT('2D SPACE',''
  ) );
#11729 = ADVANCED_FACE('',(#11730),#10191,.F.);
#11730 = FACE_BOUND('',#11731,.T.);
#11731 = EDGE_LOOP('',(#11732,#11756,#11779,#11808,#11834,#11863,#11886,
    #11915,#11941,#11970,#11991,#11992));
#11732 = ORIENTED_EDGE('',*,*,#11733,.F.);
#11733 = EDGE_CURVE('',#11734,#10153,#11736,.T.);
#11734 = VERTEX_POINT('',#11735);
#11735 = CARTESIAN_POINT('',(37.,-69.5,13.));
#11736 = SURFACE_CURVE('',#11737,(#11742,#11749),.PCURVE_S1.);
#11737 = CIRCLE('',#11738,1.);
#11738 = AXIS2_PLACEMENT_3D('',#11739,#11740,#11741);
#11739 = CARTESIAN_POINT('',(37.,-69.5,12.));
#11740 = DIRECTION('',(0.,1.,0.));
#11741 = DIRECTION('',(1.,0.,-2.449293598295E-16));
#11742 = PCURVE('',#10191,#11743);
#11743 = DEFINITIONAL_REPRESENTATION('',(#11744),#11748);
#11744 = LINE('',#11745,#11746);
#11745 = CARTESIAN_POINT('',(-6.28318530718,3.));
#11746 = VECTOR('',#11747,1.);
#11747 = DIRECTION('',(1.,-0.));
#11748 = ( GEOMETRIC_REPRESENTATION_CONTEXT(2) 
PARAMETRIC_REPRESENTATION_CONTEXT() REPRESENTATION_CONTEXT('2D SPACE',''
  ) );
#11749 = PCURVE('',#10223,#11750);
#11750 = DEFINITIONAL_REPRESENTATION('',(#11751),#11755);
#11751 = LINE('',#11752,#11753);
#11752 = CARTESIAN_POINT('',(0.,-6.28318530718));
#11753 = VECTOR('',#11754,1.);
#11754 = DIRECTION('',(0.,1.));
#11755 = ( GEOMETRIC_REPRESENTATION_CONTEXT(2) 
PARAMETRIC_REPRESENTATION_CONTEXT() REPRESENTATION_CONTEXT('2D SPACE',''
  ) );
#11756 = ORIENTED_EDGE('',*,*,#11757,.T.);
#11757 = EDGE_CURVE('',#11734,#11758,#11760,.T.);
#11758 = VERTEX_POINT('',#11759);
#11759 = CARTESIAN_POINT('',(37.,-57.2,13.));
#11760 = SURFACE_CURVE('',#11761,(#11765,#11772),.PCURVE_S1.);
#11761 = LINE('',#11762,#11763);
#11762 = CARTESIAN_POINT('',(37.,-72.5,13.));
#11763 = VECTOR('',#11764,1.);
#11764 = DIRECTION('',(0.,1.,0.));
#11765 = PCURVE('',#10191,#11766);
#11766 = DEFINITIONAL_REPRESENTATION('',(#11767),#11771);
#11767 = LINE('',#11768,#11769);
#11768 = CARTESIAN_POINT('',(-1.570796326795,0.));
#11769 = VECTOR('',#11770,1.);
#11770 = DIRECTION('',(-0.,1.));
#11771 = ( GEOMETRIC_REPRESENTATION_CONTEXT(2) 
PARAMETRIC_REPRESENTATION_CONTEXT() REPRESENTATION_CONTEXT('2D SPACE',''
  ) );
#11772 = PCURVE('',#11364,#11773);
#11773 = DEFINITIONAL_REPRESENTATION('',(#11774),#11778);
#11774 = LINE('',#11775,#11776);
#11775 = CARTESIAN_POINT('',(77.,0.));
#11776 = VECTOR('',#11777,1.);
#11777 = DIRECTION('',(0.,1.));
#11778 = ( GEOMETRIC_REPRESENTATION_CONTEXT(2) 
PARAMETRIC_REPRESENTATION_CONTEXT() REPRESENTATION_CONTEXT('2D SPACE',''
  ) );
#11779 = ORIENTED_EDGE('',*,*,#11780,.T.);
#11780 = EDGE_CURVE('',#11758,#11781,#11783,.T.);
#11781 = VERTEX_POINT('',#11782);
#11782 = CARTESIAN_POINT('',(37.7,-57.2,12.714142842854));
#11783 = SURFACE_CURVE('',#11784,(#11789,#11796),.PCURVE_S1.);
#11784 = CIRCLE('',#11785,1.);
#11785 = AXIS2_PLACEMENT_3D('',#11786,#11787,#11788);
#11786 = CARTESIAN_POINT('',(37.,-57.2,12.));
#11787 = DIRECTION('',(0.,1.,0.));
#11788 = DIRECTION('',(1.,0.,-0.));
#11789 = PCURVE('',#10191,#11790);
#11790 = DEFINITIONAL_REPRESENTATION('',(#11791),#11795);
#11791 = LINE('',#11792,#11793);
#11792 = CARTESIAN_POINT('',(-6.28318530718,15.3));
#11793 = VECTOR('',#11794,1.);
#11794 = DIRECTION('',(1.,-0.));
#11795 = ( GEOMETRIC_REPRESENTATION_CONTEXT(2) 
PARAMETRIC_REPRESENTATION_CONTEXT() REPRESENTATION_CONTEXT('2D SPACE',''
  ) );
#11796 = PCURVE('',#11797,#11802);
#11797 = PLANE('',#11798);
#11798 = AXIS2_PLACEMENT_3D('',#11799,#11800,#11801);
#11799 = CARTESIAN_POINT('',(36.2,-57.2,8.5));
#11800 = DIRECTION('',(0.,1.,0.));
#11801 = DIRECTION('',(0.,0.,1.));
#11802 = DEFINITIONAL_REPRESENTATION('',(#11803),#11807);
#11803 = CIRCLE('',#11804,1.);
#11804 = AXIS2_PLACEMENT_2D('',#11805,#11806);
#11805 = CARTESIAN_POINT('',(3.5,0.8));
#11806 = DIRECTION('',(0.,1.));
#11807 = ( GEOMETRIC_REPRESENTATION_CONTEXT(2) 
PARAMETRIC_REPRESENTATION_CONTEXT() REPRESENTATION_CONTEXT('2D SPACE',''
  ) );
#11808 = ORIENTED_EDGE('',*,*,#11809,.T.);
#11809 = EDGE_CURVE('',#11781,#11810,#11812,.T.);
#11810 = VERTEX_POINT('',#11811);
#11811 = CARTESIAN_POINT('',(37.7,-42.2,12.714142842854));
#11812 = SURFACE_CURVE('',#11813,(#11817,#11823),.PCURVE_S1.);
#11813 = LINE('',#11814,#11815);
#11814 = CARTESIAN_POINT('',(37.7,-72.5,12.714142842854));
#11815 = VECTOR('',#11816,1.);
#11816 = DIRECTION('',(0.,1.,0.));
#11817 = PCURVE('',#10191,#11818);
#11818 = DEFINITIONAL_REPRESENTATION('',(#11819),#11822);
#11819 = B_SPLINE_CURVE_WITH_KNOTS('',1,(#11820,#11821),.UNSPECIFIED.,
  .F.,.F.,(2,2),(13.8,31.8),.PIECEWISE_BEZIER_KNOTS.);
#11820 = CARTESIAN_POINT('',(-0.795398830184,13.8));
#11821 = CARTESIAN_POINT('',(-0.795398830184,31.8));
#11822 = ( GEOMETRIC_REPRESENTATION_CONTEXT(2) 
PARAMETRIC_REPRESENTATION_CONTEXT() REPRESENTATION_CONTEXT('2D SPACE',''
  ) );
#11823 = PCURVE('',#11824,#11829);
#11824 = PLANE('',#11825);
#11825 = AXIS2_PLACEMENT_3D('',#11826,#11827,#11828);
#11826 = CARTESIAN_POINT('',(37.7,-57.2,8.5));
#11827 = DIRECTION('',(1.,0.,0.));
#11828 = DIRECTION('',(0.,0.,1.));
#11829 = DEFINITIONAL_REPRESENTATION('',(#11830),#11833);
#11830 = B_SPLINE_CURVE_WITH_KNOTS('',1,(#11831,#11832),.UNSPECIFIED.,
  .F.,.F.,(2,2),(13.8,31.8),.PIECEWISE_BEZIER_KNOTS.);
#11831 = CARTESIAN_POINT('',(4.214142842854,1.5));
#11832 = CARTESIAN_POINT('',(4.214142842854,-16.5));
#11833 = ( GEOMETRIC_REPRESENTATION_CONTEXT(2) 
PARAMETRIC_REPRESENTATION_CONTEXT() REPRESENTATION_CONTEXT('2D SPACE',''
  ) );
#11834 = ORIENTED_EDGE('',*,*,#11835,.F.);
#11835 = EDGE_CURVE('',#11836,#11810,#11838,.T.);
#11836 = VERTEX_POINT('',#11837);
#11837 = CARTESIAN_POINT('',(37.,-42.2,13.));
#11838 = SURFACE_CURVE('',#11839,(#11844,#11851),.PCURVE_S1.);
#11839 = CIRCLE('',#11840,1.);
#11840 = AXIS2_PLACEMENT_3D('',#11841,#11842,#11843);
#11841 = CARTESIAN_POINT('',(37.,-42.2,12.));
#11842 = DIRECTION('',(0.,1.,0.));
#11843 = DIRECTION('',(1.,0.,-0.));
#11844 = PCURVE('',#10191,#11845);
#11845 = DEFINITIONAL_REPRESENTATION('',(#11846),#11850);
#11846 = LINE('',#11847,#11848);
#11847 = CARTESIAN_POINT('',(-6.28318530718,30.3));
#11848 = VECTOR('',#11849,1.);
#11849 = DIRECTION('',(1.,-0.));
#11850 = ( GEOMETRIC_REPRESENTATION_CONTEXT(2) 
PARAMETRIC_REPRESENTATION_CONTEXT() REPRESENTATION_CONTEXT('2D SPACE',''
  ) );
#11851 = PCURVE('',#11852,#11857);
#11852 = PLANE('',#11853);
#11853 = AXIS2_PLACEMENT_3D('',#11854,#11855,#11856);
#11854 = CARTESIAN_POINT('',(36.2,-42.2,8.5));
#11855 = DIRECTION('',(0.,1.,0.));
#11856 = DIRECTION('',(0.,0.,1.));
#11857 = DEFINITIONAL_REPRESENTATION('',(#11858),#11862);
#11858 = CIRCLE('',#11859,1.);
#11859 = AXIS2_PLACEMENT_2D('',#11860,#11861);
#11860 = CARTESIAN_POINT('',(3.5,0.8));
#11861 = DIRECTION('',(0.,1.));
#11862 = ( GEOMETRIC_REPRESENTATION_CONTEXT(2) 
PARAMETRIC_REPRESENTATION_CONTEXT() REPRESENTATION_CONTEXT('2D SPACE',''
  ) );
#11863 = ORIENTED_EDGE('',*,*,#11864,.T.);
#11864 = EDGE_CURVE('',#11836,#11865,#11867,.T.);
#11865 = VERTEX_POINT('',#11866);
#11866 = CARTESIAN_POINT('',(37.,42.2,13.));
#11867 = SURFACE_CURVE('',#11868,(#11872,#11879),.PCURVE_S1.);
#11868 = LINE('',#11869,#11870);
#11869 = CARTESIAN_POINT('',(37.,-72.5,13.));
#11870 = VECTOR('',#11871,1.);
#11871 = DIRECTION('',(0.,1.,0.));
#11872 = PCURVE('',#10191,#11873);
#11873 = DEFINITIONAL_REPRESENTATION('',(#11874),#11878);
#11874 = LINE('',#11875,#11876);
#11875 = CARTESIAN_POINT('',(-1.570796326795,0.));
#11876 = VECTOR('',#11877,1.);
#11877 = DIRECTION('',(-0.,1.));
#11878 = ( GEOMETRIC_REPRESENTATION_CONTEXT(2) 
PARAMETRIC_REPRESENTATION_CONTEXT() REPRESENTATION_CONTEXT('2D SPACE',''
  ) );
#11879 = PCURVE('',#11364,#11880);
#11880 = DEFINITIONAL_REPRESENTATION('',(#11881),#11885);
#11881 = LINE('',#11882,#11883);
#11882 = CARTESIAN_POINT('',(77.,0.));
#11883 = VECTOR('',#11884,1.);
#11884 = DIRECTION('',(0.,1.));
#11885 = ( GEOMETRIC_REPRESENTATION_CONTEXT(2) 
PARAMETRIC_REPRESENTATION_CONTEXT() REPRESENTATION_CONTEXT('2D SPACE',''
  ) );
#11886 = ORIENTED_EDGE('',*,*,#11887,.T.);
#11887 = EDGE_CURVE('',#11865,#11888,#11890,.T.);
#11888 = VERTEX_POINT('',#11889);
#11889 = CARTESIAN_POINT('',(37.7,42.2,12.714142842854));
#11890 = SURFACE_CURVE('',#11891,(#11896,#11903),.PCURVE_S1.);
#11891 = CIRCLE('',#11892,1.);
#11892 = AXIS2_PLACEMENT_3D('',#11893,#11894,#11895);
#11893 = CARTESIAN_POINT('',(37.,42.2,12.));
#11894 = DIRECTION('',(0.,1.,0.));
#11895 = DIRECTION('',(1.,0.,-0.));
#11896 = PCURVE('',#10191,#11897);
#11897 = DEFINITIONAL_REPRESENTATION('',(#11898),#11902);
#11898 = LINE('',#11899,#11900);
#11899 = CARTESIAN_POINT('',(-6.28318530718,114.7));
#11900 = VECTOR('',#11901,1.);
#11901 = DIRECTION('',(1.,-0.));
#11902 = ( GEOMETRIC_REPRESENTATION_CONTEXT(2) 
PARAMETRIC_REPRESENTATION_CONTEXT() REPRESENTATION_CONTEXT('2D SPACE',''
  ) );
#11903 = PCURVE('',#11904,#11909);
#11904 = PLANE('',#11905);
#11905 = AXIS2_PLACEMENT_3D('',#11906,#11907,#11908);
#11906 = CARTESIAN_POINT('',(36.2,42.2,8.5));
#11907 = DIRECTION('',(0.,1.,0.));
#11908 = DIRECTION('',(0.,0.,1.));
#11909 = DEFINITIONAL_REPRESENTATION('',(#11910),#11914);
#11910 = CIRCLE('',#11911,1.);
#11911 = AXIS2_PLACEMENT_2D('',#11912,#11913);
#11912 = CARTESIAN_POINT('',(3.5,0.8));
#11913 = DIRECTION('',(0.,1.));
#11914 = ( GEOMETRIC_REPRESENTATION_CONTEXT(2) 
PARAMETRIC_REPRESENTATION_CONTEXT() REPRESENTATION_CONTEXT('2D SPACE',''
  ) );
#11915 = ORIENTED_EDGE('',*,*,#11916,.T.);
#11916 = EDGE_CURVE('',#11888,#11917,#11919,.T.);
#11917 = VERTEX_POINT('',#11918);
#11918 = CARTESIAN_POINT('',(37.7,57.2,12.714142842854));
#11919 = SURFACE_CURVE('',#11920,(#11924,#11930),.PCURVE_S1.);
#11920 = LINE('',#11921,#11922);
#11921 = CARTESIAN_POINT('',(37.7,-72.5,12.714142842854));
#11922 = VECTOR('',#11923,1.);
#11923 = DIRECTION('',(0.,1.,0.));
#11924 = PCURVE('',#10191,#11925);
#11925 = DEFINITIONAL_REPRESENTATION('',(#11926),#11929);
#11926 = B_SPLINE_CURVE_WITH_KNOTS('',1,(#11927,#11928),.UNSPECIFIED.,
  .F.,.F.,(2,2),(113.2,131.2),.PIECEWISE_BEZIER_KNOTS.);
#11927 = CARTESIAN_POINT('',(-0.795398830184,113.2));
#11928 = CARTESIAN_POINT('',(-0.795398830184,131.2));
#11929 = ( GEOMETRIC_REPRESENTATION_CONTEXT(2) 
PARAMETRIC_REPRESENTATION_CONTEXT() REPRESENTATION_CONTEXT('2D SPACE',''
  ) );
#11930 = PCURVE('',#11931,#11936);
#11931 = PLANE('',#11932);
#11932 = AXIS2_PLACEMENT_3D('',#11933,#11934,#11935);
#11933 = CARTESIAN_POINT('',(37.7,42.2,8.5));
#11934 = DIRECTION('',(1.,0.,0.));
#11935 = DIRECTION('',(0.,0.,1.));
#11936 = DEFINITIONAL_REPRESENTATION('',(#11937),#11940);
#11937 = B_SPLINE_CURVE_WITH_KNOTS('',1,(#11938,#11939),.UNSPECIFIED.,
  .F.,.F.,(2,2),(113.2,131.2),.PIECEWISE_BEZIER_KNOTS.);
#11938 = CARTESIAN_POINT('',(4.214142842854,1.5));
#11939 = CARTESIAN_POINT('',(4.214142842854,-16.5));
#11940 = ( GEOMETRIC_REPRESENTATION_CONTEXT(2) 
PARAMETRIC_REPRESENTATION_CONTEXT() REPRESENTATION_CONTEXT('2D SPACE',''
  ) );
#11941 = ORIENTED_EDGE('',*,*,#11942,.F.);
#11942 = EDGE_CURVE('',#11943,#11917,#11945,.T.);
#11943 = VERTEX_POINT('',#11944);
#11944 = CARTESIAN_POINT('',(37.,57.2,13.));
#11945 = SURFACE_CURVE('',#11946,(#11951,#11958),.PCURVE_S1.);
#11946 = CIRCLE('',#11947,1.);
#11947 = AXIS2_PLACEMENT_3D('',#11948,#11949,#11950);
#11948 = CARTESIAN_POINT('',(37.,57.2,12.));
#11949 = DIRECTION('',(0.,1.,0.));
#11950 = DIRECTION('',(1.,0.,-0.));
#11951 = PCURVE('',#10191,#11952);
#11952 = DEFINITIONAL_REPRESENTATION('',(#11953),#11957);
#11953 = LINE('',#11954,#11955);
#11954 = CARTESIAN_POINT('',(-6.28318530718,129.7));
#11955 = VECTOR('',#11956,1.);
#11956 = DIRECTION('',(1.,-0.));
#11957 = ( GEOMETRIC_REPRESENTATION_CONTEXT(2) 
PARAMETRIC_REPRESENTATION_CONTEXT() REPRESENTATION_CONTEXT('2D SPACE',''
  ) );
#11958 = PCURVE('',#11959,#11964);
#11959 = PLANE('',#11960);
#11960 = AXIS2_PLACEMENT_3D('',#11961,#11962,#11963);
#11961 = CARTESIAN_POINT('',(36.2,57.2,8.5));
#11962 = DIRECTION('',(0.,1.,0.));
#11963 = DIRECTION('',(0.,0.,1.));
#11964 = DEFINITIONAL_REPRESENTATION('',(#11965),#11969);
#11965 = CIRCLE('',#11966,1.);
#11966 = AXIS2_PLACEMENT_2D('',#11967,#11968);
#11967 = CARTESIAN_POINT('',(3.5,0.8));
#11968 = DIRECTION('',(0.,1.));
#11969 = ( GEOMETRIC_REPRESENTATION_CONTEXT(2) 
PARAMETRIC_REPRESENTATION_CONTEXT() REPRESENTATION_CONTEXT('2D SPACE',''
  ) );
#11970 = ORIENTED_EDGE('',*,*,#11971,.T.);
#11971 = EDGE_CURVE('',#11943,#11659,#11972,.T.);
#11972 = SURFACE_CURVE('',#11973,(#11977,#11984),.PCURVE_S1.);
#11973 = LINE('',#11974,#11975);
#11974 = CARTESIAN_POINT('',(37.,-72.5,13.));
#11975 = VECTOR('',#11976,1.);
#11976 = DIRECTION('',(0.,1.,0.));
#11977 = PCURVE('',#10191,#11978);
#11978 = DEFINITIONAL_REPRESENTATION('',(#11979),#11983);
#11979 = LINE('',#11980,#11981);
#11980 = CARTESIAN_POINT('',(-1.570796326795,0.));
#11981 = VECTOR('',#11982,1.);
#11982 = DIRECTION('',(-0.,1.));
#11983 = ( GEOMETRIC_REPRESENTATION_CONTEXT(2) 
PARAMETRIC_REPRESENTATION_CONTEXT() REPRESENTATION_CONTEXT('2D SPACE',''
  ) );
#11984 = PCURVE('',#11364,#11985);
#11985 = DEFINITIONAL_REPRESENTATION('',(#11986),#11990);
#11986 = LINE('',#11987,#11988);
#11987 = CARTESIAN_POINT('',(77.,0.));
#11988 = VECTOR('',#11989,1.);
#11989 = DIRECTION('',(0.,1.));
#11990 = ( GEOMETRIC_REPRESENTATION_CONTEXT(2) 
PARAMETRIC_REPRESENTATION_CONTEXT() REPRESENTATION_CONTEXT('2D SPACE',''
  ) );
#11991 = ORIENTED_EDGE('',*,*,#11708,.F.);
#11992 = ORIENTED_EDGE('',*,*,#10177,.F.);
#11993 = ADVANCED_FACE('',(#11994),#10223,.F.);
#11994 = FACE_BOUND('',#11995,.F.);
#11995 = EDGE_LOOP('',(#11996,#11997,#12019));
#11996 = ORIENTED_EDGE('',*,*,#11733,.F.);
#11997 = ORIENTED_EDGE('',*,*,#11998,.T.);
#11998 = EDGE_CURVE('',#11734,#10207,#11999,.T.);
#11999 = SURFACE_CURVE('',#12000,(#12005,#12012),.PCURVE_S1.);
#12000 = CIRCLE('',#12001,1.);
#12001 = AXIS2_PLACEMENT_3D('',#12002,#12003,#12004);
#12002 = CARTESIAN_POINT('',(37.,-69.5,12.));
#12003 = DIRECTION('',(1.,1.110223024625E-16,0.));
#12004 = DIRECTION('',(1.110223024625E-16,-1.,-2.449293598295E-16));
#12005 = PCURVE('',#10223,#12006);
#12006 = DEFINITIONAL_REPRESENTATION('',(#12007),#12011);
#12007 = LINE('',#12008,#12009);
#12008 = CARTESIAN_POINT('',(1.570796326795,-6.28318530718));
#12009 = VECTOR('',#12010,1.);
#12010 = DIRECTION('',(0.,1.));
#12011 = ( GEOMETRIC_REPRESENTATION_CONTEXT(2) 
PARAMETRIC_REPRESENTATION_CONTEXT() REPRESENTATION_CONTEXT('2D SPACE',''
  ) );
#12012 = PCURVE('',#10299,#12013);
#12013 = DEFINITIONAL_REPRESENTATION('',(#12014),#12018);
#12014 = LINE('',#12015,#12016);
#12015 = CARTESIAN_POINT('',(-6.28318530718,77.));
#12016 = VECTOR('',#12017,1.);
#12017 = DIRECTION('',(1.,-0.));
#12018 = ( GEOMETRIC_REPRESENTATION_CONTEXT(2) 
PARAMETRIC_REPRESENTATION_CONTEXT() REPRESENTATION_CONTEXT('2D SPACE',''
  ) );
#12019 = ORIENTED_EDGE('',*,*,#10206,.F.);
#12020 = ADVANCED_FACE('',(#12021),#10299,.F.);
#12021 = FACE_BOUND('',#12022,.T.);
#12022 = EDGE_LOOP('',(#12023,#12047,#12070,#12099,#12125,#12154,#12177,
    #12206,#12232,#12261,#12282,#12283));
#12023 = ORIENTED_EDGE('',*,*,#12024,.F.);
#12024 = EDGE_CURVE('',#12025,#10263,#12027,.T.);
#12025 = VERTEX_POINT('',#12026);
#12026 = CARTESIAN_POINT('',(-37.,-69.5,13.));
#12027 = SURFACE_CURVE('',#12028,(#12033,#12040),.PCURVE_S1.);
#12028 = CIRCLE('',#12029,1.);
#12029 = AXIS2_PLACEMENT_3D('',#12030,#12031,#12032);
#12030 = CARTESIAN_POINT('',(-37.,-69.5,12.));
#12031 = DIRECTION('',(1.,-1.110223024625E-16,0.));
#12032 = DIRECTION('',(-1.110223024625E-16,-1.,-2.449293598295E-16));
#12033 = PCURVE('',#10299,#12034);
#12034 = DEFINITIONAL_REPRESENTATION('',(#12035),#12039);
#12035 = LINE('',#12036,#12037);
#12036 = CARTESIAN_POINT('',(-6.28318530718,3.));
#12037 = VECTOR('',#12038,1.);
#12038 = DIRECTION('',(1.,-0.));
#12039 = ( GEOMETRIC_REPRESENTATION_CONTEXT(2) 
PARAMETRIC_REPRESENTATION_CONTEXT() REPRESENTATION_CONTEXT('2D SPACE',''
  ) );
#12040 = PCURVE('',#10355,#12041);
#12041 = DEFINITIONAL_REPRESENTATION('',(#12042),#12046);
#12042 = LINE('',#12043,#12044);
#12043 = CARTESIAN_POINT('',(-1.570796326795,-6.28318530718));
#12044 = VECTOR('',#12045,1.);
#12045 = DIRECTION('',(-0.,1.));
#12046 = ( GEOMETRIC_REPRESENTATION_CONTEXT(2) 
PARAMETRIC_REPRESENTATION_CONTEXT() REPRESENTATION_CONTEXT('2D SPACE',''
  ) );
#12047 = ORIENTED_EDGE('',*,*,#12048,.T.);
#12048 = EDGE_CURVE('',#12025,#12049,#12051,.T.);
#12049 = VERTEX_POINT('',#12050);
#12050 = CARTESIAN_POINT('',(-24.7,-69.5,13.));
#12051 = SURFACE_CURVE('',#12052,(#12056,#12063),.PCURVE_S1.);
#12052 = LINE('',#12053,#12054);
#12053 = CARTESIAN_POINT('',(-40.,-69.5,13.));
#12054 = VECTOR('',#12055,1.);
#12055 = DIRECTION('',(1.,0.,0.));
#12056 = PCURVE('',#10299,#12057);
#12057 = DEFINITIONAL_REPRESENTATION('',(#12058),#12062);
#12058 = LINE('',#12059,#12060);
#12059 = CARTESIAN_POINT('',(-1.570796326795,0.));
#12060 = VECTOR('',#12061,1.);
#12061 = DIRECTION('',(-0.,1.));
#12062 = ( GEOMETRIC_REPRESENTATION_CONTEXT(2) 
PARAMETRIC_REPRESENTATION_CONTEXT() REPRESENTATION_CONTEXT('2D SPACE',''
  ) );
#12063 = PCURVE('',#11364,#12064);
#12064 = DEFINITIONAL_REPRESENTATION('',(#12065),#12069);
#12065 = LINE('',#12066,#12067);
#12066 = CARTESIAN_POINT('',(0.,3.));
#12067 = VECTOR('',#12068,1.);
#12068 = DIRECTION('',(1.,0.));
#12069 = ( GEOMETRIC_REPRESENTATION_CONTEXT(2) 
PARAMETRIC_REPRESENTATION_CONTEXT() REPRESENTATION_CONTEXT('2D SPACE',''
  ) );
#12070 = ORIENTED_EDGE('',*,*,#12071,.T.);
#12071 = EDGE_CURVE('',#12049,#12072,#12074,.T.);
#12072 = VERTEX_POINT('',#12073);
#12073 = CARTESIAN_POINT('',(-24.7,-70.2,12.714142842854));
#12074 = SURFACE_CURVE('',#12075,(#12080,#12087),.PCURVE_S1.);
#12075 = CIRCLE('',#12076,1.);
#12076 = AXIS2_PLACEMENT_3D('',#12077,#12078,#12079);
#12077 = CARTESIAN_POINT('',(-24.7,-69.5,12.));
#12078 = DIRECTION('',(1.,0.,0.));
#12079 = DIRECTION('',(0.,-1.,0.));
#12080 = PCURVE('',#10299,#12081);
#12081 = DEFINITIONAL_REPRESENTATION('',(#12082),#12086);
#12082 = LINE('',#12083,#12084);
#12083 = CARTESIAN_POINT('',(-6.28318530718,15.3));
#12084 = VECTOR('',#12085,1.);
#12085 = DIRECTION('',(1.,-0.));
#12086 = ( GEOMETRIC_REPRESENTATION_CONTEXT(2) 
PARAMETRIC_REPRESENTATION_CONTEXT() REPRESENTATION_CONTEXT('2D SPACE',''
  ) );
#12087 = PCURVE('',#12088,#12093);
#12088 = PLANE('',#12089);
#12089 = AXIS2_PLACEMENT_3D('',#12090,#12091,#12092);
#12090 = CARTESIAN_POINT('',(-24.7,-70.2,8.5));
#12091 = DIRECTION('',(1.,0.,0.));
#12092 = DIRECTION('',(0.,0.,1.));
#12093 = DEFINITIONAL_REPRESENTATION('',(#12094),#12098);
#12094 = CIRCLE('',#12095,1.);
#12095 = AXIS2_PLACEMENT_2D('',#12096,#12097);
#12096 = CARTESIAN_POINT('',(3.5,-0.7));
#12097 = DIRECTION('',(0.,1.));
#12098 = ( GEOMETRIC_REPRESENTATION_CONTEXT(2) 
PARAMETRIC_REPRESENTATION_CONTEXT() REPRESENTATION_CONTEXT('2D SPACE',''
  ) );
#12099 = ORIENTED_EDGE('',*,*,#12100,.T.);
#12100 = EDGE_CURVE('',#12072,#12101,#12103,.T.);
#12101 = VERTEX_POINT('',#12102);
#12102 = CARTESIAN_POINT('',(-9.7,-70.2,12.714142842854));
#12103 = SURFACE_CURVE('',#12104,(#12108,#12114),.PCURVE_S1.);
#12104 = LINE('',#12105,#12106);
#12105 = CARTESIAN_POINT('',(-40.,-70.2,12.714142842854));
#12106 = VECTOR('',#12107,1.);
#12107 = DIRECTION('',(1.,0.,0.));
#12108 = PCURVE('',#10299,#12109);
#12109 = DEFINITIONAL_REPRESENTATION('',(#12110),#12113);
#12110 = B_SPLINE_CURVE_WITH_KNOTS('',1,(#12111,#12112),.UNSPECIFIED.,
  .F.,.F.,(2,2),(13.8,31.8),.PIECEWISE_BEZIER_KNOTS.);
#12111 = CARTESIAN_POINT('',(-0.795398830184,13.8));
#12112 = CARTESIAN_POINT('',(-0.795398830184,31.8));
#12113 = ( GEOMETRIC_REPRESENTATION_CONTEXT(2) 
PARAMETRIC_REPRESENTATION_CONTEXT() REPRESENTATION_CONTEXT('2D SPACE',''
  ) );
#12114 = PCURVE('',#12115,#12120);
#12115 = PLANE('',#12116);
#12116 = AXIS2_PLACEMENT_3D('',#12117,#12118,#12119);
#12117 = CARTESIAN_POINT('',(-24.7,-70.2,8.5));
#12118 = DIRECTION('',(0.,1.,0.));
#12119 = DIRECTION('',(0.,0.,1.));
#12120 = DEFINITIONAL_REPRESENTATION('',(#12121),#12124);
#12121 = B_SPLINE_CURVE_WITH_KNOTS('',1,(#12122,#12123),.UNSPECIFIED.,
  .F.,.F.,(2,2),(13.8,31.8),.PIECEWISE_BEZIER_KNOTS.);
#12122 = CARTESIAN_POINT('',(4.214142842854,-1.5));
#12123 = CARTESIAN_POINT('',(4.214142842854,16.5));
#12124 = ( GEOMETRIC_REPRESENTATION_CONTEXT(2) 
PARAMETRIC_REPRESENTATION_CONTEXT() REPRESENTATION_CONTEXT('2D SPACE',''
  ) );
#12125 = ORIENTED_EDGE('',*,*,#12126,.F.);
#12126 = EDGE_CURVE('',#12127,#12101,#12129,.T.);
#12127 = VERTEX_POINT('',#12128);
#12128 = CARTESIAN_POINT('',(-9.7,-69.5,13.));
#12129 = SURFACE_CURVE('',#12130,(#12135,#12142),.PCURVE_S1.);
#12130 = CIRCLE('',#12131,1.);
#12131 = AXIS2_PLACEMENT_3D('',#12132,#12133,#12134);
#12132 = CARTESIAN_POINT('',(-9.7,-69.5,12.));
#12133 = DIRECTION('',(1.,0.,0.));
#12134 = DIRECTION('',(0.,-1.,0.));
#12135 = PCURVE('',#10299,#12136);
#12136 = DEFINITIONAL_REPRESENTATION('',(#12137),#12141);
#12137 = LINE('',#12138,#12139);
#12138 = CARTESIAN_POINT('',(-6.28318530718,30.3));
#12139 = VECTOR('',#12140,1.);
#12140 = DIRECTION('',(1.,-0.));
#12141 = ( GEOMETRIC_REPRESENTATION_CONTEXT(2) 
PARAMETRIC_REPRESENTATION_CONTEXT() REPRESENTATION_CONTEXT('2D SPACE',''
  ) );
#12142 = PCURVE('',#12143,#12148);
#12143 = PLANE('',#12144);
#12144 = AXIS2_PLACEMENT_3D('',#12145,#12146,#12147);
#12145 = CARTESIAN_POINT('',(-9.7,-70.2,8.5));
#12146 = DIRECTION('',(1.,0.,0.));
#12147 = DIRECTION('',(0.,0.,1.));
#12148 = DEFINITIONAL_REPRESENTATION('',(#12149),#12153);
#12149 = CIRCLE('',#12150,1.);
#12150 = AXIS2_PLACEMENT_2D('',#12151,#12152);
#12151 = CARTESIAN_POINT('',(3.5,-0.7));
#12152 = DIRECTION('',(0.,1.));
#12153 = ( GEOMETRIC_REPRESENTATION_CONTEXT(2) 
PARAMETRIC_REPRESENTATION_CONTEXT() REPRESENTATION_CONTEXT('2D SPACE',''
  ) );
#12154 = ORIENTED_EDGE('',*,*,#12155,.T.);
#12155 = EDGE_CURVE('',#12127,#12156,#12158,.T.);
#12156 = VERTEX_POINT('',#12157);
#12157 = CARTESIAN_POINT('',(9.7,-69.5,13.));
#12158 = SURFACE_CURVE('',#12159,(#12163,#12170),.PCURVE_S1.);
#12159 = LINE('',#12160,#12161);
#12160 = CARTESIAN_POINT('',(-40.,-69.5,13.));
#12161 = VECTOR('',#12162,1.);
#12162 = DIRECTION('',(1.,0.,0.));
#12163 = PCURVE('',#10299,#12164);
#12164 = DEFINITIONAL_REPRESENTATION('',(#12165),#12169);
#12165 = LINE('',#12166,#12167);
#12166 = CARTESIAN_POINT('',(-1.570796326795,0.));
#12167 = VECTOR('',#12168,1.);
#12168 = DIRECTION('',(-0.,1.));
#12169 = ( GEOMETRIC_REPRESENTATION_CONTEXT(2) 
PARAMETRIC_REPRESENTATION_CONTEXT() REPRESENTATION_CONTEXT('2D SPACE',''
  ) );
#12170 = PCURVE('',#11364,#12171);
#12171 = DEFINITIONAL_REPRESENTATION('',(#12172),#12176);
#12172 = LINE('',#12173,#12174);
#12173 = CARTESIAN_POINT('',(0.,3.));
#12174 = VECTOR('',#12175,1.);
#12175 = DIRECTION('',(1.,0.));
#12176 = ( GEOMETRIC_REPRESENTATION_CONTEXT(2) 
PARAMETRIC_REPRESENTATION_CONTEXT() REPRESENTATION_CONTEXT('2D SPACE',''
  ) );
#12177 = ORIENTED_EDGE('',*,*,#12178,.T.);
#12178 = EDGE_CURVE('',#12156,#12179,#12181,.T.);
#12179 = VERTEX_POINT('',#12180);
#12180 = CARTESIAN_POINT('',(9.7,-70.2,12.714142842854));
#12181 = SURFACE_CURVE('',#12182,(#12187,#12194),.PCURVE_S1.);
#12182 = CIRCLE('',#12183,1.);
#12183 = AXIS2_PLACEMENT_3D('',#12184,#12185,#12186);
#12184 = CARTESIAN_POINT('',(9.7,-69.5,12.));
#12185 = DIRECTION('',(1.,0.,0.));
#12186 = DIRECTION('',(0.,-1.,0.));
#12187 = PCURVE('',#10299,#12188);
#12188 = DEFINITIONAL_REPRESENTATION('',(#12189),#12193);
#12189 = LINE('',#12190,#12191);
#12190 = CARTESIAN_POINT('',(-6.28318530718,49.7));
#12191 = VECTOR('',#12192,1.);
#12192 = DIRECTION('',(1.,-0.));
#12193 = ( GEOMETRIC_REPRESENTATION_CONTEXT(2) 
PARAMETRIC_REPRESENTATION_CONTEXT() REPRESENTATION_CONTEXT('2D SPACE',''
  ) );
#12194 = PCURVE('',#12195,#12200);
#12195 = PLANE('',#12196);
#12196 = AXIS2_PLACEMENT_3D('',#12197,#12198,#12199);
#12197 = CARTESIAN_POINT('',(9.7,-70.2,8.5));
#12198 = DIRECTION('',(1.,0.,0.));
#12199 = DIRECTION('',(0.,0.,1.));
#12200 = DEFINITIONAL_REPRESENTATION('',(#12201),#12205);
#12201 = CIRCLE('',#12202,1.);
#12202 = AXIS2_PLACEMENT_2D('',#12203,#12204);
#12203 = CARTESIAN_POINT('',(3.5,-0.7));
#12204 = DIRECTION('',(0.,1.));
#12205 = ( GEOMETRIC_REPRESENTATION_CONTEXT(2) 
PARAMETRIC_REPRESENTATION_CONTEXT() REPRESENTATION_CONTEXT('2D SPACE',''
  ) );
#12206 = ORIENTED_EDGE('',*,*,#12207,.T.);
#12207 = EDGE_CURVE('',#12179,#12208,#12210,.T.);
#12208 = VERTEX_POINT('',#12209);
#12209 = CARTESIAN_POINT('',(24.7,-70.2,12.714142842854));
#12210 = SURFACE_CURVE('',#12211,(#12215,#12221),.PCURVE_S1.);
#12211 = LINE('',#12212,#12213);
#12212 = CARTESIAN_POINT('',(-40.,-70.2,12.714142842854));
#12213 = VECTOR('',#12214,1.);
#12214 = DIRECTION('',(1.,0.,0.));
#12215 = PCURVE('',#10299,#12216);
#12216 = DEFINITIONAL_REPRESENTATION('',(#12217),#12220);
#12217 = B_SPLINE_CURVE_WITH_KNOTS('',1,(#12218,#12219),.UNSPECIFIED.,
  .F.,.F.,(2,2),(48.2,66.2),.PIECEWISE_BEZIER_KNOTS.);
#12218 = CARTESIAN_POINT('',(-0.795398830184,48.2));
#12219 = CARTESIAN_POINT('',(-0.795398830184,66.2));
#12220 = ( GEOMETRIC_REPRESENTATION_CONTEXT(2) 
PARAMETRIC_REPRESENTATION_CONTEXT() REPRESENTATION_CONTEXT('2D SPACE',''
  ) );
#12221 = PCURVE('',#12222,#12227);
#12222 = PLANE('',#12223);
#12223 = AXIS2_PLACEMENT_3D('',#12224,#12225,#12226);
#12224 = CARTESIAN_POINT('',(9.7,-70.2,8.5));
#12225 = DIRECTION('',(0.,1.,0.));
#12226 = DIRECTION('',(0.,0.,1.));
#12227 = DEFINITIONAL_REPRESENTATION('',(#12228),#12231);
#12228 = B_SPLINE_CURVE_WITH_KNOTS('',1,(#12229,#12230),.UNSPECIFIED.,
  .F.,.F.,(2,2),(48.2,66.2),.PIECEWISE_BEZIER_KNOTS.);
#12229 = CARTESIAN_POINT('',(4.214142842854,-1.5));
#12230 = CARTESIAN_POINT('',(4.214142842854,16.5));
#12231 = ( GEOMETRIC_REPRESENTATION_CONTEXT(2) 
PARAMETRIC_REPRESENTATION_CONTEXT() REPRESENTATION_CONTEXT('2D SPACE',''
  ) );
#12232 = ORIENTED_EDGE('',*,*,#12233,.F.);
#12233 = EDGE_CURVE('',#12234,#12208,#12236,.T.);
#12234 = VERTEX_POINT('',#12235);
#12235 = CARTESIAN_POINT('',(24.7,-69.5,13.));
#12236 = SURFACE_CURVE('',#12237,(#12242,#12249),.PCURVE_S1.);
#12237 = CIRCLE('',#12238,1.);
#12238 = AXIS2_PLACEMENT_3D('',#12239,#12240,#12241);
#12239 = CARTESIAN_POINT('',(24.7,-69.5,12.));
#12240 = DIRECTION('',(1.,0.,0.));
#12241 = DIRECTION('',(0.,-1.,0.));
#12242 = PCURVE('',#10299,#12243);
#12243 = DEFINITIONAL_REPRESENTATION('',(#12244),#12248);
#12244 = LINE('',#12245,#12246);
#12245 = CARTESIAN_POINT('',(-6.28318530718,64.7));
#12246 = VECTOR('',#12247,1.);
#12247 = DIRECTION('',(1.,-0.));
#12248 = ( GEOMETRIC_REPRESENTATION_CONTEXT(2) 
PARAMETRIC_REPRESENTATION_CONTEXT() REPRESENTATION_CONTEXT('2D SPACE',''
  ) );
#12249 = PCURVE('',#12250,#12255);
#12250 = PLANE('',#12251);
#12251 = AXIS2_PLACEMENT_3D('',#12252,#12253,#12254);
#12252 = CARTESIAN_POINT('',(24.7,-70.2,8.5));
#12253 = DIRECTION('',(1.,0.,0.));
#12254 = DIRECTION('',(0.,0.,1.));
#12255 = DEFINITIONAL_REPRESENTATION('',(#12256),#12260);
#12256 = CIRCLE('',#12257,1.);
#12257 = AXIS2_PLACEMENT_2D('',#12258,#12259);
#12258 = CARTESIAN_POINT('',(3.5,-0.7));
#12259 = DIRECTION('',(0.,1.));
#12260 = ( GEOMETRIC_REPRESENTATION_CONTEXT(2) 
PARAMETRIC_REPRESENTATION_CONTEXT() REPRESENTATION_CONTEXT('2D SPACE',''
  ) );
#12261 = ORIENTED_EDGE('',*,*,#12262,.T.);
#12262 = EDGE_CURVE('',#12234,#11734,#12263,.T.);
#12263 = SURFACE_CURVE('',#12264,(#12268,#12275),.PCURVE_S1.);
#12264 = LINE('',#12265,#12266);
#12265 = CARTESIAN_POINT('',(-40.,-69.5,13.));
#12266 = VECTOR('',#12267,1.);
#12267 = DIRECTION('',(1.,0.,0.));
#12268 = PCURVE('',#10299,#12269);
#12269 = DEFINITIONAL_REPRESENTATION('',(#12270),#12274);
#12270 = LINE('',#12271,#12272);
#12271 = CARTESIAN_POINT('',(-1.570796326795,0.));
#12272 = VECTOR('',#12273,1.);
#12273 = DIRECTION('',(-0.,1.));
#12274 = ( GEOMETRIC_REPRESENTATION_CONTEXT(2) 
PARAMETRIC_REPRESENTATION_CONTEXT() REPRESENTATION_CONTEXT('2D SPACE',''
  ) );
#12275 = PCURVE('',#11364,#12276);
#12276 = DEFINITIONAL_REPRESENTATION('',(#12277),#12281);
#12277 = LINE('',#12278,#12279);
#12278 = CARTESIAN_POINT('',(0.,3.));
#12279 = VECTOR('',#12280,1.);
#12280 = DIRECTION('',(1.,0.));
#12281 = ( GEOMETRIC_REPRESENTATION_CONTEXT(2) 
PARAMETRIC_REPRESENTATION_CONTEXT() REPRESENTATION_CONTEXT('2D SPACE',''
  ) );
#12282 = ORIENTED_EDGE('',*,*,#11998,.T.);
#12283 = ORIENTED_EDGE('',*,*,#10285,.F.);
#12284 = ADVANCED_FACE('',(#12285),#10355,.F.);
#12285 = FACE_BOUND('',#12286,.T.);
#12286 = EDGE_LOOP('',(#12287,#12309,#12310));
#12287 = ORIENTED_EDGE('',*,*,#12288,.F.);
#12288 = EDGE_CURVE('',#12025,#10316,#12289,.T.);
#12289 = SURFACE_CURVE('',#12290,(#12295,#12302),.PCURVE_S1.);
#12290 = CIRCLE('',#12291,1.);
#12291 = AXIS2_PLACEMENT_3D('',#12292,#12293,#12294);
#12292 = CARTESIAN_POINT('',(-37.,-69.5,12.));
#12293 = DIRECTION('',(0.,-1.,-0.));
#12294 = DIRECTION('',(-1.,0.,-2.449293598295E-16));
#12295 = PCURVE('',#10355,#12296);
#12296 = DEFINITIONAL_REPRESENTATION('',(#12297),#12301);
#12297 = LINE('',#12298,#12299);
#12298 = CARTESIAN_POINT('',(-0.,-6.28318530718));
#12299 = VECTOR('',#12300,1.);
#12300 = DIRECTION('',(-0.,1.));
#12301 = ( GEOMETRIC_REPRESENTATION_CONTEXT(2) 
PARAMETRIC_REPRESENTATION_CONTEXT() REPRESENTATION_CONTEXT('2D SPACE',''
  ) );
#12302 = PCURVE('',#10384,#12303);
#12303 = DEFINITIONAL_REPRESENTATION('',(#12304),#12308);
#12304 = LINE('',#12305,#12306);
#12305 = CARTESIAN_POINT('',(6.28318530718,3.));
#12306 = VECTOR('',#12307,1.);
#12307 = DIRECTION('',(-1.,-0.));
#12308 = ( GEOMETRIC_REPRESENTATION_CONTEXT(2) 
PARAMETRIC_REPRESENTATION_CONTEXT() REPRESENTATION_CONTEXT('2D SPACE',''
  ) );
#12309 = ORIENTED_EDGE('',*,*,#12024,.T.);
#12310 = ORIENTED_EDGE('',*,*,#10340,.F.);
#12311 = ADVANCED_FACE('',(#12312),#10384,.F.);
#12312 = FACE_BOUND('',#12313,.F.);
#12313 = EDGE_LOOP('',(#12314,#12315,#12338,#12367,#12393,#12422,#12445,
    #12474,#12500,#12529,#12550,#12551));
#12314 = ORIENTED_EDGE('',*,*,#12288,.F.);
#12315 = ORIENTED_EDGE('',*,*,#12316,.T.);
#12316 = EDGE_CURVE('',#12025,#12317,#12319,.T.);
#12317 = VERTEX_POINT('',#12318);
#12318 = CARTESIAN_POINT('',(-37.,-57.2,13.));
#12319 = SURFACE_CURVE('',#12320,(#12324,#12331),.PCURVE_S1.);
#12320 = LINE('',#12321,#12322);
#12321 = CARTESIAN_POINT('',(-37.,-72.5,13.));
#12322 = VECTOR('',#12323,1.);
#12323 = DIRECTION('',(0.,1.,0.));
#12324 = PCURVE('',#10384,#12325);
#12325 = DEFINITIONAL_REPRESENTATION('',(#12326),#12330);
#12326 = LINE('',#12327,#12328);
#12327 = CARTESIAN_POINT('',(1.570796326795,0.));
#12328 = VECTOR('',#12329,1.);
#12329 = DIRECTION('',(0.,1.));
#12330 = ( GEOMETRIC_REPRESENTATION_CONTEXT(2) 
PARAMETRIC_REPRESENTATION_CONTEXT() REPRESENTATION_CONTEXT('2D SPACE',''
  ) );
#12331 = PCURVE('',#11364,#12332);
#12332 = DEFINITIONAL_REPRESENTATION('',(#12333),#12337);
#12333 = LINE('',#12334,#12335);
#12334 = CARTESIAN_POINT('',(3.,0.));
#12335 = VECTOR('',#12336,1.);
#12336 = DIRECTION('',(0.,1.));
#12337 = ( GEOMETRIC_REPRESENTATION_CONTEXT(2) 
PARAMETRIC_REPRESENTATION_CONTEXT() REPRESENTATION_CONTEXT('2D SPACE',''
  ) );
#12338 = ORIENTED_EDGE('',*,*,#12339,.F.);
#12339 = EDGE_CURVE('',#12340,#12317,#12342,.T.);
#12340 = VERTEX_POINT('',#12341);
#12341 = CARTESIAN_POINT('',(-37.7,-57.2,12.714142842854));
#12342 = SURFACE_CURVE('',#12343,(#12348,#12355),.PCURVE_S1.);
#12343 = CIRCLE('',#12344,1.);
#12344 = AXIS2_PLACEMENT_3D('',#12345,#12346,#12347);
#12345 = CARTESIAN_POINT('',(-37.,-57.2,12.));
#12346 = DIRECTION('',(0.,1.,0.));
#12347 = DIRECTION('',(-1.,0.,0.));
#12348 = PCURVE('',#10384,#12349);
#12349 = DEFINITIONAL_REPRESENTATION('',(#12350),#12354);
#12350 = LINE('',#12351,#12352);
#12351 = CARTESIAN_POINT('',(0.,15.3));
#12352 = VECTOR('',#12353,1.);
#12353 = DIRECTION('',(1.,0.));
#12354 = ( GEOMETRIC_REPRESENTATION_CONTEXT(2) 
PARAMETRIC_REPRESENTATION_CONTEXT() REPRESENTATION_CONTEXT('2D SPACE',''
  ) );
#12355 = PCURVE('',#12356,#12361);
#12356 = PLANE('',#12357);
#12357 = AXIS2_PLACEMENT_3D('',#12358,#12359,#12360);
#12358 = CARTESIAN_POINT('',(-37.7,-57.2,8.5));
#12359 = DIRECTION('',(0.,1.,0.));
#12360 = DIRECTION('',(0.,0.,1.));
#12361 = DEFINITIONAL_REPRESENTATION('',(#12362),#12366);
#12362 = CIRCLE('',#12363,1.);
#12363 = AXIS2_PLACEMENT_2D('',#12364,#12365);
#12364 = CARTESIAN_POINT('',(3.5,0.7));
#12365 = DIRECTION('',(0.,-1.));
#12366 = ( GEOMETRIC_REPRESENTATION_CONTEXT(2) 
PARAMETRIC_REPRESENTATION_CONTEXT() REPRESENTATION_CONTEXT('2D SPACE',''
  ) );
#12367 = ORIENTED_EDGE('',*,*,#12368,.T.);
#12368 = EDGE_CURVE('',#12340,#12369,#12371,.T.);
#12369 = VERTEX_POINT('',#12370);
#12370 = CARTESIAN_POINT('',(-37.7,-42.2,12.714142842854));
#12371 = SURFACE_CURVE('',#12372,(#12376,#12382),.PCURVE_S1.);
#12372 = LINE('',#12373,#12374);
#12373 = CARTESIAN_POINT('',(-37.7,-72.5,12.714142842854));
#12374 = VECTOR('',#12375,1.);
#12375 = DIRECTION('',(0.,1.,0.));
#12376 = PCURVE('',#10384,#12377);
#12377 = DEFINITIONAL_REPRESENTATION('',(#12378),#12381);
#12378 = B_SPLINE_CURVE_WITH_KNOTS('',1,(#12379,#12380),.UNSPECIFIED.,
  .F.,.F.,(2,2),(13.8,31.8),.PIECEWISE_BEZIER_KNOTS.);
#12379 = CARTESIAN_POINT('',(0.795398830184,13.8));
#12380 = CARTESIAN_POINT('',(0.795398830184,31.8));
#12381 = ( GEOMETRIC_REPRESENTATION_CONTEXT(2) 
PARAMETRIC_REPRESENTATION_CONTEXT() REPRESENTATION_CONTEXT('2D SPACE',''
  ) );
#12382 = PCURVE('',#12383,#12388);
#12383 = PLANE('',#12384);
#12384 = AXIS2_PLACEMENT_3D('',#12385,#12386,#12387);
#12385 = CARTESIAN_POINT('',(-37.7,-57.2,8.5));
#12386 = DIRECTION('',(1.,0.,0.));
#12387 = DIRECTION('',(0.,0.,1.));
#12388 = DEFINITIONAL_REPRESENTATION('',(#12389),#12392);
#12389 = B_SPLINE_CURVE_WITH_KNOTS('',1,(#12390,#12391),.UNSPECIFIED.,
  .F.,.F.,(2,2),(13.8,31.8),.PIECEWISE_BEZIER_KNOTS.);
#12390 = CARTESIAN_POINT('',(4.214142842854,1.5));
#12391 = CARTESIAN_POINT('',(4.214142842854,-16.5));
#12392 = ( GEOMETRIC_REPRESENTATION_CONTEXT(2) 
PARAMETRIC_REPRESENTATION_CONTEXT() REPRESENTATION_CONTEXT('2D SPACE',''
  ) );
#12393 = ORIENTED_EDGE('',*,*,#12394,.T.);
#12394 = EDGE_CURVE('',#12369,#12395,#12397,.T.);
#12395 = VERTEX_POINT('',#12396);
#12396 = CARTESIAN_POINT('',(-37.,-42.2,13.));
#12397 = SURFACE_CURVE('',#12398,(#12403,#12410),.PCURVE_S1.);
#12398 = CIRCLE('',#12399,1.);
#12399 = AXIS2_PLACEMENT_3D('',#12400,#12401,#12402);
#12400 = CARTESIAN_POINT('',(-37.,-42.2,12.));
#12401 = DIRECTION('',(0.,1.,0.));
#12402 = DIRECTION('',(-1.,0.,0.));
#12403 = PCURVE('',#10384,#12404);
#12404 = DEFINITIONAL_REPRESENTATION('',(#12405),#12409);
#12405 = LINE('',#12406,#12407);
#12406 = CARTESIAN_POINT('',(0.,30.3));
#12407 = VECTOR('',#12408,1.);
#12408 = DIRECTION('',(1.,0.));
#12409 = ( GEOMETRIC_REPRESENTATION_CONTEXT(2) 
PARAMETRIC_REPRESENTATION_CONTEXT() REPRESENTATION_CONTEXT('2D SPACE',''
  ) );
#12410 = PCURVE('',#12411,#12416);
#12411 = PLANE('',#12412);
#12412 = AXIS2_PLACEMENT_3D('',#12413,#12414,#12415);
#12413 = CARTESIAN_POINT('',(-37.7,-42.2,8.5));
#12414 = DIRECTION('',(0.,1.,0.));
#12415 = DIRECTION('',(0.,0.,1.));
#12416 = DEFINITIONAL_REPRESENTATION('',(#12417),#12421);
#12417 = CIRCLE('',#12418,1.);
#12418 = AXIS2_PLACEMENT_2D('',#12419,#12420);
#12419 = CARTESIAN_POINT('',(3.5,0.7));
#12420 = DIRECTION('',(0.,-1.));
#12421 = ( GEOMETRIC_REPRESENTATION_CONTEXT(2) 
PARAMETRIC_REPRESENTATION_CONTEXT() REPRESENTATION_CONTEXT('2D SPACE',''
  ) );
#12422 = ORIENTED_EDGE('',*,*,#12423,.T.);
#12423 = EDGE_CURVE('',#12395,#12424,#12426,.T.);
#12424 = VERTEX_POINT('',#12425);
#12425 = CARTESIAN_POINT('',(-37.,42.2,13.));
#12426 = SURFACE_CURVE('',#12427,(#12431,#12438),.PCURVE_S1.);
#12427 = LINE('',#12428,#12429);
#12428 = CARTESIAN_POINT('',(-37.,-72.5,13.));
#12429 = VECTOR('',#12430,1.);
#12430 = DIRECTION('',(0.,1.,0.));
#12431 = PCURVE('',#10384,#12432);
#12432 = DEFINITIONAL_REPRESENTATION('',(#12433),#12437);
#12433 = LINE('',#12434,#12435);
#12434 = CARTESIAN_POINT('',(1.570796326795,0.));
#12435 = VECTOR('',#12436,1.);
#12436 = DIRECTION('',(0.,1.));
#12437 = ( GEOMETRIC_REPRESENTATION_CONTEXT(2) 
PARAMETRIC_REPRESENTATION_CONTEXT() REPRESENTATION_CONTEXT('2D SPACE',''
  ) );
#12438 = PCURVE('',#11364,#12439);
#12439 = DEFINITIONAL_REPRESENTATION('',(#12440),#12444);
#12440 = LINE('',#12441,#12442);
#12441 = CARTESIAN_POINT('',(3.,0.));
#12442 = VECTOR('',#12443,1.);
#12443 = DIRECTION('',(0.,1.));
#12444 = ( GEOMETRIC_REPRESENTATION_CONTEXT(2) 
PARAMETRIC_REPRESENTATION_CONTEXT() REPRESENTATION_CONTEXT('2D SPACE',''
  ) );
#12445 = ORIENTED_EDGE('',*,*,#12446,.F.);
#12446 = EDGE_CURVE('',#12447,#12424,#12449,.T.);
#12447 = VERTEX_POINT('',#12448);
#12448 = CARTESIAN_POINT('',(-37.7,42.2,12.714142842854));
#12449 = SURFACE_CURVE('',#12450,(#12455,#12462),.PCURVE_S1.);
#12450 = CIRCLE('',#12451,1.);
#12451 = AXIS2_PLACEMENT_3D('',#12452,#12453,#12454);
#12452 = CARTESIAN_POINT('',(-37.,42.2,12.));
#12453 = DIRECTION('',(0.,1.,0.));
#12454 = DIRECTION('',(-1.,0.,0.));
#12455 = PCURVE('',#10384,#12456);
#12456 = DEFINITIONAL_REPRESENTATION('',(#12457),#12461);
#12457 = LINE('',#12458,#12459);
#12458 = CARTESIAN_POINT('',(0.,114.7));
#12459 = VECTOR('',#12460,1.);
#12460 = DIRECTION('',(1.,0.));
#12461 = ( GEOMETRIC_REPRESENTATION_CONTEXT(2) 
PARAMETRIC_REPRESENTATION_CONTEXT() REPRESENTATION_CONTEXT('2D SPACE',''
  ) );
#12462 = PCURVE('',#12463,#12468);
#12463 = PLANE('',#12464);
#12464 = AXIS2_PLACEMENT_3D('',#12465,#12466,#12467);
#12465 = CARTESIAN_POINT('',(-37.7,42.2,8.5));
#12466 = DIRECTION('',(0.,1.,0.));
#12467 = DIRECTION('',(0.,0.,1.));
#12468 = DEFINITIONAL_REPRESENTATION('',(#12469),#12473);
#12469 = CIRCLE('',#12470,1.);
#12470 = AXIS2_PLACEMENT_2D('',#12471,#12472);
#12471 = CARTESIAN_POINT('',(3.5,0.7));
#12472 = DIRECTION('',(0.,-1.));
#12473 = ( GEOMETRIC_REPRESENTATION_CONTEXT(2) 
PARAMETRIC_REPRESENTATION_CONTEXT() REPRESENTATION_CONTEXT('2D SPACE',''
  ) );
#12474 = ORIENTED_EDGE('',*,*,#12475,.T.);
#12475 = EDGE_CURVE('',#12447,#12476,#12478,.T.);
#12476 = VERTEX_POINT('',#12477);
#12477 = CARTESIAN_POINT('',(-37.7,57.2,12.714142842854));
#12478 = SURFACE_CURVE('',#12479,(#12483,#12489),.PCURVE_S1.);
#12479 = LINE('',#12480,#12481);
#12480 = CARTESIAN_POINT('',(-37.7,-72.5,12.714142842854));
#12481 = VECTOR('',#12482,1.);
#12482 = DIRECTION('',(0.,1.,0.));
#12483 = PCURVE('',#10384,#12484);
#12484 = DEFINITIONAL_REPRESENTATION('',(#12485),#12488);
#12485 = B_SPLINE_CURVE_WITH_KNOTS('',1,(#12486,#12487),.UNSPECIFIED.,
  .F.,.F.,(2,2),(113.2,131.2),.PIECEWISE_BEZIER_KNOTS.);
#12486 = CARTESIAN_POINT('',(0.795398830184,113.2));
#12487 = CARTESIAN_POINT('',(0.795398830184,131.2));
#12488 = ( GEOMETRIC_REPRESENTATION_CONTEXT(2) 
PARAMETRIC_REPRESENTATION_CONTEXT() REPRESENTATION_CONTEXT('2D SPACE',''
  ) );
#12489 = PCURVE('',#12490,#12495);
#12490 = PLANE('',#12491);
#12491 = AXIS2_PLACEMENT_3D('',#12492,#12493,#12494);
#12492 = CARTESIAN_POINT('',(-37.7,42.2,8.5));
#12493 = DIRECTION('',(1.,0.,0.));
#12494 = DIRECTION('',(0.,0.,1.));
#12495 = DEFINITIONAL_REPRESENTATION('',(#12496),#12499);
#12496 = B_SPLINE_CURVE_WITH_KNOTS('',1,(#12497,#12498),.UNSPECIFIED.,
  .F.,.F.,(2,2),(113.2,131.2),.PIECEWISE_BEZIER_KNOTS.);
#12497 = CARTESIAN_POINT('',(4.214142842854,1.5));
#12498 = CARTESIAN_POINT('',(4.214142842854,-16.5));
#12499 = ( GEOMETRIC_REPRESENTATION_CONTEXT(2) 
PARAMETRIC_REPRESENTATION_CONTEXT() REPRESENTATION_CONTEXT('2D SPACE',''
  ) );
#12500 = ORIENTED_EDGE('',*,*,#12501,.T.);
#12501 = EDGE_CURVE('',#12476,#12502,#12504,.T.);
#12502 = VERTEX_POINT('',#12503);
#12503 = CARTESIAN_POINT('',(-37.,57.2,13.));
#12504 = SURFACE_CURVE('',#12505,(#12510,#12517),.PCURVE_S1.);
#12505 = CIRCLE('',#12506,1.);
#12506 = AXIS2_PLACEMENT_3D('',#12507,#12508,#12509);
#12507 = CARTESIAN_POINT('',(-37.,57.2,12.));
#12508 = DIRECTION('',(0.,1.,0.));
#12509 = DIRECTION('',(-1.,0.,0.));
#12510 = PCURVE('',#10384,#12511);
#12511 = DEFINITIONAL_REPRESENTATION('',(#12512),#12516);
#12512 = LINE('',#12513,#12514);
#12513 = CARTESIAN_POINT('',(0.,129.7));
#12514 = VECTOR('',#12515,1.);
#12515 = DIRECTION('',(1.,0.));
#12516 = ( GEOMETRIC_REPRESENTATION_CONTEXT(2) 
PARAMETRIC_REPRESENTATION_CONTEXT() REPRESENTATION_CONTEXT('2D SPACE',''
  ) );
#12517 = PCURVE('',#12518,#12523);
#12518 = PLANE('',#12519);
#12519 = AXIS2_PLACEMENT_3D('',#12520,#12521,#12522);
#12520 = CARTESIAN_POINT('',(-37.7,57.2,8.5));
#12521 = DIRECTION('',(0.,1.,0.));
#12522 = DIRECTION('',(0.,0.,1.));
#12523 = DEFINITIONAL_REPRESENTATION('',(#12524),#12528);
#12524 = CIRCLE('',#12525,1.);
#12525 = AXIS2_PLACEMENT_2D('',#12526,#12527);
#12526 = CARTESIAN_POINT('',(3.5,0.7));
#12527 = DIRECTION('',(0.,-1.));
#12528 = ( GEOMETRIC_REPRESENTATION_CONTEXT(2) 
PARAMETRIC_REPRESENTATION_CONTEXT() REPRESENTATION_CONTEXT('2D SPACE',''
  ) );
#12529 = ORIENTED_EDGE('',*,*,#12530,.T.);
#12530 = EDGE_CURVE('',#12502,#11394,#12531,.T.);
#12531 = SURFACE_CURVE('',#12532,(#12536,#12543),.PCURVE_S1.);
#12532 = LINE('',#12533,#12534);
#12533 = CARTESIAN_POINT('',(-37.,-72.5,13.));
#12534 = VECTOR('',#12535,1.);
#12535 = DIRECTION('',(0.,1.,0.));
#12536 = PCURVE('',#10384,#12537);
#12537 = DEFINITIONAL_REPRESENTATION('',(#12538),#12542);
#12538 = LINE('',#12539,#12540);
#12539 = CARTESIAN_POINT('',(1.570796326795,0.));
#12540 = VECTOR('',#12541,1.);
#12541 = DIRECTION('',(0.,1.));
#12542 = ( GEOMETRIC_REPRESENTATION_CONTEXT(2) 
PARAMETRIC_REPRESENTATION_CONTEXT() REPRESENTATION_CONTEXT('2D SPACE',''
  ) );
#12543 = PCURVE('',#11364,#12544);
#12544 = DEFINITIONAL_REPRESENTATION('',(#12545),#12549);
#12545 = LINE('',#12546,#12547);
#12546 = CARTESIAN_POINT('',(3.,0.));
#12547 = VECTOR('',#12548,1.);
#12548 = DIRECTION('',(0.,1.));
#12549 = ( GEOMETRIC_REPRESENTATION_CONTEXT(2) 
PARAMETRIC_REPRESENTATION_CONTEXT() REPRESENTATION_CONTEXT('2D SPACE',''
  ) );
#12550 = ORIENTED_EDGE('',*,*,#11417,.F.);
#12551 = ORIENTED_EDGE('',*,*,#10370,.F.);
#12552 = ADVANCED_FACE('',(#12553),#10568,.T.);
#12553 = FACE_BOUND('',#12554,.T.);
#12554 = EDGE_LOOP('',(#12555,#12556,#12557));
#12555 = ORIENTED_EDGE('',*,*,#11299,.F.);
#12556 = ORIENTED_EDGE('',*,*,#10552,.T.);
#12557 = ORIENTED_EDGE('',*,*,#11038,.T.);
#12558 = ADVANCED_FACE('',(#12559),#10769,.T.);
#12559 = FACE_BOUND('',#12560,.T.);
#12560 = EDGE_LOOP('',(#12561,#12562,#12563));
#12561 = ORIENTED_EDGE('',*,*,#10753,.F.);
#12562 = ORIENTED_EDGE('',*,*,#10804,.F.);
#12563 = ORIENTED_EDGE('',*,*,#11198,.T.);
#12564 = ADVANCED_FACE('',(#12565),#10946,.F.);
#12565 = FACE_BOUND('',#12566,.F.);
#12566 = EDGE_LOOP('',(#12567,#12568,#12591,#12613));
#12567 = ORIENTED_EDGE('',*,*,#10931,.F.);
#12568 = ORIENTED_EDGE('',*,*,#12569,.F.);
#12569 = EDGE_CURVE('',#12570,#10909,#12572,.T.);
#12570 = VERTEX_POINT('',#12571);
#12571 = CARTESIAN_POINT('',(36.7,68.,13.));
#12572 = SEAM_CURVE('',#12573,(#12577,#12584),.PCURVE_S1.);
#12573 = LINE('',#12574,#12575);
#12574 = CARTESIAN_POINT('',(36.7,68.,10.5));
#12575 = VECTOR('',#12576,1.);
#12576 = DIRECTION('',(0.,0.,1.));
#12577 = PCURVE('',#10946,#12578);
#12578 = DEFINITIONAL_REPRESENTATION('',(#12579),#12583);
#12579 = LINE('',#12580,#12581);
#12580 = CARTESIAN_POINT('',(6.28318530718,-0.));
#12581 = VECTOR('',#12582,1.);
#12582 = DIRECTION('',(0.,1.));
#12583 = ( GEOMETRIC_REPRESENTATION_CONTEXT(2) 
PARAMETRIC_REPRESENTATION_CONTEXT() REPRESENTATION_CONTEXT('2D SPACE',''
  ) );
#12584 = PCURVE('',#10946,#12585);
#12585 = DEFINITIONAL_REPRESENTATION('',(#12586),#12590);
#12586 = LINE('',#12587,#12588);
#12587 = CARTESIAN_POINT('',(0.,-0.));
#12588 = VECTOR('',#12589,1.);
#12589 = DIRECTION('',(0.,1.));
#12590 = ( GEOMETRIC_REPRESENTATION_CONTEXT(2) 
PARAMETRIC_REPRESENTATION_CONTEXT() REPRESENTATION_CONTEXT('2D SPACE',''
  ) );
#12591 = ORIENTED_EDGE('',*,*,#12592,.T.);
#12592 = EDGE_CURVE('',#12570,#12570,#12593,.T.);
#12593 = SURFACE_CURVE('',#12594,(#12599,#12606),.PCURVE_S1.);
#12594 = CIRCLE('',#12595,1.2);
#12595 = AXIS2_PLACEMENT_3D('',#12596,#12597,#12598);
#12596 = CARTESIAN_POINT('',(35.5,68.,13.));
#12597 = DIRECTION('',(0.,0.,1.));
#12598 = DIRECTION('',(1.,0.,-0.));
#12599 = PCURVE('',#10946,#12600);
#12600 = DEFINITIONAL_REPRESENTATION('',(#12601),#12605);
#12601 = LINE('',#12602,#12603);
#12602 = CARTESIAN_POINT('',(0.,2.5));
#12603 = VECTOR('',#12604,1.);
#12604 = DIRECTION('',(1.,0.));
#12605 = ( GEOMETRIC_REPRESENTATION_CONTEXT(2) 
PARAMETRIC_REPRESENTATION_CONTEXT() REPRESENTATION_CONTEXT('2D SPACE',''
  ) );
#12606 = PCURVE('',#11364,#12607);
#12607 = DEFINITIONAL_REPRESENTATION('',(#12608),#12612);
#12608 = CIRCLE('',#12609,1.2);
#12609 = AXIS2_PLACEMENT_2D('',#12610,#12611);
#12610 = CARTESIAN_POINT('',(75.5,140.5));
#12611 = DIRECTION('',(1.,0.));
#12612 = ( GEOMETRIC_REPRESENTATION_CONTEXT(2) 
PARAMETRIC_REPRESENTATION_CONTEXT() REPRESENTATION_CONTEXT('2D SPACE',''
  ) );
#12613 = ORIENTED_EDGE('',*,*,#12569,.T.);
#12614 = ADVANCED_FACE('',(#12615),#11285,.F.);
#12615 = FACE_BOUND('',#12616,.F.);
#12616 = EDGE_LOOP('',(#12617,#12618,#12641,#12663));
#12617 = ORIENTED_EDGE('',*,*,#11270,.F.);
#12618 = ORIENTED_EDGE('',*,*,#12619,.F.);
#12619 = EDGE_CURVE('',#12620,#11248,#12622,.T.);
#12620 = VERTEX_POINT('',#12621);
#12621 = CARTESIAN_POINT('',(36.7,-68.,13.));
#12622 = SEAM_CURVE('',#12623,(#12627,#12634),.PCURVE_S1.);
#12623 = LINE('',#12624,#12625);
#12624 = CARTESIAN_POINT('',(36.7,-68.,10.5));
#12625 = VECTOR('',#12626,1.);
#12626 = DIRECTION('',(0.,0.,1.));
#12627 = PCURVE('',#11285,#12628);
#12628 = DEFINITIONAL_REPRESENTATION('',(#12629),#12633);
#12629 = LINE('',#12630,#12631);
#12630 = CARTESIAN_POINT('',(6.28318530718,-0.));
#12631 = VECTOR('',#12632,1.);
#12632 = DIRECTION('',(0.,1.));
#12633 = ( GEOMETRIC_REPRESENTATION_CONTEXT(2) 
PARAMETRIC_REPRESENTATION_CONTEXT() REPRESENTATION_CONTEXT('2D SPACE',''
  ) );
#12634 = PCURVE('',#11285,#12635);
#12635 = DEFINITIONAL_REPRESENTATION('',(#12636),#12640);
#12636 = LINE('',#12637,#12638);
#12637 = CARTESIAN_POINT('',(0.,-0.));
#12638 = VECTOR('',#12639,1.);
#12639 = DIRECTION('',(0.,1.));
#12640 = ( GEOMETRIC_REPRESENTATION_CONTEXT(2) 
PARAMETRIC_REPRESENTATION_CONTEXT() REPRESENTATION_CONTEXT('2D SPACE',''
  ) );
#12641 = ORIENTED_EDGE('',*,*,#12642,.T.);
#12642 = EDGE_CURVE('',#12620,#12620,#12643,.T.);
#12643 = SURFACE_CURVE('',#12644,(#12649,#12656),.PCURVE_S1.);
#12644 = CIRCLE('',#12645,1.2);
#12645 = AXIS2_PLACEMENT_3D('',#12646,#12647,#12648);
#12646 = CARTESIAN_POINT('',(35.5,-68.,13.));
#12647 = DIRECTION('',(0.,0.,1.));
#12648 = DIRECTION('',(1.,0.,-0.));
#12649 = PCURVE('',#11285,#12650);
#12650 = DEFINITIONAL_REPRESENTATION('',(#12651),#12655);
#12651 = LINE('',#12652,#12653);
#12652 = CARTESIAN_POINT('',(0.,2.5));
#12653 = VECTOR('',#12654,1.);
#12654 = DIRECTION('',(1.,0.));
#12655 = ( GEOMETRIC_REPRESENTATION_CONTEXT(2) 
PARAMETRIC_REPRESENTATION_CONTEXT() REPRESENTATION_CONTEXT('2D SPACE',''
  ) );
#12656 = PCURVE('',#11364,#12657);
#12657 = DEFINITIONAL_REPRESENTATION('',(#12658),#12662);
#12658 = CIRCLE('',#12659,1.2);
#12659 = AXIS2_PLACEMENT_2D('',#12660,#12661);
#12660 = CARTESIAN_POINT('',(75.5,4.5));
#12661 = DIRECTION('',(1.,0.));
#12662 = ( GEOMETRIC_REPRESENTATION_CONTEXT(2) 
PARAMETRIC_REPRESENTATION_CONTEXT() REPRESENTATION_CONTEXT('2D SPACE',''
  ) );
#12663 = ORIENTED_EDGE('',*,*,#12619,.T.);
#12664 = ADVANCED_FACE('',(#12665,#13207,#13210,#13213),#11364,.F.);
#12665 = FACE_BOUND('',#12666,.F.);
#12666 = EDGE_LOOP('',(#12667,#12668,#12669,#12690,#12716,#12735,#12736,
    #12757,#12783,#12802,#12803,#12804,#12825,#12851,#12870,#12871,
    #12892,#12918,#12937,#12938,#12939,#12960,#12986,#13005,#13006,
    #13027,#13053,#13072,#13073,#13074,#13095,#13121,#13140,#13141,
    #13162,#13188));
#12667 = ORIENTED_EDGE('',*,*,#12316,.F.);
#12668 = ORIENTED_EDGE('',*,*,#12048,.T.);
#12669 = ORIENTED_EDGE('',*,*,#12670,.T.);
#12670 = EDGE_CURVE('',#12049,#12671,#12673,.T.);
#12671 = VERTEX_POINT('',#12672);
#12672 = CARTESIAN_POINT('',(-24.7,-68.7,13.));
#12673 = SURFACE_CURVE('',#12674,(#12678,#12684),.PCURVE_S1.);
#12674 = LINE('',#12675,#12676);
#12675 = CARTESIAN_POINT('',(-24.7,-71.35,13.));
#12676 = VECTOR('',#12677,1.);
#12677 = DIRECTION('',(0.,1.,0.));
#12678 = PCURVE('',#11364,#12679);
#12679 = DEFINITIONAL_REPRESENTATION('',(#12680),#12683);
#12680 = B_SPLINE_CURVE_WITH_KNOTS('',1,(#12681,#12682),.UNSPECIFIED.,
  .F.,.F.,(2,2),(1.85,2.65),.PIECEWISE_BEZIER_KNOTS.);
#12681 = CARTESIAN_POINT('',(15.3,3.));
#12682 = CARTESIAN_POINT('',(15.3,3.8));
#12683 = ( GEOMETRIC_REPRESENTATION_CONTEXT(2) 
PARAMETRIC_REPRESENTATION_CONTEXT() REPRESENTATION_CONTEXT('2D SPACE',''
  ) );
#12684 = PCURVE('',#12088,#12685);
#12685 = DEFINITIONAL_REPRESENTATION('',(#12686),#12689);
#12686 = B_SPLINE_CURVE_WITH_KNOTS('',1,(#12687,#12688),.UNSPECIFIED.,
  .F.,.F.,(2,2),(1.85,2.65),.PIECEWISE_BEZIER_KNOTS.);
#12687 = CARTESIAN_POINT('',(4.5,-0.7));
#12688 = CARTESIAN_POINT('',(4.5,-1.5));
#12689 = ( GEOMETRIC_REPRESENTATION_CONTEXT(2) 
PARAMETRIC_REPRESENTATION_CONTEXT() REPRESENTATION_CONTEXT('2D SPACE',''
  ) );
#12690 = ORIENTED_EDGE('',*,*,#12691,.F.);
#12691 = EDGE_CURVE('',#12692,#12671,#12694,.T.);
#12692 = VERTEX_POINT('',#12693);
#12693 = CARTESIAN_POINT('',(-9.7,-68.7,13.));
#12694 = SURFACE_CURVE('',#12695,(#12699,#12705),.PCURVE_S1.);
#12695 = LINE('',#12696,#12697);
#12696 = CARTESIAN_POINT('',(-32.35,-68.7,13.));
#12697 = VECTOR('',#12698,1.);
#12698 = DIRECTION('',(-1.,0.,0.));
#12699 = PCURVE('',#11364,#12700);
#12700 = DEFINITIONAL_REPRESENTATION('',(#12701),#12704);
#12701 = B_SPLINE_CURVE_WITH_KNOTS('',1,(#12702,#12703),.UNSPECIFIED.,
  .F.,.F.,(2,2),(-22.65,-7.65),.PIECEWISE_BEZIER_KNOTS.);
#12702 = CARTESIAN_POINT('',(30.3,3.8));
#12703 = CARTESIAN_POINT('',(15.3,3.8));
#12704 = ( GEOMETRIC_REPRESENTATION_CONTEXT(2) 
PARAMETRIC_REPRESENTATION_CONTEXT() REPRESENTATION_CONTEXT('2D SPACE',''
  ) );
#12705 = PCURVE('',#12706,#12711);
#12706 = PLANE('',#12707);
#12707 = AXIS2_PLACEMENT_3D('',#12708,#12709,#12710);
#12708 = CARTESIAN_POINT('',(-24.7,-68.7,8.5));
#12709 = DIRECTION('',(0.,1.,0.));
#12710 = DIRECTION('',(0.,0.,1.));
#12711 = DEFINITIONAL_REPRESENTATION('',(#12712),#12715);
#12712 = B_SPLINE_CURVE_WITH_KNOTS('',1,(#12713,#12714),.UNSPECIFIED.,
  .F.,.F.,(2,2),(-22.65,-7.65),.PIECEWISE_BEZIER_KNOTS.);
#12713 = CARTESIAN_POINT('',(4.5,15.));
#12714 = CARTESIAN_POINT('',(4.5,0.));
#12715 = ( GEOMETRIC_REPRESENTATION_CONTEXT(2) 
PARAMETRIC_REPRESENTATION_CONTEXT() REPRESENTATION_CONTEXT('2D SPACE',''
  ) );
#12716 = ORIENTED_EDGE('',*,*,#12717,.F.);
#12717 = EDGE_CURVE('',#12127,#12692,#12718,.T.);
#12718 = SURFACE_CURVE('',#12719,(#12723,#12729),.PCURVE_S1.);
#12719 = LINE('',#12720,#12721);
#12720 = CARTESIAN_POINT('',(-9.7,-71.35,13.));
#12721 = VECTOR('',#12722,1.);
#12722 = DIRECTION('',(0.,1.,0.));
#12723 = PCURVE('',#11364,#12724);
#12724 = DEFINITIONAL_REPRESENTATION('',(#12725),#12728);
#12725 = B_SPLINE_CURVE_WITH_KNOTS('',1,(#12726,#12727),.UNSPECIFIED.,
  .F.,.F.,(2,2),(1.85,2.65),.PIECEWISE_BEZIER_KNOTS.);
#12726 = CARTESIAN_POINT('',(30.3,3.));
#12727 = CARTESIAN_POINT('',(30.3,3.8));
#12728 = ( GEOMETRIC_REPRESENTATION_CONTEXT(2) 
PARAMETRIC_REPRESENTATION_CONTEXT() REPRESENTATION_CONTEXT('2D SPACE',''
  ) );
#12729 = PCURVE('',#12143,#12730);
#12730 = DEFINITIONAL_REPRESENTATION('',(#12731),#12734);
#12731 = B_SPLINE_CURVE_WITH_KNOTS('',1,(#12732,#12733),.UNSPECIFIED.,
  .F.,.F.,(2,2),(1.85,2.65),.PIECEWISE_BEZIER_KNOTS.);
#12732 = CARTESIAN_POINT('',(4.5,-0.7));
#12733 = CARTESIAN_POINT('',(4.5,-1.5));
#12734 = ( GEOMETRIC_REPRESENTATION_CONTEXT(2) 
PARAMETRIC_REPRESENTATION_CONTEXT() REPRESENTATION_CONTEXT('2D SPACE',''
  ) );
#12735 = ORIENTED_EDGE('',*,*,#12155,.T.);
#12736 = ORIENTED_EDGE('',*,*,#12737,.T.);
#12737 = EDGE_CURVE('',#12156,#12738,#12740,.T.);
#12738 = VERTEX_POINT('',#12739);
#12739 = CARTESIAN_POINT('',(9.7,-68.7,13.));
#12740 = SURFACE_CURVE('',#12741,(#12745,#12751),.PCURVE_S1.);
#12741 = LINE('',#12742,#12743);
#12742 = CARTESIAN_POINT('',(9.7,-71.35,13.));
#12743 = VECTOR('',#12744,1.);
#12744 = DIRECTION('',(0.,1.,0.));
#12745 = PCURVE('',#11364,#12746);
#12746 = DEFINITIONAL_REPRESENTATION('',(#12747),#12750);
#12747 = B_SPLINE_CURVE_WITH_KNOTS('',1,(#12748,#12749),.UNSPECIFIED.,
  .F.,.F.,(2,2),(1.85,2.65),.PIECEWISE_BEZIER_KNOTS.);
#12748 = CARTESIAN_POINT('',(49.7,3.));
#12749 = CARTESIAN_POINT('',(49.7,3.8));
#12750 = ( GEOMETRIC_REPRESENTATION_CONTEXT(2) 
PARAMETRIC_REPRESENTATION_CONTEXT() REPRESENTATION_CONTEXT('2D SPACE',''
  ) );
#12751 = PCURVE('',#12195,#12752);
#12752 = DEFINITIONAL_REPRESENTATION('',(#12753),#12756);
#12753 = B_SPLINE_CURVE_WITH_KNOTS('',1,(#12754,#12755),.UNSPECIFIED.,
  .F.,.F.,(2,2),(1.85,2.65),.PIECEWISE_BEZIER_KNOTS.);
#12754 = CARTESIAN_POINT('',(4.5,-0.7));
#12755 = CARTESIAN_POINT('',(4.5,-1.5));
#12756 = ( GEOMETRIC_REPRESENTATION_CONTEXT(2) 
PARAMETRIC_REPRESENTATION_CONTEXT() REPRESENTATION_CONTEXT('2D SPACE',''
  ) );
#12757 = ORIENTED_EDGE('',*,*,#12758,.F.);
#12758 = EDGE_CURVE('',#12759,#12738,#12761,.T.);
#12759 = VERTEX_POINT('',#12760);
#12760 = CARTESIAN_POINT('',(24.7,-68.7,13.));
#12761 = SURFACE_CURVE('',#12762,(#12766,#12772),.PCURVE_S1.);
#12762 = LINE('',#12763,#12764);
#12763 = CARTESIAN_POINT('',(-15.15,-68.7,13.));
#12764 = VECTOR('',#12765,1.);
#12765 = DIRECTION('',(-1.,0.,0.));
#12766 = PCURVE('',#11364,#12767);
#12767 = DEFINITIONAL_REPRESENTATION('',(#12768),#12771);
#12768 = B_SPLINE_CURVE_WITH_KNOTS('',1,(#12769,#12770),.UNSPECIFIED.,
  .F.,.F.,(2,2),(-39.85,-24.85),.PIECEWISE_BEZIER_KNOTS.);
#12769 = CARTESIAN_POINT('',(64.7,3.8));
#12770 = CARTESIAN_POINT('',(49.7,3.8));
#12771 = ( GEOMETRIC_REPRESENTATION_CONTEXT(2) 
PARAMETRIC_REPRESENTATION_CONTEXT() REPRESENTATION_CONTEXT('2D SPACE',''
  ) );
#12772 = PCURVE('',#12773,#12778);
#12773 = PLANE('',#12774);
#12774 = AXIS2_PLACEMENT_3D('',#12775,#12776,#12777);
#12775 = CARTESIAN_POINT('',(9.7,-68.7,8.5));
#12776 = DIRECTION('',(0.,1.,0.));
#12777 = DIRECTION('',(0.,0.,1.));
#12778 = DEFINITIONAL_REPRESENTATION('',(#12779),#12782);
#12779 = B_SPLINE_CURVE_WITH_KNOTS('',1,(#12780,#12781),.UNSPECIFIED.,
  .F.,.F.,(2,2),(-39.85,-24.85),.PIECEWISE_BEZIER_KNOTS.);
#12780 = CARTESIAN_POINT('',(4.5,15.));
#12781 = CARTESIAN_POINT('',(4.5,0.));
#12782 = ( GEOMETRIC_REPRESENTATION_CONTEXT(2) 
PARAMETRIC_REPRESENTATION_CONTEXT() REPRESENTATION_CONTEXT('2D SPACE',''
  ) );
#12783 = ORIENTED_EDGE('',*,*,#12784,.F.);
#12784 = EDGE_CURVE('',#12234,#12759,#12785,.T.);
#12785 = SURFACE_CURVE('',#12786,(#12790,#12796),.PCURVE_S1.);
#12786 = LINE('',#12787,#12788);
#12787 = CARTESIAN_POINT('',(24.7,-71.35,13.));
#12788 = VECTOR('',#12789,1.);
#12789 = DIRECTION('',(0.,1.,0.));
#12790 = PCURVE('',#11364,#12791);
#12791 = DEFINITIONAL_REPRESENTATION('',(#12792),#12795);
#12792 = B_SPLINE_CURVE_WITH_KNOTS('',1,(#12793,#12794),.UNSPECIFIED.,
  .F.,.F.,(2,2),(1.85,2.65),.PIECEWISE_BEZIER_KNOTS.);
#12793 = CARTESIAN_POINT('',(64.7,3.));
#12794 = CARTESIAN_POINT('',(64.7,3.8));
#12795 = ( GEOMETRIC_REPRESENTATION_CONTEXT(2) 
PARAMETRIC_REPRESENTATION_CONTEXT() REPRESENTATION_CONTEXT('2D SPACE',''
  ) );
#12796 = PCURVE('',#12250,#12797);
#12797 = DEFINITIONAL_REPRESENTATION('',(#12798),#12801);
#12798 = B_SPLINE_CURVE_WITH_KNOTS('',1,(#12799,#12800),.UNSPECIFIED.,
  .F.,.F.,(2,2),(1.85,2.65),.PIECEWISE_BEZIER_KNOTS.);
#12799 = CARTESIAN_POINT('',(4.5,-0.7));
#12800 = CARTESIAN_POINT('',(4.5,-1.5));
#12801 = ( GEOMETRIC_REPRESENTATION_CONTEXT(2) 
PARAMETRIC_REPRESENTATION_CONTEXT() REPRESENTATION_CONTEXT('2D SPACE',''
  ) );
#12802 = ORIENTED_EDGE('',*,*,#12262,.T.);
#12803 = ORIENTED_EDGE('',*,*,#11757,.T.);
#12804 = ORIENTED_EDGE('',*,*,#12805,.T.);
#12805 = EDGE_CURVE('',#11758,#12806,#12808,.T.);
#12806 = VERTEX_POINT('',#12807);
#12807 = CARTESIAN_POINT('',(36.2,-57.2,13.));
#12808 = SURFACE_CURVE('',#12809,(#12813,#12819),.PCURVE_S1.);
#12809 = LINE('',#12810,#12811);
#12810 = CARTESIAN_POINT('',(-1.9,-57.2,13.));
#12811 = VECTOR('',#12812,1.);
#12812 = DIRECTION('',(-1.,0.,0.));
#12813 = PCURVE('',#11364,#12814);
#12814 = DEFINITIONAL_REPRESENTATION('',(#12815),#12818);
#12815 = B_SPLINE_CURVE_WITH_KNOTS('',1,(#12816,#12817),.UNSPECIFIED.,
  .F.,.F.,(2,2),(-38.9,-38.1),.PIECEWISE_BEZIER_KNOTS.);
#12816 = CARTESIAN_POINT('',(77.,15.3));
#12817 = CARTESIAN_POINT('',(76.2,15.3));
#12818 = ( GEOMETRIC_REPRESENTATION_CONTEXT(2) 
PARAMETRIC_REPRESENTATION_CONTEXT() REPRESENTATION_CONTEXT('2D SPACE',''
  ) );
#12819 = PCURVE('',#11797,#12820);
#12820 = DEFINITIONAL_REPRESENTATION('',(#12821),#12824);
#12821 = B_SPLINE_CURVE_WITH_KNOTS('',1,(#12822,#12823),.UNSPECIFIED.,
  .F.,.F.,(2,2),(-38.9,-38.1),.PIECEWISE_BEZIER_KNOTS.);
#12822 = CARTESIAN_POINT('',(4.5,0.8));
#12823 = CARTESIAN_POINT('',(4.5,0.));
#12824 = ( GEOMETRIC_REPRESENTATION_CONTEXT(2) 
PARAMETRIC_REPRESENTATION_CONTEXT() REPRESENTATION_CONTEXT('2D SPACE',''
  ) );
#12825 = ORIENTED_EDGE('',*,*,#12826,.T.);
#12826 = EDGE_CURVE('',#12806,#12827,#12829,.T.);
#12827 = VERTEX_POINT('',#12828);
#12828 = CARTESIAN_POINT('',(36.2,-42.2,13.));
#12829 = SURFACE_CURVE('',#12830,(#12834,#12840),.PCURVE_S1.);
#12830 = LINE('',#12831,#12832);
#12831 = CARTESIAN_POINT('',(36.2,-64.85,13.));
#12832 = VECTOR('',#12833,1.);
#12833 = DIRECTION('',(0.,1.,0.));
#12834 = PCURVE('',#11364,#12835);
#12835 = DEFINITIONAL_REPRESENTATION('',(#12836),#12839);
#12836 = B_SPLINE_CURVE_WITH_KNOTS('',1,(#12837,#12838),.UNSPECIFIED.,
  .F.,.F.,(2,2),(7.65,22.65),.PIECEWISE_BEZIER_KNOTS.);
#12837 = CARTESIAN_POINT('',(76.2,15.3));
#12838 = CARTESIAN_POINT('',(76.2,30.3));
#12839 = ( GEOMETRIC_REPRESENTATION_CONTEXT(2) 
PARAMETRIC_REPRESENTATION_CONTEXT() REPRESENTATION_CONTEXT('2D SPACE',''
  ) );
#12840 = PCURVE('',#12841,#12846);
#12841 = PLANE('',#12842);
#12842 = AXIS2_PLACEMENT_3D('',#12843,#12844,#12845);
#12843 = CARTESIAN_POINT('',(36.2,-57.2,8.5));
#12844 = DIRECTION('',(1.,0.,0.));
#12845 = DIRECTION('',(0.,0.,1.));
#12846 = DEFINITIONAL_REPRESENTATION('',(#12847),#12850);
#12847 = B_SPLINE_CURVE_WITH_KNOTS('',1,(#12848,#12849),.UNSPECIFIED.,
  .F.,.F.,(2,2),(7.65,22.65),.PIECEWISE_BEZIER_KNOTS.);
#12848 = CARTESIAN_POINT('',(4.5,0.));
#12849 = CARTESIAN_POINT('',(4.5,-15.));
#12850 = ( GEOMETRIC_REPRESENTATION_CONTEXT(2) 
PARAMETRIC_REPRESENTATION_CONTEXT() REPRESENTATION_CONTEXT('2D SPACE',''
  ) );
#12851 = ORIENTED_EDGE('',*,*,#12852,.F.);
#12852 = EDGE_CURVE('',#11836,#12827,#12853,.T.);
#12853 = SURFACE_CURVE('',#12854,(#12858,#12864),.PCURVE_S1.);
#12854 = LINE('',#12855,#12856);
#12855 = CARTESIAN_POINT('',(-1.9,-42.2,13.));
#12856 = VECTOR('',#12857,1.);
#12857 = DIRECTION('',(-1.,0.,0.));
#12858 = PCURVE('',#11364,#12859);
#12859 = DEFINITIONAL_REPRESENTATION('',(#12860),#12863);
#12860 = B_SPLINE_CURVE_WITH_KNOTS('',1,(#12861,#12862),.UNSPECIFIED.,
  .F.,.F.,(2,2),(-38.9,-38.1),.PIECEWISE_BEZIER_KNOTS.);
#12861 = CARTESIAN_POINT('',(77.,30.3));
#12862 = CARTESIAN_POINT('',(76.2,30.3));
#12863 = ( GEOMETRIC_REPRESENTATION_CONTEXT(2) 
PARAMETRIC_REPRESENTATION_CONTEXT() REPRESENTATION_CONTEXT('2D SPACE',''
  ) );
#12864 = PCURVE('',#11852,#12865);
#12865 = DEFINITIONAL_REPRESENTATION('',(#12866),#12869);
#12866 = B_SPLINE_CURVE_WITH_KNOTS('',1,(#12867,#12868),.UNSPECIFIED.,
  .F.,.F.,(2,2),(-38.9,-38.1),.PIECEWISE_BEZIER_KNOTS.);
#12867 = CARTESIAN_POINT('',(4.5,0.8));
#12868 = CARTESIAN_POINT('',(4.5,0.));
#12869 = ( GEOMETRIC_REPRESENTATION_CONTEXT(2) 
PARAMETRIC_REPRESENTATION_CONTEXT() REPRESENTATION_CONTEXT('2D SPACE',''
  ) );
#12870 = ORIENTED_EDGE('',*,*,#11864,.T.);
#12871 = ORIENTED_EDGE('',*,*,#12872,.T.);
#12872 = EDGE_CURVE('',#11865,#12873,#12875,.T.);
#12873 = VERTEX_POINT('',#12874);
#12874 = CARTESIAN_POINT('',(36.2,42.2,13.));
#12875 = SURFACE_CURVE('',#12876,(#12880,#12886),.PCURVE_S1.);
#12876 = LINE('',#12877,#12878);
#12877 = CARTESIAN_POINT('',(-1.9,42.2,13.));
#12878 = VECTOR('',#12879,1.);
#12879 = DIRECTION('',(-1.,0.,0.));
#12880 = PCURVE('',#11364,#12881);
#12881 = DEFINITIONAL_REPRESENTATION('',(#12882),#12885);
#12882 = B_SPLINE_CURVE_WITH_KNOTS('',1,(#12883,#12884),.UNSPECIFIED.,
  .F.,.F.,(2,2),(-38.9,-38.1),.PIECEWISE_BEZIER_KNOTS.);
#12883 = CARTESIAN_POINT('',(77.,114.7));
#12884 = CARTESIAN_POINT('',(76.2,114.7));
#12885 = ( GEOMETRIC_REPRESENTATION_CONTEXT(2) 
PARAMETRIC_REPRESENTATION_CONTEXT() REPRESENTATION_CONTEXT('2D SPACE',''
  ) );
#12886 = PCURVE('',#11904,#12887);
#12887 = DEFINITIONAL_REPRESENTATION('',(#12888),#12891);
#12888 = B_SPLINE_CURVE_WITH_KNOTS('',1,(#12889,#12890),.UNSPECIFIED.,
  .F.,.F.,(2,2),(-38.9,-38.1),.PIECEWISE_BEZIER_KNOTS.);
#12889 = CARTESIAN_POINT('',(4.5,0.8));
#12890 = CARTESIAN_POINT('',(4.5,0.));
#12891 = ( GEOMETRIC_REPRESENTATION_CONTEXT(2) 
PARAMETRIC_REPRESENTATION_CONTEXT() REPRESENTATION_CONTEXT('2D SPACE',''
  ) );
#12892 = ORIENTED_EDGE('',*,*,#12893,.T.);
#12893 = EDGE_CURVE('',#12873,#12894,#12896,.T.);
#12894 = VERTEX_POINT('',#12895);
#12895 = CARTESIAN_POINT('',(36.2,57.2,13.));
#12896 = SURFACE_CURVE('',#12897,(#12901,#12907),.PCURVE_S1.);
#12897 = LINE('',#12898,#12899);
#12898 = CARTESIAN_POINT('',(36.2,-15.15,13.));
#12899 = VECTOR('',#12900,1.);
#12900 = DIRECTION('',(0.,1.,0.));
#12901 = PCURVE('',#11364,#12902);
#12902 = DEFINITIONAL_REPRESENTATION('',(#12903),#12906);
#12903 = B_SPLINE_CURVE_WITH_KNOTS('',1,(#12904,#12905),.UNSPECIFIED.,
  .F.,.F.,(2,2),(57.35,72.35),.PIECEWISE_BEZIER_KNOTS.);
#12904 = CARTESIAN_POINT('',(76.2,114.7));
#12905 = CARTESIAN_POINT('',(76.2,129.7));
#12906 = ( GEOMETRIC_REPRESENTATION_CONTEXT(2) 
PARAMETRIC_REPRESENTATION_CONTEXT() REPRESENTATION_CONTEXT('2D SPACE',''
  ) );
#12907 = PCURVE('',#12908,#12913);
#12908 = PLANE('',#12909);
#12909 = AXIS2_PLACEMENT_3D('',#12910,#12911,#12912);
#12910 = CARTESIAN_POINT('',(36.2,42.2,8.5));
#12911 = DIRECTION('',(1.,0.,0.));
#12912 = DIRECTION('',(0.,0.,1.));
#12913 = DEFINITIONAL_REPRESENTATION('',(#12914),#12917);
#12914 = B_SPLINE_CURVE_WITH_KNOTS('',1,(#12915,#12916),.UNSPECIFIED.,
  .F.,.F.,(2,2),(57.35,72.35),.PIECEWISE_BEZIER_KNOTS.);
#12915 = CARTESIAN_POINT('',(4.5,0.));
#12916 = CARTESIAN_POINT('',(4.5,-15.));
#12917 = ( GEOMETRIC_REPRESENTATION_CONTEXT(2) 
PARAMETRIC_REPRESENTATION_CONTEXT() REPRESENTATION_CONTEXT('2D SPACE',''
  ) );
#12918 = ORIENTED_EDGE('',*,*,#12919,.F.);
#12919 = EDGE_CURVE('',#11943,#12894,#12920,.T.);
#12920 = SURFACE_CURVE('',#12921,(#12925,#12931),.PCURVE_S1.);
#12921 = LINE('',#12922,#12923);
#12922 = CARTESIAN_POINT('',(-1.9,57.2,13.));
#12923 = VECTOR('',#12924,1.);
#12924 = DIRECTION('',(-1.,0.,0.));
#12925 = PCURVE('',#11364,#12926);
#12926 = DEFINITIONAL_REPRESENTATION('',(#12927),#12930);
#12927 = B_SPLINE_CURVE_WITH_KNOTS('',1,(#12928,#12929),.UNSPECIFIED.,
  .F.,.F.,(2,2),(-38.9,-38.1),.PIECEWISE_BEZIER_KNOTS.);
#12928 = CARTESIAN_POINT('',(77.,129.7));
#12929 = CARTESIAN_POINT('',(76.2,129.7));
#12930 = ( GEOMETRIC_REPRESENTATION_CONTEXT(2) 
PARAMETRIC_REPRESENTATION_CONTEXT() REPRESENTATION_CONTEXT('2D SPACE',''
  ) );
#12931 = PCURVE('',#11959,#12932);
#12932 = DEFINITIONAL_REPRESENTATION('',(#12933),#12936);
#12933 = B_SPLINE_CURVE_WITH_KNOTS('',1,(#12934,#12935),.UNSPECIFIED.,
  .F.,.F.,(2,2),(-38.9,-38.1),.PIECEWISE_BEZIER_KNOTS.);
#12934 = CARTESIAN_POINT('',(4.5,0.8));
#12935 = CARTESIAN_POINT('',(4.5,0.));
#12936 = ( GEOMETRIC_REPRESENTATION_CONTEXT(2) 
PARAMETRIC_REPRESENTATION_CONTEXT() REPRESENTATION_CONTEXT('2D SPACE',''
  ) );
#12937 = ORIENTED_EDGE('',*,*,#11971,.T.);
#12938 = ORIENTED_EDGE('',*,*,#11658,.F.);
#12939 = ORIENTED_EDGE('',*,*,#12940,.F.);
#12940 = EDGE_CURVE('',#12941,#11630,#12943,.T.);
#12941 = VERTEX_POINT('',#12942);
#12942 = CARTESIAN_POINT('',(24.7,68.7,13.));
#12943 = SURFACE_CURVE('',#12944,(#12948,#12954),.PCURVE_S1.);
#12944 = LINE('',#12945,#12946);
#12945 = CARTESIAN_POINT('',(24.7,-1.9,13.));
#12946 = VECTOR('',#12947,1.);
#12947 = DIRECTION('',(0.,1.,0.));
#12948 = PCURVE('',#11364,#12949);
#12949 = DEFINITIONAL_REPRESENTATION('',(#12950),#12953);
#12950 = B_SPLINE_CURVE_WITH_KNOTS('',1,(#12951,#12952),.UNSPECIFIED.,
  .F.,.F.,(2,2),(70.6,71.4),.PIECEWISE_BEZIER_KNOTS.);
#12951 = CARTESIAN_POINT('',(64.7,141.2));
#12952 = CARTESIAN_POINT('',(64.7,142.));
#12953 = ( GEOMETRIC_REPRESENTATION_CONTEXT(2) 
PARAMETRIC_REPRESENTATION_CONTEXT() REPRESENTATION_CONTEXT('2D SPACE',''
  ) );
#12954 = PCURVE('',#11646,#12955);
#12955 = DEFINITIONAL_REPRESENTATION('',(#12956),#12959);
#12956 = B_SPLINE_CURVE_WITH_KNOTS('',1,(#12957,#12958),.UNSPECIFIED.,
  .F.,.F.,(2,2),(70.6,71.4),.PIECEWISE_BEZIER_KNOTS.);
#12957 = CARTESIAN_POINT('',(4.5,0.));
#12958 = CARTESIAN_POINT('',(4.5,-0.8));
#12959 = ( GEOMETRIC_REPRESENTATION_CONTEXT(2) 
PARAMETRIC_REPRESENTATION_CONTEXT() REPRESENTATION_CONTEXT('2D SPACE',''
  ) );
#12960 = ORIENTED_EDGE('',*,*,#12961,.T.);
#12961 = EDGE_CURVE('',#12941,#12962,#12964,.T.);
#12962 = VERTEX_POINT('',#12963);
#12963 = CARTESIAN_POINT('',(9.7,68.7,13.));
#12964 = SURFACE_CURVE('',#12965,(#12969,#12975),.PCURVE_S1.);
#12965 = LINE('',#12966,#12967);
#12966 = CARTESIAN_POINT('',(-15.15,68.7,13.));
#12967 = VECTOR('',#12968,1.);
#12968 = DIRECTION('',(-1.,0.,0.));
#12969 = PCURVE('',#11364,#12970);
#12970 = DEFINITIONAL_REPRESENTATION('',(#12971),#12974);
#12971 = B_SPLINE_CURVE_WITH_KNOTS('',1,(#12972,#12973),.UNSPECIFIED.,
  .F.,.F.,(2,2),(-39.85,-24.85),.PIECEWISE_BEZIER_KNOTS.);
#12972 = CARTESIAN_POINT('',(64.7,141.2));
#12973 = CARTESIAN_POINT('',(49.7,141.2));
#12974 = ( GEOMETRIC_REPRESENTATION_CONTEXT(2) 
PARAMETRIC_REPRESENTATION_CONTEXT() REPRESENTATION_CONTEXT('2D SPACE',''
  ) );
#12975 = PCURVE('',#12976,#12981);
#12976 = PLANE('',#12977);
#12977 = AXIS2_PLACEMENT_3D('',#12978,#12979,#12980);
#12978 = CARTESIAN_POINT('',(9.7,68.7,8.5));
#12979 = DIRECTION('',(0.,1.,0.));
#12980 = DIRECTION('',(0.,0.,1.));
#12981 = DEFINITIONAL_REPRESENTATION('',(#12982),#12985);
#12982 = B_SPLINE_CURVE_WITH_KNOTS('',1,(#12983,#12984),.UNSPECIFIED.,
  .F.,.F.,(2,2),(-39.85,-24.85),.PIECEWISE_BEZIER_KNOTS.);
#12983 = CARTESIAN_POINT('',(4.5,15.));
#12984 = CARTESIAN_POINT('',(4.5,0.));
#12985 = ( GEOMETRIC_REPRESENTATION_CONTEXT(2) 
PARAMETRIC_REPRESENTATION_CONTEXT() REPRESENTATION_CONTEXT('2D SPACE',''
  ) );
#12986 = ORIENTED_EDGE('',*,*,#12987,.T.);
#12987 = EDGE_CURVE('',#12962,#11552,#12988,.T.);
#12988 = SURFACE_CURVE('',#12989,(#12993,#12999),.PCURVE_S1.);
#12989 = LINE('',#12990,#12991);
#12990 = CARTESIAN_POINT('',(9.7,-1.9,13.));
#12991 = VECTOR('',#12992,1.);
#12992 = DIRECTION('',(0.,1.,0.));
#12993 = PCURVE('',#11364,#12994);
#12994 = DEFINITIONAL_REPRESENTATION('',(#12995),#12998);
#12995 = B_SPLINE_CURVE_WITH_KNOTS('',1,(#12996,#12997),.UNSPECIFIED.,
  .F.,.F.,(2,2),(70.6,71.4),.PIECEWISE_BEZIER_KNOTS.);
#12996 = CARTESIAN_POINT('',(49.7,141.2));
#12997 = CARTESIAN_POINT('',(49.7,142.));
#12998 = ( GEOMETRIC_REPRESENTATION_CONTEXT(2) 
PARAMETRIC_REPRESENTATION_CONTEXT() REPRESENTATION_CONTEXT('2D SPACE',''
  ) );
#12999 = PCURVE('',#11591,#13000);
#13000 = DEFINITIONAL_REPRESENTATION('',(#13001),#13004);
#13001 = B_SPLINE_CURVE_WITH_KNOTS('',1,(#13002,#13003),.UNSPECIFIED.,
  .F.,.F.,(2,2),(70.6,71.4),.PIECEWISE_BEZIER_KNOTS.);
#13002 = CARTESIAN_POINT('',(4.5,0.));
#13003 = CARTESIAN_POINT('',(4.5,-0.8));
#13004 = ( GEOMETRIC_REPRESENTATION_CONTEXT(2) 
PARAMETRIC_REPRESENTATION_CONTEXT() REPRESENTATION_CONTEXT('2D SPACE',''
  ) );
#13005 = ORIENTED_EDGE('',*,*,#11551,.F.);
#13006 = ORIENTED_EDGE('',*,*,#13007,.F.);
#13007 = EDGE_CURVE('',#13008,#11523,#13010,.T.);
#13008 = VERTEX_POINT('',#13009);
#13009 = CARTESIAN_POINT('',(-9.7,68.7,13.));
#13010 = SURFACE_CURVE('',#13011,(#13015,#13021),.PCURVE_S1.);
#13011 = LINE('',#13012,#13013);
#13012 = CARTESIAN_POINT('',(-9.7,-1.9,13.));
#13013 = VECTOR('',#13014,1.);
#13014 = DIRECTION('',(0.,1.,0.));
#13015 = PCURVE('',#11364,#13016);
#13016 = DEFINITIONAL_REPRESENTATION('',(#13017),#13020);
#13017 = B_SPLINE_CURVE_WITH_KNOTS('',1,(#13018,#13019),.UNSPECIFIED.,
  .F.,.F.,(2,2),(70.6,71.4),.PIECEWISE_BEZIER_KNOTS.);
#13018 = CARTESIAN_POINT('',(30.3,141.2));
#13019 = CARTESIAN_POINT('',(30.3,142.));
#13020 = ( GEOMETRIC_REPRESENTATION_CONTEXT(2) 
PARAMETRIC_REPRESENTATION_CONTEXT() REPRESENTATION_CONTEXT('2D SPACE',''
  ) );
#13021 = PCURVE('',#11539,#13022);
#13022 = DEFINITIONAL_REPRESENTATION('',(#13023),#13026);
#13023 = B_SPLINE_CURVE_WITH_KNOTS('',1,(#13024,#13025),.UNSPECIFIED.,
  .F.,.F.,(2,2),(70.6,71.4),.PIECEWISE_BEZIER_KNOTS.);
#13024 = CARTESIAN_POINT('',(4.5,0.));
#13025 = CARTESIAN_POINT('',(4.5,-0.8));
#13026 = ( GEOMETRIC_REPRESENTATION_CONTEXT(2) 
PARAMETRIC_REPRESENTATION_CONTEXT() REPRESENTATION_CONTEXT('2D SPACE',''
  ) );
#13027 = ORIENTED_EDGE('',*,*,#13028,.T.);
#13028 = EDGE_CURVE('',#13008,#13029,#13031,.T.);
#13029 = VERTEX_POINT('',#13030);
#13030 = CARTESIAN_POINT('',(-24.7,68.7,13.));
#13031 = SURFACE_CURVE('',#13032,(#13036,#13042),.PCURVE_S1.);
#13032 = LINE('',#13033,#13034);
#13033 = CARTESIAN_POINT('',(-32.35,68.7,13.));
#13034 = VECTOR('',#13035,1.);
#13035 = DIRECTION('',(-1.,0.,0.));
#13036 = PCURVE('',#11364,#13037);
#13037 = DEFINITIONAL_REPRESENTATION('',(#13038),#13041);
#13038 = B_SPLINE_CURVE_WITH_KNOTS('',1,(#13039,#13040),.UNSPECIFIED.,
  .F.,.F.,(2,2),(-22.65,-7.65),.PIECEWISE_BEZIER_KNOTS.);
#13039 = CARTESIAN_POINT('',(30.3,141.2));
#13040 = CARTESIAN_POINT('',(15.3,141.2));
#13041 = ( GEOMETRIC_REPRESENTATION_CONTEXT(2) 
PARAMETRIC_REPRESENTATION_CONTEXT() REPRESENTATION_CONTEXT('2D SPACE',''
  ) );
#13042 = PCURVE('',#13043,#13048);
#13043 = PLANE('',#13044);
#13044 = AXIS2_PLACEMENT_3D('',#13045,#13046,#13047);
#13045 = CARTESIAN_POINT('',(-24.7,68.7,8.5));
#13046 = DIRECTION('',(0.,1.,0.));
#13047 = DIRECTION('',(0.,0.,1.));
#13048 = DEFINITIONAL_REPRESENTATION('',(#13049),#13052);
#13049 = B_SPLINE_CURVE_WITH_KNOTS('',1,(#13050,#13051),.UNSPECIFIED.,
  .F.,.F.,(2,2),(-22.65,-7.65),.PIECEWISE_BEZIER_KNOTS.);
#13050 = CARTESIAN_POINT('',(4.5,15.));
#13051 = CARTESIAN_POINT('',(4.5,0.));
#13052 = ( GEOMETRIC_REPRESENTATION_CONTEXT(2) 
PARAMETRIC_REPRESENTATION_CONTEXT() REPRESENTATION_CONTEXT('2D SPACE',''
  ) );
#13053 = ORIENTED_EDGE('',*,*,#13054,.T.);
#13054 = EDGE_CURVE('',#13029,#11445,#13055,.T.);
#13055 = SURFACE_CURVE('',#13056,(#13060,#13066),.PCURVE_S1.);
#13056 = LINE('',#13057,#13058);
#13057 = CARTESIAN_POINT('',(-24.7,-1.9,13.));
#13058 = VECTOR('',#13059,1.);
#13059 = DIRECTION('',(0.,1.,0.));
#13060 = PCURVE('',#11364,#13061);
#13061 = DEFINITIONAL_REPRESENTATION('',(#13062),#13065);
#13062 = B_SPLINE_CURVE_WITH_KNOTS('',1,(#13063,#13064),.UNSPECIFIED.,
  .F.,.F.,(2,2),(70.6,71.4),.PIECEWISE_BEZIER_KNOTS.);
#13063 = CARTESIAN_POINT('',(15.3,141.2));
#13064 = CARTESIAN_POINT('',(15.3,142.));
#13065 = ( GEOMETRIC_REPRESENTATION_CONTEXT(2) 
PARAMETRIC_REPRESENTATION_CONTEXT() REPRESENTATION_CONTEXT('2D SPACE',''
  ) );
#13066 = PCURVE('',#11484,#13067);
#13067 = DEFINITIONAL_REPRESENTATION('',(#13068),#13071);
#13068 = B_SPLINE_CURVE_WITH_KNOTS('',1,(#13069,#13070),.UNSPECIFIED.,
  .F.,.F.,(2,2),(70.6,71.4),.PIECEWISE_BEZIER_KNOTS.);
#13069 = CARTESIAN_POINT('',(4.5,0.));
#13070 = CARTESIAN_POINT('',(4.5,-0.8));
#13071 = ( GEOMETRIC_REPRESENTATION_CONTEXT(2) 
PARAMETRIC_REPRESENTATION_CONTEXT() REPRESENTATION_CONTEXT('2D SPACE',''
  ) );
#13072 = ORIENTED_EDGE('',*,*,#11444,.F.);
#13073 = ORIENTED_EDGE('',*,*,#12530,.F.);
#13074 = ORIENTED_EDGE('',*,*,#13075,.F.);
#13075 = EDGE_CURVE('',#13076,#12502,#13078,.T.);
#13076 = VERTEX_POINT('',#13077);
#13077 = CARTESIAN_POINT('',(-36.2,57.2,13.));
#13078 = SURFACE_CURVE('',#13079,(#13083,#13089),.PCURVE_S1.);
#13079 = LINE('',#13080,#13081);
#13080 = CARTESIAN_POINT('',(-38.85,57.2,13.));
#13081 = VECTOR('',#13082,1.);
#13082 = DIRECTION('',(-1.,0.,0.));
#13083 = PCURVE('',#11364,#13084);
#13084 = DEFINITIONAL_REPRESENTATION('',(#13085),#13088);
#13085 = B_SPLINE_CURVE_WITH_KNOTS('',1,(#13086,#13087),.UNSPECIFIED.,
  .F.,.F.,(2,2),(-2.65,-1.85),.PIECEWISE_BEZIER_KNOTS.);
#13086 = CARTESIAN_POINT('',(3.8,129.7));
#13087 = CARTESIAN_POINT('',(3.,129.7));
#13088 = ( GEOMETRIC_REPRESENTATION_CONTEXT(2) 
PARAMETRIC_REPRESENTATION_CONTEXT() REPRESENTATION_CONTEXT('2D SPACE',''
  ) );
#13089 = PCURVE('',#12518,#13090);
#13090 = DEFINITIONAL_REPRESENTATION('',(#13091),#13094);
#13091 = B_SPLINE_CURVE_WITH_KNOTS('',1,(#13092,#13093),.UNSPECIFIED.,
  .F.,.F.,(2,2),(-2.65,-1.85),.PIECEWISE_BEZIER_KNOTS.);
#13092 = CARTESIAN_POINT('',(4.5,1.5));
#13093 = CARTESIAN_POINT('',(4.5,0.7));
#13094 = ( GEOMETRIC_REPRESENTATION_CONTEXT(2) 
PARAMETRIC_REPRESENTATION_CONTEXT() REPRESENTATION_CONTEXT('2D SPACE',''
  ) );
#13095 = ORIENTED_EDGE('',*,*,#13096,.F.);
#13096 = EDGE_CURVE('',#13097,#13076,#13099,.T.);
#13097 = VERTEX_POINT('',#13098);
#13098 = CARTESIAN_POINT('',(-36.2,42.2,13.));
#13099 = SURFACE_CURVE('',#13100,(#13104,#13110),.PCURVE_S1.);
#13100 = LINE('',#13101,#13102);
#13101 = CARTESIAN_POINT('',(-36.2,-15.15,13.));
#13102 = VECTOR('',#13103,1.);
#13103 = DIRECTION('',(0.,1.,0.));
#13104 = PCURVE('',#11364,#13105);
#13105 = DEFINITIONAL_REPRESENTATION('',(#13106),#13109);
#13106 = B_SPLINE_CURVE_WITH_KNOTS('',1,(#13107,#13108),.UNSPECIFIED.,
  .F.,.F.,(2,2),(57.35,72.35),.PIECEWISE_BEZIER_KNOTS.);
#13107 = CARTESIAN_POINT('',(3.8,114.7));
#13108 = CARTESIAN_POINT('',(3.8,129.7));
#13109 = ( GEOMETRIC_REPRESENTATION_CONTEXT(2) 
PARAMETRIC_REPRESENTATION_CONTEXT() REPRESENTATION_CONTEXT('2D SPACE',''
  ) );
#13110 = PCURVE('',#13111,#13116);
#13111 = PLANE('',#13112);
#13112 = AXIS2_PLACEMENT_3D('',#13113,#13114,#13115);
#13113 = CARTESIAN_POINT('',(-36.2,42.2,8.5));
#13114 = DIRECTION('',(1.,0.,0.));
#13115 = DIRECTION('',(0.,0.,1.));
#13116 = DEFINITIONAL_REPRESENTATION('',(#13117),#13120);
#13117 = B_SPLINE_CURVE_WITH_KNOTS('',1,(#13118,#13119),.UNSPECIFIED.,
  .F.,.F.,(2,2),(57.35,72.35),.PIECEWISE_BEZIER_KNOTS.);
#13118 = CARTESIAN_POINT('',(4.5,0.));
#13119 = CARTESIAN_POINT('',(4.5,-15.));
#13120 = ( GEOMETRIC_REPRESENTATION_CONTEXT(2) 
PARAMETRIC_REPRESENTATION_CONTEXT() REPRESENTATION_CONTEXT('2D SPACE',''
  ) );
#13121 = ORIENTED_EDGE('',*,*,#13122,.T.);
#13122 = EDGE_CURVE('',#13097,#12424,#13123,.T.);
#13123 = SURFACE_CURVE('',#13124,(#13128,#13134),.PCURVE_S1.);
#13124 = LINE('',#13125,#13126);
#13125 = CARTESIAN_POINT('',(-38.85,42.2,13.));
#13126 = VECTOR('',#13127,1.);
#13127 = DIRECTION('',(-1.,0.,0.));
#13128 = PCURVE('',#11364,#13129);
#13129 = DEFINITIONAL_REPRESENTATION('',(#13130),#13133);
#13130 = B_SPLINE_CURVE_WITH_KNOTS('',1,(#13131,#13132),.UNSPECIFIED.,
  .F.,.F.,(2,2),(-2.65,-1.85),.PIECEWISE_BEZIER_KNOTS.);
#13131 = CARTESIAN_POINT('',(3.8,114.7));
#13132 = CARTESIAN_POINT('',(3.,114.7));
#13133 = ( GEOMETRIC_REPRESENTATION_CONTEXT(2) 
PARAMETRIC_REPRESENTATION_CONTEXT() REPRESENTATION_CONTEXT('2D SPACE',''
  ) );
#13134 = PCURVE('',#12463,#13135);
#13135 = DEFINITIONAL_REPRESENTATION('',(#13136),#13139);
#13136 = B_SPLINE_CURVE_WITH_KNOTS('',1,(#13137,#13138),.UNSPECIFIED.,
  .F.,.F.,(2,2),(-2.65,-1.85),.PIECEWISE_BEZIER_KNOTS.);
#13137 = CARTESIAN_POINT('',(4.5,1.5));
#13138 = CARTESIAN_POINT('',(4.5,0.7));
#13139 = ( GEOMETRIC_REPRESENTATION_CONTEXT(2) 
PARAMETRIC_REPRESENTATION_CONTEXT() REPRESENTATION_CONTEXT('2D SPACE',''
  ) );
#13140 = ORIENTED_EDGE('',*,*,#12423,.F.);
#13141 = ORIENTED_EDGE('',*,*,#13142,.F.);
#13142 = EDGE_CURVE('',#13143,#12395,#13145,.T.);
#13143 = VERTEX_POINT('',#13144);
#13144 = CARTESIAN_POINT('',(-36.2,-42.2,13.));
#13145 = SURFACE_CURVE('',#13146,(#13150,#13156),.PCURVE_S1.);
#13146 = LINE('',#13147,#13148);
#13147 = CARTESIAN_POINT('',(-38.85,-42.2,13.));
#13148 = VECTOR('',#13149,1.);
#13149 = DIRECTION('',(-1.,0.,0.));
#13150 = PCURVE('',#11364,#13151);
#13151 = DEFINITIONAL_REPRESENTATION('',(#13152),#13155);
#13152 = B_SPLINE_CURVE_WITH_KNOTS('',1,(#13153,#13154),.UNSPECIFIED.,
  .F.,.F.,(2,2),(-2.65,-1.85),.PIECEWISE_BEZIER_KNOTS.);
#13153 = CARTESIAN_POINT('',(3.8,30.3));
#13154 = CARTESIAN_POINT('',(3.,30.3));
#13155 = ( GEOMETRIC_REPRESENTATION_CONTEXT(2) 
PARAMETRIC_REPRESENTATION_CONTEXT() REPRESENTATION_CONTEXT('2D SPACE',''
  ) );
#13156 = PCURVE('',#12411,#13157);
#13157 = DEFINITIONAL_REPRESENTATION('',(#13158),#13161);
#13158 = B_SPLINE_CURVE_WITH_KNOTS('',1,(#13159,#13160),.UNSPECIFIED.,
  .F.,.F.,(2,2),(-2.65,-1.85),.PIECEWISE_BEZIER_KNOTS.);
#13159 = CARTESIAN_POINT('',(4.5,1.5));
#13160 = CARTESIAN_POINT('',(4.5,0.7));
#13161 = ( GEOMETRIC_REPRESENTATION_CONTEXT(2) 
PARAMETRIC_REPRESENTATION_CONTEXT() REPRESENTATION_CONTEXT('2D SPACE',''
  ) );
#13162 = ORIENTED_EDGE('',*,*,#13163,.F.);
#13163 = EDGE_CURVE('',#13164,#13143,#13166,.T.);
#13164 = VERTEX_POINT('',#13165);
#13165 = CARTESIAN_POINT('',(-36.2,-57.2,13.));
#13166 = SURFACE_CURVE('',#13167,(#13171,#13177),.PCURVE_S1.);
#13167 = LINE('',#13168,#13169);
#13168 = CARTESIAN_POINT('',(-36.2,-64.85,13.));
#13169 = VECTOR('',#13170,1.);
#13170 = DIRECTION('',(0.,1.,0.));
#13171 = PCURVE('',#11364,#13172);
#13172 = DEFINITIONAL_REPRESENTATION('',(#13173),#13176);
#13173 = B_SPLINE_CURVE_WITH_KNOTS('',1,(#13174,#13175),.UNSPECIFIED.,
  .F.,.F.,(2,2),(7.65,22.65),.PIECEWISE_BEZIER_KNOTS.);
#13174 = CARTESIAN_POINT('',(3.8,15.3));
#13175 = CARTESIAN_POINT('',(3.8,30.3));
#13176 = ( GEOMETRIC_REPRESENTATION_CONTEXT(2) 
PARAMETRIC_REPRESENTATION_CONTEXT() REPRESENTATION_CONTEXT('2D SPACE',''
  ) );
#13177 = PCURVE('',#13178,#13183);
#13178 = PLANE('',#13179);
#13179 = AXIS2_PLACEMENT_3D('',#13180,#13181,#13182);
#13180 = CARTESIAN_POINT('',(-36.2,-57.2,8.5));
#13181 = DIRECTION('',(1.,0.,0.));
#13182 = DIRECTION('',(0.,0.,1.));
#13183 = DEFINITIONAL_REPRESENTATION('',(#13184),#13187);
#13184 = B_SPLINE_CURVE_WITH_KNOTS('',1,(#13185,#13186),.UNSPECIFIED.,
  .F.,.F.,(2,2),(7.65,22.65),.PIECEWISE_BEZIER_KNOTS.);
#13185 = CARTESIAN_POINT('',(4.5,0.));
#13186 = CARTESIAN_POINT('',(4.5,-15.));
#13187 = ( GEOMETRIC_REPRESENTATION_CONTEXT(2) 
PARAMETRIC_REPRESENTATION_CONTEXT() REPRESENTATION_CONTEXT('2D SPACE',''
  ) );
#13188 = ORIENTED_EDGE('',*,*,#13189,.T.);
#13189 = EDGE_CURVE('',#13164,#12317,#13190,.T.);
#13190 = SURFACE_CURVE('',#13191,(#13195,#13201),.PCURVE_S1.);
#13191 = LINE('',#13192,#13193);
#13192 = CARTESIAN_POINT('',(-38.85,-57.2,13.));
#13193 = VECTOR('',#13194,1.);
#13194 = DIRECTION('',(-1.,0.,0.));
#13195 = PCURVE('',#11364,#13196);
#13196 = DEFINITIONAL_REPRESENTATION('',(#13197),#13200);
#13197 = B_SPLINE_CURVE_WITH_KNOTS('',1,(#13198,#13199),.UNSPECIFIED.,
  .F.,.F.,(2,2),(-2.65,-1.85),.PIECEWISE_BEZIER_KNOTS.);
#13198 = CARTESIAN_POINT('',(3.8,15.3));
#13199 = CARTESIAN_POINT('',(3.,15.3));
#13200 = ( GEOMETRIC_REPRESENTATION_CONTEXT(2) 
PARAMETRIC_REPRESENTATION_CONTEXT() REPRESENTATION_CONTEXT('2D SPACE',''
  ) );
#13201 = PCURVE('',#12356,#13202);
#13202 = DEFINITIONAL_REPRESENTATION('',(#13203),#13206);
#13203 = B_SPLINE_CURVE_WITH_KNOTS('',1,(#13204,#13205),.UNSPECIFIED.,
  .F.,.F.,(2,2),(-2.65,-1.85),.PIECEWISE_BEZIER_KNOTS.);
#13204 = CARTESIAN_POINT('',(4.5,1.5));
#13205 = CARTESIAN_POINT('',(4.5,0.7));
#13206 = ( GEOMETRIC_REPRESENTATION_CONTEXT(2) 
PARAMETRIC_REPRESENTATION_CONTEXT() REPRESENTATION_CONTEXT('2D SPACE',''
  ) );
#13207 = FACE_BOUND('',#13208,.F.);
#13208 = EDGE_LOOP('',(#13209));
#13209 = ORIENTED_EDGE('',*,*,#11349,.F.);
#13210 = FACE_BOUND('',#13211,.F.);
#13211 = EDGE_LOOP('',(#13212));
#13212 = ORIENTED_EDGE('',*,*,#12642,.F.);
#13213 = FACE_BOUND('',#13214,.F.);
#13214 = EDGE_LOOP('',(#13215));
#13215 = ORIENTED_EDGE('',*,*,#12592,.F.);
#13216 = ADVANCED_FACE('',(#13217),#11646,.T.);
#13217 = FACE_BOUND('',#13218,.T.);
#13218 = EDGE_LOOP('',(#13219,#13242,#13270,#13291,#13292));
#13219 = ORIENTED_EDGE('',*,*,#13220,.F.);
#13220 = EDGE_CURVE('',#13221,#12941,#13223,.T.);
#13221 = VERTEX_POINT('',#13222);
#13222 = CARTESIAN_POINT('',(24.7,68.7,9.));
#13223 = SURFACE_CURVE('',#13224,(#13228,#13235),.PCURVE_S1.);
#13224 = LINE('',#13225,#13226);
#13225 = CARTESIAN_POINT('',(24.7,68.7,8.5));
#13226 = VECTOR('',#13227,1.);
#13227 = DIRECTION('',(0.,0.,1.));
#13228 = PCURVE('',#11646,#13229);
#13229 = DEFINITIONAL_REPRESENTATION('',(#13230),#13234);
#13230 = LINE('',#13231,#13232);
#13231 = CARTESIAN_POINT('',(0.,0.));
#13232 = VECTOR('',#13233,1.);
#13233 = DIRECTION('',(1.,0.));
#13234 = ( GEOMETRIC_REPRESENTATION_CONTEXT(2) 
PARAMETRIC_REPRESENTATION_CONTEXT() REPRESENTATION_CONTEXT('2D SPACE',''
  ) );
#13235 = PCURVE('',#12976,#13236);
#13236 = DEFINITIONAL_REPRESENTATION('',(#13237),#13241);
#13237 = LINE('',#13238,#13239);
#13238 = CARTESIAN_POINT('',(0.,15.));
#13239 = VECTOR('',#13240,1.);
#13240 = DIRECTION('',(1.,0.));
#13241 = ( GEOMETRIC_REPRESENTATION_CONTEXT(2) 
PARAMETRIC_REPRESENTATION_CONTEXT() REPRESENTATION_CONTEXT('2D SPACE',''
  ) );
#13242 = ORIENTED_EDGE('',*,*,#13243,.T.);
#13243 = EDGE_CURVE('',#13221,#13244,#13246,.T.);
#13244 = VERTEX_POINT('',#13245);
#13245 = CARTESIAN_POINT('',(24.7,70.2,9.));
#13246 = SURFACE_CURVE('',#13247,(#13251,#13258),.PCURVE_S1.);
#13247 = LINE('',#13248,#13249);
#13248 = CARTESIAN_POINT('',(24.7,68.7,9.));
#13249 = VECTOR('',#13250,1.);
#13250 = DIRECTION('',(0.,1.,0.));
#13251 = PCURVE('',#11646,#13252);
#13252 = DEFINITIONAL_REPRESENTATION('',(#13253),#13257);
#13253 = LINE('',#13254,#13255);
#13254 = CARTESIAN_POINT('',(0.5,0.));
#13255 = VECTOR('',#13256,1.);
#13256 = DIRECTION('',(0.,-1.));
#13257 = ( GEOMETRIC_REPRESENTATION_CONTEXT(2) 
PARAMETRIC_REPRESENTATION_CONTEXT() REPRESENTATION_CONTEXT('2D SPACE',''
  ) );
#13258 = PCURVE('',#13259,#13264);
#13259 = PLANE('',#13260);
#13260 = AXIS2_PLACEMENT_3D('',#13261,#13262,#13263);
#13261 = CARTESIAN_POINT('',(24.45,68.7,8.75));
#13262 = DIRECTION('',(-0.707106781187,0.,0.707106781187));
#13263 = DIRECTION('',(0.,1.,0.));
#13264 = DEFINITIONAL_REPRESENTATION('',(#13265),#13269);
#13265 = LINE('',#13266,#13267);
#13266 = CARTESIAN_POINT('',(0.,-0.353553390593));
#13267 = VECTOR('',#13268,1.);
#13268 = DIRECTION('',(1.,0.));
#13269 = ( GEOMETRIC_REPRESENTATION_CONTEXT(2) 
PARAMETRIC_REPRESENTATION_CONTEXT() REPRESENTATION_CONTEXT('2D SPACE',''
  ) );
#13270 = ORIENTED_EDGE('',*,*,#13271,.T.);
#13271 = EDGE_CURVE('',#13244,#11604,#13272,.T.);
#13272 = SURFACE_CURVE('',#13273,(#13277,#13284),.PCURVE_S1.);
#13273 = LINE('',#13274,#13275);
#13274 = CARTESIAN_POINT('',(24.7,70.2,8.5));
#13275 = VECTOR('',#13276,1.);
#13276 = DIRECTION('',(0.,0.,1.));
#13277 = PCURVE('',#11646,#13278);
#13278 = DEFINITIONAL_REPRESENTATION('',(#13279),#13283);
#13279 = LINE('',#13280,#13281);
#13280 = CARTESIAN_POINT('',(0.,-1.5));
#13281 = VECTOR('',#13282,1.);
#13282 = DIRECTION('',(1.,0.));
#13283 = ( GEOMETRIC_REPRESENTATION_CONTEXT(2) 
PARAMETRIC_REPRESENTATION_CONTEXT() REPRESENTATION_CONTEXT('2D SPACE',''
  ) );
#13284 = PCURVE('',#11618,#13285);
#13285 = DEFINITIONAL_REPRESENTATION('',(#13286),#13290);
#13286 = LINE('',#13287,#13288);
#13287 = CARTESIAN_POINT('',(0.,15.));
#13288 = VECTOR('',#13289,1.);
#13289 = DIRECTION('',(1.,0.));
#13290 = ( GEOMETRIC_REPRESENTATION_CONTEXT(2) 
PARAMETRIC_REPRESENTATION_CONTEXT() REPRESENTATION_CONTEXT('2D SPACE',''
  ) );
#13291 = ORIENTED_EDGE('',*,*,#11629,.T.);
#13292 = ORIENTED_EDGE('',*,*,#12940,.F.);
#13293 = ADVANCED_FACE('',(#13294),#11618,.T.);
#13294 = FACE_BOUND('',#13295,.T.);
#13295 = EDGE_LOOP('',(#13296,#13297,#13325,#13346));
#13296 = ORIENTED_EDGE('',*,*,#13271,.F.);
#13297 = ORIENTED_EDGE('',*,*,#13298,.F.);
#13298 = EDGE_CURVE('',#13299,#13244,#13301,.T.);
#13299 = VERTEX_POINT('',#13300);
#13300 = CARTESIAN_POINT('',(9.7,70.2,9.));
#13301 = SURFACE_CURVE('',#13302,(#13306,#13313),.PCURVE_S1.);
#13302 = LINE('',#13303,#13304);
#13303 = CARTESIAN_POINT('',(9.7,70.2,9.));
#13304 = VECTOR('',#13305,1.);
#13305 = DIRECTION('',(1.,0.,0.));
#13306 = PCURVE('',#11618,#13307);
#13307 = DEFINITIONAL_REPRESENTATION('',(#13308),#13312);
#13308 = LINE('',#13309,#13310);
#13309 = CARTESIAN_POINT('',(0.5,0.));
#13310 = VECTOR('',#13311,1.);
#13311 = DIRECTION('',(0.,1.));
#13312 = ( GEOMETRIC_REPRESENTATION_CONTEXT(2) 
PARAMETRIC_REPRESENTATION_CONTEXT() REPRESENTATION_CONTEXT('2D SPACE',''
  ) );
#13313 = PCURVE('',#13314,#13319);
#13314 = PLANE('',#13315);
#13315 = AXIS2_PLACEMENT_3D('',#13316,#13317,#13318);
#13316 = CARTESIAN_POINT('',(9.7,69.95,8.75));
#13317 = DIRECTION('',(0.,-0.707106781187,0.707106781187));
#13318 = DIRECTION('',(-1.,-0.,-0.));
#13319 = DEFINITIONAL_REPRESENTATION('',(#13320),#13324);
#13320 = LINE('',#13321,#13322);
#13321 = CARTESIAN_POINT('',(-0.,-0.353553390593));
#13322 = VECTOR('',#13323,1.);
#13323 = DIRECTION('',(-1.,0.));
#13324 = ( GEOMETRIC_REPRESENTATION_CONTEXT(2) 
PARAMETRIC_REPRESENTATION_CONTEXT() REPRESENTATION_CONTEXT('2D SPACE',''
  ) );
#13325 = ORIENTED_EDGE('',*,*,#13326,.T.);
#13326 = EDGE_CURVE('',#13299,#11575,#13327,.T.);
#13327 = SURFACE_CURVE('',#13328,(#13332,#13339),.PCURVE_S1.);
#13328 = LINE('',#13329,#13330);
#13329 = CARTESIAN_POINT('',(9.7,70.2,8.5));
#13330 = VECTOR('',#13331,1.);
#13331 = DIRECTION('',(0.,0.,1.));
#13332 = PCURVE('',#11618,#13333);
#13333 = DEFINITIONAL_REPRESENTATION('',(#13334),#13338);
#13334 = LINE('',#13335,#13336);
#13335 = CARTESIAN_POINT('',(0.,0.));
#13336 = VECTOR('',#13337,1.);
#13337 = DIRECTION('',(1.,0.));
#13338 = ( GEOMETRIC_REPRESENTATION_CONTEXT(2) 
PARAMETRIC_REPRESENTATION_CONTEXT() REPRESENTATION_CONTEXT('2D SPACE',''
  ) );
#13339 = PCURVE('',#11591,#13340);
#13340 = DEFINITIONAL_REPRESENTATION('',(#13341),#13345);
#13341 = LINE('',#13342,#13343);
#13342 = CARTESIAN_POINT('',(0.,-1.5));
#13343 = VECTOR('',#13344,1.);
#13344 = DIRECTION('',(1.,0.));
#13345 = ( GEOMETRIC_REPRESENTATION_CONTEXT(2) 
PARAMETRIC_REPRESENTATION_CONTEXT() REPRESENTATION_CONTEXT('2D SPACE',''
  ) );
#13346 = ORIENTED_EDGE('',*,*,#11603,.T.);
#13347 = ADVANCED_FACE('',(#13348),#11591,.F.);
#13348 = FACE_BOUND('',#13349,.F.);
#13349 = EDGE_LOOP('',(#13350,#13373,#13399,#13400,#13401));
#13350 = ORIENTED_EDGE('',*,*,#13351,.F.);
#13351 = EDGE_CURVE('',#13352,#12962,#13354,.T.);
#13352 = VERTEX_POINT('',#13353);
#13353 = CARTESIAN_POINT('',(9.7,68.7,9.));
#13354 = SURFACE_CURVE('',#13355,(#13359,#13366),.PCURVE_S1.);
#13355 = LINE('',#13356,#13357);
#13356 = CARTESIAN_POINT('',(9.7,68.7,8.5));
#13357 = VECTOR('',#13358,1.);
#13358 = DIRECTION('',(0.,0.,1.));
#13359 = PCURVE('',#11591,#13360);
#13360 = DEFINITIONAL_REPRESENTATION('',(#13361),#13365);
#13361 = LINE('',#13362,#13363);
#13362 = CARTESIAN_POINT('',(0.,0.));
#13363 = VECTOR('',#13364,1.);
#13364 = DIRECTION('',(1.,0.));
#13365 = ( GEOMETRIC_REPRESENTATION_CONTEXT(2) 
PARAMETRIC_REPRESENTATION_CONTEXT() REPRESENTATION_CONTEXT('2D SPACE',''
  ) );
#13366 = PCURVE('',#12976,#13367);
#13367 = DEFINITIONAL_REPRESENTATION('',(#13368),#13372);
#13368 = LINE('',#13369,#13370);
#13369 = CARTESIAN_POINT('',(0.,0.));
#13370 = VECTOR('',#13371,1.);
#13371 = DIRECTION('',(1.,0.));
#13372 = ( GEOMETRIC_REPRESENTATION_CONTEXT(2) 
PARAMETRIC_REPRESENTATION_CONTEXT() REPRESENTATION_CONTEXT('2D SPACE',''
  ) );
#13373 = ORIENTED_EDGE('',*,*,#13374,.T.);
#13374 = EDGE_CURVE('',#13352,#13299,#13375,.T.);
#13375 = SURFACE_CURVE('',#13376,(#13380,#13387),.PCURVE_S1.);
#13376 = LINE('',#13377,#13378);
#13377 = CARTESIAN_POINT('',(9.7,68.7,9.));
#13378 = VECTOR('',#13379,1.);
#13379 = DIRECTION('',(0.,1.,0.));
#13380 = PCURVE('',#11591,#13381);
#13381 = DEFINITIONAL_REPRESENTATION('',(#13382),#13386);
#13382 = LINE('',#13383,#13384);
#13383 = CARTESIAN_POINT('',(0.5,0.));
#13384 = VECTOR('',#13385,1.);
#13385 = DIRECTION('',(0.,-1.));
#13386 = ( GEOMETRIC_REPRESENTATION_CONTEXT(2) 
PARAMETRIC_REPRESENTATION_CONTEXT() REPRESENTATION_CONTEXT('2D SPACE',''
  ) );
#13387 = PCURVE('',#13388,#13393);
#13388 = PLANE('',#13389);
#13389 = AXIS2_PLACEMENT_3D('',#13390,#13391,#13392);
#13390 = CARTESIAN_POINT('',(9.95,68.7,8.75));
#13391 = DIRECTION('',(-0.707106781187,0.,-0.707106781187));
#13392 = DIRECTION('',(0.,1.,0.));
#13393 = DEFINITIONAL_REPRESENTATION('',(#13394),#13398);
#13394 = LINE('',#13395,#13396);
#13395 = CARTESIAN_POINT('',(0.,-0.353553390593));
#13396 = VECTOR('',#13397,1.);
#13397 = DIRECTION('',(1.,0.));
#13398 = ( GEOMETRIC_REPRESENTATION_CONTEXT(2) 
PARAMETRIC_REPRESENTATION_CONTEXT() REPRESENTATION_CONTEXT('2D SPACE',''
  ) );
#13399 = ORIENTED_EDGE('',*,*,#13326,.T.);
#13400 = ORIENTED_EDGE('',*,*,#11574,.T.);
#13401 = ORIENTED_EDGE('',*,*,#12987,.F.);
#13402 = ADVANCED_FACE('',(#13403),#11539,.T.);
#13403 = FACE_BOUND('',#13404,.T.);
#13404 = EDGE_LOOP('',(#13405,#13428,#13456,#13477,#13478));
#13405 = ORIENTED_EDGE('',*,*,#13406,.F.);
#13406 = EDGE_CURVE('',#13407,#13008,#13409,.T.);
#13407 = VERTEX_POINT('',#13408);
#13408 = CARTESIAN_POINT('',(-9.7,68.7,9.));
#13409 = SURFACE_CURVE('',#13410,(#13414,#13421),.PCURVE_S1.);
#13410 = LINE('',#13411,#13412);
#13411 = CARTESIAN_POINT('',(-9.7,68.7,8.5));
#13412 = VECTOR('',#13413,1.);
#13413 = DIRECTION('',(0.,0.,1.));
#13414 = PCURVE('',#11539,#13415);
#13415 = DEFINITIONAL_REPRESENTATION('',(#13416),#13420);
#13416 = LINE('',#13417,#13418);
#13417 = CARTESIAN_POINT('',(0.,0.));
#13418 = VECTOR('',#13419,1.);
#13419 = DIRECTION('',(1.,0.));
#13420 = ( GEOMETRIC_REPRESENTATION_CONTEXT(2) 
PARAMETRIC_REPRESENTATION_CONTEXT() REPRESENTATION_CONTEXT('2D SPACE',''
  ) );
#13421 = PCURVE('',#13043,#13422);
#13422 = DEFINITIONAL_REPRESENTATION('',(#13423),#13427);
#13423 = LINE('',#13424,#13425);
#13424 = CARTESIAN_POINT('',(0.,15.));
#13425 = VECTOR('',#13426,1.);
#13426 = DIRECTION('',(1.,0.));
#13427 = ( GEOMETRIC_REPRESENTATION_CONTEXT(2) 
PARAMETRIC_REPRESENTATION_CONTEXT() REPRESENTATION_CONTEXT('2D SPACE',''
  ) );
#13428 = ORIENTED_EDGE('',*,*,#13429,.T.);
#13429 = EDGE_CURVE('',#13407,#13430,#13432,.T.);
#13430 = VERTEX_POINT('',#13431);
#13431 = CARTESIAN_POINT('',(-9.7,70.2,9.));
#13432 = SURFACE_CURVE('',#13433,(#13437,#13444),.PCURVE_S1.);
#13433 = LINE('',#13434,#13435);
#13434 = CARTESIAN_POINT('',(-9.7,68.7,9.));
#13435 = VECTOR('',#13436,1.);
#13436 = DIRECTION('',(0.,1.,0.));
#13437 = PCURVE('',#11539,#13438);
#13438 = DEFINITIONAL_REPRESENTATION('',(#13439),#13443);
#13439 = LINE('',#13440,#13441);
#13440 = CARTESIAN_POINT('',(0.5,0.));
#13441 = VECTOR('',#13442,1.);
#13442 = DIRECTION('',(0.,-1.));
#13443 = ( GEOMETRIC_REPRESENTATION_CONTEXT(2) 
PARAMETRIC_REPRESENTATION_CONTEXT() REPRESENTATION_CONTEXT('2D SPACE',''
  ) );
#13444 = PCURVE('',#13445,#13450);
#13445 = PLANE('',#13446);
#13446 = AXIS2_PLACEMENT_3D('',#13447,#13448,#13449);
#13447 = CARTESIAN_POINT('',(-9.95,68.7,8.75));
#13448 = DIRECTION('',(-0.707106781187,0.,0.707106781187));
#13449 = DIRECTION('',(0.,1.,0.));
#13450 = DEFINITIONAL_REPRESENTATION('',(#13451),#13455);
#13451 = LINE('',#13452,#13453);
#13452 = CARTESIAN_POINT('',(0.,-0.353553390593));
#13453 = VECTOR('',#13454,1.);
#13454 = DIRECTION('',(1.,0.));
#13455 = ( GEOMETRIC_REPRESENTATION_CONTEXT(2) 
PARAMETRIC_REPRESENTATION_CONTEXT() REPRESENTATION_CONTEXT('2D SPACE',''
  ) );
#13456 = ORIENTED_EDGE('',*,*,#13457,.T.);
#13457 = EDGE_CURVE('',#13430,#11497,#13458,.T.);
#13458 = SURFACE_CURVE('',#13459,(#13463,#13470),.PCURVE_S1.);
#13459 = LINE('',#13460,#13461);
#13460 = CARTESIAN_POINT('',(-9.7,70.2,8.5));
#13461 = VECTOR('',#13462,1.);
#13462 = DIRECTION('',(0.,0.,1.));
#13463 = PCURVE('',#11539,#13464);
#13464 = DEFINITIONAL_REPRESENTATION('',(#13465),#13469);
#13465 = LINE('',#13466,#13467);
#13466 = CARTESIAN_POINT('',(0.,-1.5));
#13467 = VECTOR('',#13468,1.);
#13468 = DIRECTION('',(1.,0.));
#13469 = ( GEOMETRIC_REPRESENTATION_CONTEXT(2) 
PARAMETRIC_REPRESENTATION_CONTEXT() REPRESENTATION_CONTEXT('2D SPACE',''
  ) );
#13470 = PCURVE('',#11511,#13471);
#13471 = DEFINITIONAL_REPRESENTATION('',(#13472),#13476);
#13472 = LINE('',#13473,#13474);
#13473 = CARTESIAN_POINT('',(0.,15.));
#13474 = VECTOR('',#13475,1.);
#13475 = DIRECTION('',(1.,0.));
#13476 = ( GEOMETRIC_REPRESENTATION_CONTEXT(2) 
PARAMETRIC_REPRESENTATION_CONTEXT() REPRESENTATION_CONTEXT('2D SPACE',''
  ) );
#13477 = ORIENTED_EDGE('',*,*,#11522,.T.);
#13478 = ORIENTED_EDGE('',*,*,#13007,.F.);
#13479 = ADVANCED_FACE('',(#13480),#11511,.T.);
#13480 = FACE_BOUND('',#13481,.T.);
#13481 = EDGE_LOOP('',(#13482,#13483,#13511,#13532));
#13482 = ORIENTED_EDGE('',*,*,#13457,.F.);
#13483 = ORIENTED_EDGE('',*,*,#13484,.F.);
#13484 = EDGE_CURVE('',#13485,#13430,#13487,.T.);
#13485 = VERTEX_POINT('',#13486);
#13486 = CARTESIAN_POINT('',(-24.7,70.2,9.));
#13487 = SURFACE_CURVE('',#13488,(#13492,#13499),.PCURVE_S1.);
#13488 = LINE('',#13489,#13490);
#13489 = CARTESIAN_POINT('',(-24.7,70.2,9.));
#13490 = VECTOR('',#13491,1.);
#13491 = DIRECTION('',(1.,0.,0.));
#13492 = PCURVE('',#11511,#13493);
#13493 = DEFINITIONAL_REPRESENTATION('',(#13494),#13498);
#13494 = LINE('',#13495,#13496);
#13495 = CARTESIAN_POINT('',(0.5,0.));
#13496 = VECTOR('',#13497,1.);
#13497 = DIRECTION('',(0.,1.));
#13498 = ( GEOMETRIC_REPRESENTATION_CONTEXT(2) 
PARAMETRIC_REPRESENTATION_CONTEXT() REPRESENTATION_CONTEXT('2D SPACE',''
  ) );
#13499 = PCURVE('',#13500,#13505);
#13500 = PLANE('',#13501);
#13501 = AXIS2_PLACEMENT_3D('',#13502,#13503,#13504);
#13502 = CARTESIAN_POINT('',(-24.7,69.95,8.75));
#13503 = DIRECTION('',(0.,-0.707106781187,0.707106781187));
#13504 = DIRECTION('',(-1.,-0.,-0.));
#13505 = DEFINITIONAL_REPRESENTATION('',(#13506),#13510);
#13506 = LINE('',#13507,#13508);
#13507 = CARTESIAN_POINT('',(-0.,-0.353553390593));
#13508 = VECTOR('',#13509,1.);
#13509 = DIRECTION('',(-1.,0.));
#13510 = ( GEOMETRIC_REPRESENTATION_CONTEXT(2) 
PARAMETRIC_REPRESENTATION_CONTEXT() REPRESENTATION_CONTEXT('2D SPACE',''
  ) );
#13511 = ORIENTED_EDGE('',*,*,#13512,.T.);
#13512 = EDGE_CURVE('',#13485,#11468,#13513,.T.);
#13513 = SURFACE_CURVE('',#13514,(#13518,#13525),.PCURVE_S1.);
#13514 = LINE('',#13515,#13516);
#13515 = CARTESIAN_POINT('',(-24.7,70.2,8.5));
#13516 = VECTOR('',#13517,1.);
#13517 = DIRECTION('',(0.,0.,1.));
#13518 = PCURVE('',#11511,#13519);
#13519 = DEFINITIONAL_REPRESENTATION('',(#13520),#13524);
#13520 = LINE('',#13521,#13522);
#13521 = CARTESIAN_POINT('',(0.,0.));
#13522 = VECTOR('',#13523,1.);
#13523 = DIRECTION('',(1.,0.));
#13524 = ( GEOMETRIC_REPRESENTATION_CONTEXT(2) 
PARAMETRIC_REPRESENTATION_CONTEXT() REPRESENTATION_CONTEXT('2D SPACE',''
  ) );
#13525 = PCURVE('',#11484,#13526);
#13526 = DEFINITIONAL_REPRESENTATION('',(#13527),#13531);
#13527 = LINE('',#13528,#13529);
#13528 = CARTESIAN_POINT('',(0.,-1.5));
#13529 = VECTOR('',#13530,1.);
#13530 = DIRECTION('',(1.,0.));
#13531 = ( GEOMETRIC_REPRESENTATION_CONTEXT(2) 
PARAMETRIC_REPRESENTATION_CONTEXT() REPRESENTATION_CONTEXT('2D SPACE',''
  ) );
#13532 = ORIENTED_EDGE('',*,*,#11496,.T.);
#13533 = ADVANCED_FACE('',(#13534),#11484,.F.);
#13534 = FACE_BOUND('',#13535,.F.);
#13535 = EDGE_LOOP('',(#13536,#13559,#13585,#13586,#13587));
#13536 = ORIENTED_EDGE('',*,*,#13537,.F.);
#13537 = EDGE_CURVE('',#13538,#13029,#13540,.T.);
#13538 = VERTEX_POINT('',#13539);
#13539 = CARTESIAN_POINT('',(-24.7,68.7,9.));
#13540 = SURFACE_CURVE('',#13541,(#13545,#13552),.PCURVE_S1.);
#13541 = LINE('',#13542,#13543);
#13542 = CARTESIAN_POINT('',(-24.7,68.7,8.5));
#13543 = VECTOR('',#13544,1.);
#13544 = DIRECTION('',(0.,0.,1.));
#13545 = PCURVE('',#11484,#13546);
#13546 = DEFINITIONAL_REPRESENTATION('',(#13547),#13551);
#13547 = LINE('',#13548,#13549);
#13548 = CARTESIAN_POINT('',(0.,0.));
#13549 = VECTOR('',#13550,1.);
#13550 = DIRECTION('',(1.,0.));
#13551 = ( GEOMETRIC_REPRESENTATION_CONTEXT(2) 
PARAMETRIC_REPRESENTATION_CONTEXT() REPRESENTATION_CONTEXT('2D SPACE',''
  ) );
#13552 = PCURVE('',#13043,#13553);
#13553 = DEFINITIONAL_REPRESENTATION('',(#13554),#13558);
#13554 = LINE('',#13555,#13556);
#13555 = CARTESIAN_POINT('',(0.,0.));
#13556 = VECTOR('',#13557,1.);
#13557 = DIRECTION('',(1.,0.));
#13558 = ( GEOMETRIC_REPRESENTATION_CONTEXT(2) 
PARAMETRIC_REPRESENTATION_CONTEXT() REPRESENTATION_CONTEXT('2D SPACE',''
  ) );
#13559 = ORIENTED_EDGE('',*,*,#13560,.T.);
#13560 = EDGE_CURVE('',#13538,#13485,#13561,.T.);
#13561 = SURFACE_CURVE('',#13562,(#13566,#13573),.PCURVE_S1.);
#13562 = LINE('',#13563,#13564);
#13563 = CARTESIAN_POINT('',(-24.7,68.7,9.));
#13564 = VECTOR('',#13565,1.);
#13565 = DIRECTION('',(0.,1.,0.));
#13566 = PCURVE('',#11484,#13567);
#13567 = DEFINITIONAL_REPRESENTATION('',(#13568),#13572);
#13568 = LINE('',#13569,#13570);
#13569 = CARTESIAN_POINT('',(0.5,0.));
#13570 = VECTOR('',#13571,1.);
#13571 = DIRECTION('',(0.,-1.));
#13572 = ( GEOMETRIC_REPRESENTATION_CONTEXT(2) 
PARAMETRIC_REPRESENTATION_CONTEXT() REPRESENTATION_CONTEXT('2D SPACE',''
  ) );
#13573 = PCURVE('',#13574,#13579);
#13574 = PLANE('',#13575);
#13575 = AXIS2_PLACEMENT_3D('',#13576,#13577,#13578);
#13576 = CARTESIAN_POINT('',(-24.45,68.7,8.75));
#13577 = DIRECTION('',(-0.707106781187,0.,-0.707106781187));
#13578 = DIRECTION('',(0.,1.,0.));
#13579 = DEFINITIONAL_REPRESENTATION('',(#13580),#13584);
#13580 = LINE('',#13581,#13582);
#13581 = CARTESIAN_POINT('',(0.,-0.353553390593));
#13582 = VECTOR('',#13583,1.);
#13583 = DIRECTION('',(1.,0.));
#13584 = ( GEOMETRIC_REPRESENTATION_CONTEXT(2) 
PARAMETRIC_REPRESENTATION_CONTEXT() REPRESENTATION_CONTEXT('2D SPACE',''
  ) );
#13585 = ORIENTED_EDGE('',*,*,#13512,.T.);
#13586 = ORIENTED_EDGE('',*,*,#11467,.T.);
#13587 = ORIENTED_EDGE('',*,*,#13054,.F.);
#13588 = ADVANCED_FACE('',(#13589),#11959,.T.);
#13589 = FACE_BOUND('',#13590,.T.);
#13590 = EDGE_LOOP('',(#13591,#13614,#13642,#13663,#13664));
#13591 = ORIENTED_EDGE('',*,*,#13592,.F.);
#13592 = EDGE_CURVE('',#13593,#11917,#13595,.T.);
#13593 = VERTEX_POINT('',#13594);
#13594 = CARTESIAN_POINT('',(37.7,57.2,9.));
#13595 = SURFACE_CURVE('',#13596,(#13600,#13607),.PCURVE_S1.);
#13596 = LINE('',#13597,#13598);
#13597 = CARTESIAN_POINT('',(37.7,57.2,8.5));
#13598 = VECTOR('',#13599,1.);
#13599 = DIRECTION('',(0.,0.,1.));
#13600 = PCURVE('',#11959,#13601);
#13601 = DEFINITIONAL_REPRESENTATION('',(#13602),#13606);
#13602 = LINE('',#13603,#13604);
#13603 = CARTESIAN_POINT('',(0.,1.5));
#13604 = VECTOR('',#13605,1.);
#13605 = DIRECTION('',(1.,0.));
#13606 = ( GEOMETRIC_REPRESENTATION_CONTEXT(2) 
PARAMETRIC_REPRESENTATION_CONTEXT() REPRESENTATION_CONTEXT('2D SPACE',''
  ) );
#13607 = PCURVE('',#11931,#13608);
#13608 = DEFINITIONAL_REPRESENTATION('',(#13609),#13613);
#13609 = LINE('',#13610,#13611);
#13610 = CARTESIAN_POINT('',(0.,-15.));
#13611 = VECTOR('',#13612,1.);
#13612 = DIRECTION('',(1.,0.));
#13613 = ( GEOMETRIC_REPRESENTATION_CONTEXT(2) 
PARAMETRIC_REPRESENTATION_CONTEXT() REPRESENTATION_CONTEXT('2D SPACE',''
  ) );
#13614 = ORIENTED_EDGE('',*,*,#13615,.F.);
#13615 = EDGE_CURVE('',#13616,#13593,#13618,.T.);
#13616 = VERTEX_POINT('',#13617);
#13617 = CARTESIAN_POINT('',(36.2,57.2,9.));
#13618 = SURFACE_CURVE('',#13619,(#13623,#13630),.PCURVE_S1.);
#13619 = LINE('',#13620,#13621);
#13620 = CARTESIAN_POINT('',(36.2,57.2,9.));
#13621 = VECTOR('',#13622,1.);
#13622 = DIRECTION('',(1.,0.,0.));
#13623 = PCURVE('',#11959,#13624);
#13624 = DEFINITIONAL_REPRESENTATION('',(#13625),#13629);
#13625 = LINE('',#13626,#13627);
#13626 = CARTESIAN_POINT('',(0.5,0.));
#13627 = VECTOR('',#13628,1.);
#13628 = DIRECTION('',(0.,1.));
#13629 = ( GEOMETRIC_REPRESENTATION_CONTEXT(2) 
PARAMETRIC_REPRESENTATION_CONTEXT() REPRESENTATION_CONTEXT('2D SPACE',''
  ) );
#13630 = PCURVE('',#13631,#13636);
#13631 = PLANE('',#13632);
#13632 = AXIS2_PLACEMENT_3D('',#13633,#13634,#13635);
#13633 = CARTESIAN_POINT('',(36.2,56.95,8.75));
#13634 = DIRECTION('',(0.,-0.707106781187,0.707106781187));
#13635 = DIRECTION('',(-1.,-0.,-0.));
#13636 = DEFINITIONAL_REPRESENTATION('',(#13637),#13641);
#13637 = LINE('',#13638,#13639);
#13638 = CARTESIAN_POINT('',(-0.,-0.353553390593));
#13639 = VECTOR('',#13640,1.);
#13640 = DIRECTION('',(-1.,0.));
#13641 = ( GEOMETRIC_REPRESENTATION_CONTEXT(2) 
PARAMETRIC_REPRESENTATION_CONTEXT() REPRESENTATION_CONTEXT('2D SPACE',''
  ) );
#13642 = ORIENTED_EDGE('',*,*,#13643,.T.);
#13643 = EDGE_CURVE('',#13616,#12894,#13644,.T.);
#13644 = SURFACE_CURVE('',#13645,(#13649,#13656),.PCURVE_S1.);
#13645 = LINE('',#13646,#13647);
#13646 = CARTESIAN_POINT('',(36.2,57.2,8.5));
#13647 = VECTOR('',#13648,1.);
#13648 = DIRECTION('',(0.,0.,1.));
#13649 = PCURVE('',#11959,#13650);
#13650 = DEFINITIONAL_REPRESENTATION('',(#13651),#13655);
#13651 = LINE('',#13652,#13653);
#13652 = CARTESIAN_POINT('',(0.,0.));
#13653 = VECTOR('',#13654,1.);
#13654 = DIRECTION('',(1.,0.));
#13655 = ( GEOMETRIC_REPRESENTATION_CONTEXT(2) 
PARAMETRIC_REPRESENTATION_CONTEXT() REPRESENTATION_CONTEXT('2D SPACE',''
  ) );
#13656 = PCURVE('',#12908,#13657);
#13657 = DEFINITIONAL_REPRESENTATION('',(#13658),#13662);
#13658 = LINE('',#13659,#13660);
#13659 = CARTESIAN_POINT('',(0.,-15.));
#13660 = VECTOR('',#13661,1.);
#13661 = DIRECTION('',(1.,0.));
#13662 = ( GEOMETRIC_REPRESENTATION_CONTEXT(2) 
PARAMETRIC_REPRESENTATION_CONTEXT() REPRESENTATION_CONTEXT('2D SPACE',''
  ) );
#13663 = ORIENTED_EDGE('',*,*,#12919,.F.);
#13664 = ORIENTED_EDGE('',*,*,#11942,.T.);
#13665 = ADVANCED_FACE('',(#13666),#11931,.T.);
#13666 = FACE_BOUND('',#13667,.T.);
#13667 = EDGE_LOOP('',(#13668,#13691,#13717,#13718));
#13668 = ORIENTED_EDGE('',*,*,#13669,.F.);
#13669 = EDGE_CURVE('',#13670,#11888,#13672,.T.);
#13670 = VERTEX_POINT('',#13671);
#13671 = CARTESIAN_POINT('',(37.7,42.2,9.));
#13672 = SURFACE_CURVE('',#13673,(#13677,#13684),.PCURVE_S1.);
#13673 = LINE('',#13674,#13675);
#13674 = CARTESIAN_POINT('',(37.7,42.2,8.5));
#13675 = VECTOR('',#13676,1.);
#13676 = DIRECTION('',(0.,0.,1.));
#13677 = PCURVE('',#11931,#13678);
#13678 = DEFINITIONAL_REPRESENTATION('',(#13679),#13683);
#13679 = LINE('',#13680,#13681);
#13680 = CARTESIAN_POINT('',(0.,0.));
#13681 = VECTOR('',#13682,1.);
#13682 = DIRECTION('',(1.,0.));
#13683 = ( GEOMETRIC_REPRESENTATION_CONTEXT(2) 
PARAMETRIC_REPRESENTATION_CONTEXT() REPRESENTATION_CONTEXT('2D SPACE',''
  ) );
#13684 = PCURVE('',#11904,#13685);
#13685 = DEFINITIONAL_REPRESENTATION('',(#13686),#13690);
#13686 = LINE('',#13687,#13688);
#13687 = CARTESIAN_POINT('',(0.,1.5));
#13688 = VECTOR('',#13689,1.);
#13689 = DIRECTION('',(1.,0.));
#13690 = ( GEOMETRIC_REPRESENTATION_CONTEXT(2) 
PARAMETRIC_REPRESENTATION_CONTEXT() REPRESENTATION_CONTEXT('2D SPACE',''
  ) );
#13691 = ORIENTED_EDGE('',*,*,#13692,.T.);
#13692 = EDGE_CURVE('',#13670,#13593,#13693,.T.);
#13693 = SURFACE_CURVE('',#13694,(#13698,#13705),.PCURVE_S1.);
#13694 = LINE('',#13695,#13696);
#13695 = CARTESIAN_POINT('',(37.7,42.2,9.));
#13696 = VECTOR('',#13697,1.);
#13697 = DIRECTION('',(0.,1.,0.));
#13698 = PCURVE('',#11931,#13699);
#13699 = DEFINITIONAL_REPRESENTATION('',(#13700),#13704);
#13700 = LINE('',#13701,#13702);
#13701 = CARTESIAN_POINT('',(0.5,0.));
#13702 = VECTOR('',#13703,1.);
#13703 = DIRECTION('',(0.,-1.));
#13704 = ( GEOMETRIC_REPRESENTATION_CONTEXT(2) 
PARAMETRIC_REPRESENTATION_CONTEXT() REPRESENTATION_CONTEXT('2D SPACE',''
  ) );
#13705 = PCURVE('',#13706,#13711);
#13706 = PLANE('',#13707);
#13707 = AXIS2_PLACEMENT_3D('',#13708,#13709,#13710);
#13708 = CARTESIAN_POINT('',(37.45,42.2,8.75));
#13709 = DIRECTION('',(-0.707106781187,0.,0.707106781187));
#13710 = DIRECTION('',(0.,1.,0.));
#13711 = DEFINITIONAL_REPRESENTATION('',(#13712),#13716);
#13712 = LINE('',#13713,#13714);
#13713 = CARTESIAN_POINT('',(0.,-0.353553390593));
#13714 = VECTOR('',#13715,1.);
#13715 = DIRECTION('',(1.,0.));
#13716 = ( GEOMETRIC_REPRESENTATION_CONTEXT(2) 
PARAMETRIC_REPRESENTATION_CONTEXT() REPRESENTATION_CONTEXT('2D SPACE',''
  ) );
#13717 = ORIENTED_EDGE('',*,*,#13592,.T.);
#13718 = ORIENTED_EDGE('',*,*,#11916,.F.);
#13719 = ADVANCED_FACE('',(#13720),#11904,.F.);
#13720 = FACE_BOUND('',#13721,.F.);
#13721 = EDGE_LOOP('',(#13722,#13723,#13751,#13772,#13773));
#13722 = ORIENTED_EDGE('',*,*,#13669,.F.);
#13723 = ORIENTED_EDGE('',*,*,#13724,.F.);
#13724 = EDGE_CURVE('',#13725,#13670,#13727,.T.);
#13725 = VERTEX_POINT('',#13726);
#13726 = CARTESIAN_POINT('',(36.2,42.2,9.));
#13727 = SURFACE_CURVE('',#13728,(#13732,#13739),.PCURVE_S1.);
#13728 = LINE('',#13729,#13730);
#13729 = CARTESIAN_POINT('',(36.2,42.2,9.));
#13730 = VECTOR('',#13731,1.);
#13731 = DIRECTION('',(1.,0.,0.));
#13732 = PCURVE('',#11904,#13733);
#13733 = DEFINITIONAL_REPRESENTATION('',(#13734),#13738);
#13734 = LINE('',#13735,#13736);
#13735 = CARTESIAN_POINT('',(0.5,0.));
#13736 = VECTOR('',#13737,1.);
#13737 = DIRECTION('',(0.,1.));
#13738 = ( GEOMETRIC_REPRESENTATION_CONTEXT(2) 
PARAMETRIC_REPRESENTATION_CONTEXT() REPRESENTATION_CONTEXT('2D SPACE',''
  ) );
#13739 = PCURVE('',#13740,#13745);
#13740 = PLANE('',#13741);
#13741 = AXIS2_PLACEMENT_3D('',#13742,#13743,#13744);
#13742 = CARTESIAN_POINT('',(36.2,42.45,8.75));
#13743 = DIRECTION('',(0.,-0.707106781187,-0.707106781187));
#13744 = DIRECTION('',(-1.,-0.,-0.));
#13745 = DEFINITIONAL_REPRESENTATION('',(#13746),#13750);
#13746 = LINE('',#13747,#13748);
#13747 = CARTESIAN_POINT('',(-0.,-0.353553390593));
#13748 = VECTOR('',#13749,1.);
#13749 = DIRECTION('',(-1.,0.));
#13750 = ( GEOMETRIC_REPRESENTATION_CONTEXT(2) 
PARAMETRIC_REPRESENTATION_CONTEXT() REPRESENTATION_CONTEXT('2D SPACE',''
  ) );
#13751 = ORIENTED_EDGE('',*,*,#13752,.T.);
#13752 = EDGE_CURVE('',#13725,#12873,#13753,.T.);
#13753 = SURFACE_CURVE('',#13754,(#13758,#13765),.PCURVE_S1.);
#13754 = LINE('',#13755,#13756);
#13755 = CARTESIAN_POINT('',(36.2,42.2,8.5));
#13756 = VECTOR('',#13757,1.);
#13757 = DIRECTION('',(0.,0.,1.));
#13758 = PCURVE('',#11904,#13759);
#13759 = DEFINITIONAL_REPRESENTATION('',(#13760),#13764);
#13760 = LINE('',#13761,#13762);
#13761 = CARTESIAN_POINT('',(0.,0.));
#13762 = VECTOR('',#13763,1.);
#13763 = DIRECTION('',(1.,0.));
#13764 = ( GEOMETRIC_REPRESENTATION_CONTEXT(2) 
PARAMETRIC_REPRESENTATION_CONTEXT() REPRESENTATION_CONTEXT('2D SPACE',''
  ) );
#13765 = PCURVE('',#12908,#13766);
#13766 = DEFINITIONAL_REPRESENTATION('',(#13767),#13771);
#13767 = LINE('',#13768,#13769);
#13768 = CARTESIAN_POINT('',(0.,0.));
#13769 = VECTOR('',#13770,1.);
#13770 = DIRECTION('',(1.,0.));
#13771 = ( GEOMETRIC_REPRESENTATION_CONTEXT(2) 
PARAMETRIC_REPRESENTATION_CONTEXT() REPRESENTATION_CONTEXT('2D SPACE',''
  ) );
#13772 = ORIENTED_EDGE('',*,*,#12872,.F.);
#13773 = ORIENTED_EDGE('',*,*,#11887,.T.);
#13774 = ADVANCED_FACE('',(#13775),#11852,.T.);
#13775 = FACE_BOUND('',#13776,.T.);
#13776 = EDGE_LOOP('',(#13777,#13800,#13828,#13849,#13850));
#13777 = ORIENTED_EDGE('',*,*,#13778,.F.);
#13778 = EDGE_CURVE('',#13779,#11810,#13781,.T.);
#13779 = VERTEX_POINT('',#13780);
#13780 = CARTESIAN_POINT('',(37.7,-42.2,9.));
#13781 = SURFACE_CURVE('',#13782,(#13786,#13793),.PCURVE_S1.);
#13782 = LINE('',#13783,#13784);
#13783 = CARTESIAN_POINT('',(37.7,-42.2,8.5));
#13784 = VECTOR('',#13785,1.);
#13785 = DIRECTION('',(0.,0.,1.));
#13786 = PCURVE('',#11852,#13787);
#13787 = DEFINITIONAL_REPRESENTATION('',(#13788),#13792);
#13788 = LINE('',#13789,#13790);
#13789 = CARTESIAN_POINT('',(0.,1.5));
#13790 = VECTOR('',#13791,1.);
#13791 = DIRECTION('',(1.,0.));
#13792 = ( GEOMETRIC_REPRESENTATION_CONTEXT(2) 
PARAMETRIC_REPRESENTATION_CONTEXT() REPRESENTATION_CONTEXT('2D SPACE',''
  ) );
#13793 = PCURVE('',#11824,#13794);
#13794 = DEFINITIONAL_REPRESENTATION('',(#13795),#13799);
#13795 = LINE('',#13796,#13797);
#13796 = CARTESIAN_POINT('',(0.,-15.));
#13797 = VECTOR('',#13798,1.);
#13798 = DIRECTION('',(1.,0.));
#13799 = ( GEOMETRIC_REPRESENTATION_CONTEXT(2) 
PARAMETRIC_REPRESENTATION_CONTEXT() REPRESENTATION_CONTEXT('2D SPACE',''
  ) );
#13800 = ORIENTED_EDGE('',*,*,#13801,.F.);
#13801 = EDGE_CURVE('',#13802,#13779,#13804,.T.);
#13802 = VERTEX_POINT('',#13803);
#13803 = CARTESIAN_POINT('',(36.2,-42.2,9.));
#13804 = SURFACE_CURVE('',#13805,(#13809,#13816),.PCURVE_S1.);
#13805 = LINE('',#13806,#13807);
#13806 = CARTESIAN_POINT('',(36.2,-42.2,9.));
#13807 = VECTOR('',#13808,1.);
#13808 = DIRECTION('',(1.,0.,0.));
#13809 = PCURVE('',#11852,#13810);
#13810 = DEFINITIONAL_REPRESENTATION('',(#13811),#13815);
#13811 = LINE('',#13812,#13813);
#13812 = CARTESIAN_POINT('',(0.5,0.));
#13813 = VECTOR('',#13814,1.);
#13814 = DIRECTION('',(0.,1.));
#13815 = ( GEOMETRIC_REPRESENTATION_CONTEXT(2) 
PARAMETRIC_REPRESENTATION_CONTEXT() REPRESENTATION_CONTEXT('2D SPACE',''
  ) );
#13816 = PCURVE('',#13817,#13822);
#13817 = PLANE('',#13818);
#13818 = AXIS2_PLACEMENT_3D('',#13819,#13820,#13821);
#13819 = CARTESIAN_POINT('',(36.2,-42.45,8.75));
#13820 = DIRECTION('',(0.,-0.707106781187,0.707106781187));
#13821 = DIRECTION('',(-1.,-0.,-0.));
#13822 = DEFINITIONAL_REPRESENTATION('',(#13823),#13827);
#13823 = LINE('',#13824,#13825);
#13824 = CARTESIAN_POINT('',(-0.,-0.353553390593));
#13825 = VECTOR('',#13826,1.);
#13826 = DIRECTION('',(-1.,0.));
#13827 = ( GEOMETRIC_REPRESENTATION_CONTEXT(2) 
PARAMETRIC_REPRESENTATION_CONTEXT() REPRESENTATION_CONTEXT('2D SPACE',''
  ) );
#13828 = ORIENTED_EDGE('',*,*,#13829,.T.);
#13829 = EDGE_CURVE('',#13802,#12827,#13830,.T.);
#13830 = SURFACE_CURVE('',#13831,(#13835,#13842),.PCURVE_S1.);
#13831 = LINE('',#13832,#13833);
#13832 = CARTESIAN_POINT('',(36.2,-42.2,8.5));
#13833 = VECTOR('',#13834,1.);
#13834 = DIRECTION('',(0.,0.,1.));
#13835 = PCURVE('',#11852,#13836);
#13836 = DEFINITIONAL_REPRESENTATION('',(#13837),#13841);
#13837 = LINE('',#13838,#13839);
#13838 = CARTESIAN_POINT('',(0.,0.));
#13839 = VECTOR('',#13840,1.);
#13840 = DIRECTION('',(1.,0.));
#13841 = ( GEOMETRIC_REPRESENTATION_CONTEXT(2) 
PARAMETRIC_REPRESENTATION_CONTEXT() REPRESENTATION_CONTEXT('2D SPACE',''
  ) );
#13842 = PCURVE('',#12841,#13843);
#13843 = DEFINITIONAL_REPRESENTATION('',(#13844),#13848);
#13844 = LINE('',#13845,#13846);
#13845 = CARTESIAN_POINT('',(0.,-15.));
#13846 = VECTOR('',#13847,1.);
#13847 = DIRECTION('',(1.,0.));
#13848 = ( GEOMETRIC_REPRESENTATION_CONTEXT(2) 
PARAMETRIC_REPRESENTATION_CONTEXT() REPRESENTATION_CONTEXT('2D SPACE',''
  ) );
#13849 = ORIENTED_EDGE('',*,*,#12852,.F.);
#13850 = ORIENTED_EDGE('',*,*,#11835,.T.);
#13851 = ADVANCED_FACE('',(#13852),#11824,.T.);
#13852 = FACE_BOUND('',#13853,.T.);
#13853 = EDGE_LOOP('',(#13854,#13877,#13903,#13904));
#13854 = ORIENTED_EDGE('',*,*,#13855,.F.);
#13855 = EDGE_CURVE('',#13856,#11781,#13858,.T.);
#13856 = VERTEX_POINT('',#13857);
#13857 = CARTESIAN_POINT('',(37.7,-57.2,9.));
#13858 = SURFACE_CURVE('',#13859,(#13863,#13870),.PCURVE_S1.);
#13859 = LINE('',#13860,#13861);
#13860 = CARTESIAN_POINT('',(37.7,-57.2,8.5));
#13861 = VECTOR('',#13862,1.);
#13862 = DIRECTION('',(0.,0.,1.));
#13863 = PCURVE('',#11824,#13864);
#13864 = DEFINITIONAL_REPRESENTATION('',(#13865),#13869);
#13865 = LINE('',#13866,#13867);
#13866 = CARTESIAN_POINT('',(0.,0.));
#13867 = VECTOR('',#13868,1.);
#13868 = DIRECTION('',(1.,0.));
#13869 = ( GEOMETRIC_REPRESENTATION_CONTEXT(2) 
PARAMETRIC_REPRESENTATION_CONTEXT() REPRESENTATION_CONTEXT('2D SPACE',''
  ) );
#13870 = PCURVE('',#11797,#13871);
#13871 = DEFINITIONAL_REPRESENTATION('',(#13872),#13876);
#13872 = LINE('',#13873,#13874);
#13873 = CARTESIAN_POINT('',(0.,1.5));
#13874 = VECTOR('',#13875,1.);
#13875 = DIRECTION('',(1.,0.));
#13876 = ( GEOMETRIC_REPRESENTATION_CONTEXT(2) 
PARAMETRIC_REPRESENTATION_CONTEXT() REPRESENTATION_CONTEXT('2D SPACE',''
  ) );
#13877 = ORIENTED_EDGE('',*,*,#13878,.T.);
#13878 = EDGE_CURVE('',#13856,#13779,#13879,.T.);
#13879 = SURFACE_CURVE('',#13880,(#13884,#13891),.PCURVE_S1.);
#13880 = LINE('',#13881,#13882);
#13881 = CARTESIAN_POINT('',(37.7,-57.2,9.));
#13882 = VECTOR('',#13883,1.);
#13883 = DIRECTION('',(0.,1.,0.));
#13884 = PCURVE('',#11824,#13885);
#13885 = DEFINITIONAL_REPRESENTATION('',(#13886),#13890);
#13886 = LINE('',#13887,#13888);
#13887 = CARTESIAN_POINT('',(0.5,0.));
#13888 = VECTOR('',#13889,1.);
#13889 = DIRECTION('',(0.,-1.));
#13890 = ( GEOMETRIC_REPRESENTATION_CONTEXT(2) 
PARAMETRIC_REPRESENTATION_CONTEXT() REPRESENTATION_CONTEXT('2D SPACE',''
  ) );
#13891 = PCURVE('',#13892,#13897);
#13892 = PLANE('',#13893);
#13893 = AXIS2_PLACEMENT_3D('',#13894,#13895,#13896);
#13894 = CARTESIAN_POINT('',(37.45,-57.2,8.75));
#13895 = DIRECTION('',(-0.707106781187,0.,0.707106781187));
#13896 = DIRECTION('',(0.,1.,0.));
#13897 = DEFINITIONAL_REPRESENTATION('',(#13898),#13902);
#13898 = LINE('',#13899,#13900);
#13899 = CARTESIAN_POINT('',(0.,-0.353553390593));
#13900 = VECTOR('',#13901,1.);
#13901 = DIRECTION('',(1.,0.));
#13902 = ( GEOMETRIC_REPRESENTATION_CONTEXT(2) 
PARAMETRIC_REPRESENTATION_CONTEXT() REPRESENTATION_CONTEXT('2D SPACE',''
  ) );
#13903 = ORIENTED_EDGE('',*,*,#13778,.T.);
#13904 = ORIENTED_EDGE('',*,*,#11809,.F.);
#13905 = ADVANCED_FACE('',(#13906),#11797,.F.);
#13906 = FACE_BOUND('',#13907,.F.);
#13907 = EDGE_LOOP('',(#13908,#13909,#13937,#13958,#13959));
#13908 = ORIENTED_EDGE('',*,*,#13855,.F.);
#13909 = ORIENTED_EDGE('',*,*,#13910,.F.);
#13910 = EDGE_CURVE('',#13911,#13856,#13913,.T.);
#13911 = VERTEX_POINT('',#13912);
#13912 = CARTESIAN_POINT('',(36.2,-57.2,9.));
#13913 = SURFACE_CURVE('',#13914,(#13918,#13925),.PCURVE_S1.);
#13914 = LINE('',#13915,#13916);
#13915 = CARTESIAN_POINT('',(36.2,-57.2,9.));
#13916 = VECTOR('',#13917,1.);
#13917 = DIRECTION('',(1.,0.,0.));
#13918 = PCURVE('',#11797,#13919);
#13919 = DEFINITIONAL_REPRESENTATION('',(#13920),#13924);
#13920 = LINE('',#13921,#13922);
#13921 = CARTESIAN_POINT('',(0.5,0.));
#13922 = VECTOR('',#13923,1.);
#13923 = DIRECTION('',(0.,1.));
#13924 = ( GEOMETRIC_REPRESENTATION_CONTEXT(2) 
PARAMETRIC_REPRESENTATION_CONTEXT() REPRESENTATION_CONTEXT('2D SPACE',''
  ) );
#13925 = PCURVE('',#13926,#13931);
#13926 = PLANE('',#13927);
#13927 = AXIS2_PLACEMENT_3D('',#13928,#13929,#13930);
#13928 = CARTESIAN_POINT('',(36.2,-56.95,8.75));
#13929 = DIRECTION('',(0.,-0.707106781187,-0.707106781187));
#13930 = DIRECTION('',(-1.,-0.,-0.));
#13931 = DEFINITIONAL_REPRESENTATION('',(#13932),#13936);
#13932 = LINE('',#13933,#13934);
#13933 = CARTESIAN_POINT('',(-0.,-0.353553390593));
#13934 = VECTOR('',#13935,1.);
#13935 = DIRECTION('',(-1.,0.));
#13936 = ( GEOMETRIC_REPRESENTATION_CONTEXT(2) 
PARAMETRIC_REPRESENTATION_CONTEXT() REPRESENTATION_CONTEXT('2D SPACE',''
  ) );
#13937 = ORIENTED_EDGE('',*,*,#13938,.T.);
#13938 = EDGE_CURVE('',#13911,#12806,#13939,.T.);
#13939 = SURFACE_CURVE('',#13940,(#13944,#13951),.PCURVE_S1.);
#13940 = LINE('',#13941,#13942);
#13941 = CARTESIAN_POINT('',(36.2,-57.2,8.5));
#13942 = VECTOR('',#13943,1.);
#13943 = DIRECTION('',(0.,0.,1.));
#13944 = PCURVE('',#11797,#13945);
#13945 = DEFINITIONAL_REPRESENTATION('',(#13946),#13950);
#13946 = LINE('',#13947,#13948);
#13947 = CARTESIAN_POINT('',(0.,0.));
#13948 = VECTOR('',#13949,1.);
#13949 = DIRECTION('',(1.,0.));
#13950 = ( GEOMETRIC_REPRESENTATION_CONTEXT(2) 
PARAMETRIC_REPRESENTATION_CONTEXT() REPRESENTATION_CONTEXT('2D SPACE',''
  ) );
#13951 = PCURVE('',#12841,#13952);
#13952 = DEFINITIONAL_REPRESENTATION('',(#13953),#13957);
#13953 = LINE('',#13954,#13955);
#13954 = CARTESIAN_POINT('',(0.,0.));
#13955 = VECTOR('',#13956,1.);
#13956 = DIRECTION('',(1.,0.));
#13957 = ( GEOMETRIC_REPRESENTATION_CONTEXT(2) 
PARAMETRIC_REPRESENTATION_CONTEXT() REPRESENTATION_CONTEXT('2D SPACE',''
  ) );
#13958 = ORIENTED_EDGE('',*,*,#12805,.F.);
#13959 = ORIENTED_EDGE('',*,*,#11780,.T.);
#13960 = ADVANCED_FACE('',(#13961),#12250,.T.);
#13961 = FACE_BOUND('',#13962,.T.);
#13962 = EDGE_LOOP('',(#13963,#13986,#14014,#14035,#14036));
#13963 = ORIENTED_EDGE('',*,*,#13964,.F.);
#13964 = EDGE_CURVE('',#13965,#12208,#13967,.T.);
#13965 = VERTEX_POINT('',#13966);
#13966 = CARTESIAN_POINT('',(24.7,-70.2,9.));
#13967 = SURFACE_CURVE('',#13968,(#13972,#13979),.PCURVE_S1.);
#13968 = LINE('',#13969,#13970);
#13969 = CARTESIAN_POINT('',(24.7,-70.2,8.5));
#13970 = VECTOR('',#13971,1.);
#13971 = DIRECTION('',(0.,0.,1.));
#13972 = PCURVE('',#12250,#13973);
#13973 = DEFINITIONAL_REPRESENTATION('',(#13974),#13978);
#13974 = LINE('',#13975,#13976);
#13975 = CARTESIAN_POINT('',(0.,0.));
#13976 = VECTOR('',#13977,1.);
#13977 = DIRECTION('',(1.,0.));
#13978 = ( GEOMETRIC_REPRESENTATION_CONTEXT(2) 
PARAMETRIC_REPRESENTATION_CONTEXT() REPRESENTATION_CONTEXT('2D SPACE',''
  ) );
#13979 = PCURVE('',#12222,#13980);
#13980 = DEFINITIONAL_REPRESENTATION('',(#13981),#13985);
#13981 = LINE('',#13982,#13983);
#13982 = CARTESIAN_POINT('',(0.,15.));
#13983 = VECTOR('',#13984,1.);
#13984 = DIRECTION('',(1.,0.));
#13985 = ( GEOMETRIC_REPRESENTATION_CONTEXT(2) 
PARAMETRIC_REPRESENTATION_CONTEXT() REPRESENTATION_CONTEXT('2D SPACE',''
  ) );
#13986 = ORIENTED_EDGE('',*,*,#13987,.T.);
#13987 = EDGE_CURVE('',#13965,#13988,#13990,.T.);
#13988 = VERTEX_POINT('',#13989);
#13989 = CARTESIAN_POINT('',(24.7,-68.7,9.));
#13990 = SURFACE_CURVE('',#13991,(#13995,#14002),.PCURVE_S1.);
#13991 = LINE('',#13992,#13993);
#13992 = CARTESIAN_POINT('',(24.7,-70.2,9.));
#13993 = VECTOR('',#13994,1.);
#13994 = DIRECTION('',(0.,1.,0.));
#13995 = PCURVE('',#12250,#13996);
#13996 = DEFINITIONAL_REPRESENTATION('',(#13997),#14001);
#13997 = LINE('',#13998,#13999);
#13998 = CARTESIAN_POINT('',(0.5,0.));
#13999 = VECTOR('',#14000,1.);
#14000 = DIRECTION('',(0.,-1.));
#14001 = ( GEOMETRIC_REPRESENTATION_CONTEXT(2) 
PARAMETRIC_REPRESENTATION_CONTEXT() REPRESENTATION_CONTEXT('2D SPACE',''
  ) );
#14002 = PCURVE('',#14003,#14008);
#14003 = PLANE('',#14004);
#14004 = AXIS2_PLACEMENT_3D('',#14005,#14006,#14007);
#14005 = CARTESIAN_POINT('',(24.45,-70.2,8.75));
#14006 = DIRECTION('',(-0.707106781187,0.,0.707106781187));
#14007 = DIRECTION('',(0.,1.,0.));
#14008 = DEFINITIONAL_REPRESENTATION('',(#14009),#14013);
#14009 = LINE('',#14010,#14011);
#14010 = CARTESIAN_POINT('',(0.,-0.353553390593));
#14011 = VECTOR('',#14012,1.);
#14012 = DIRECTION('',(1.,0.));
#14013 = ( GEOMETRIC_REPRESENTATION_CONTEXT(2) 
PARAMETRIC_REPRESENTATION_CONTEXT() REPRESENTATION_CONTEXT('2D SPACE',''
  ) );
#14014 = ORIENTED_EDGE('',*,*,#14015,.T.);
#14015 = EDGE_CURVE('',#13988,#12759,#14016,.T.);
#14016 = SURFACE_CURVE('',#14017,(#14021,#14028),.PCURVE_S1.);
#14017 = LINE('',#14018,#14019);
#14018 = CARTESIAN_POINT('',(24.7,-68.7,8.5));
#14019 = VECTOR('',#14020,1.);
#14020 = DIRECTION('',(0.,0.,1.));
#14021 = PCURVE('',#12250,#14022);
#14022 = DEFINITIONAL_REPRESENTATION('',(#14023),#14027);
#14023 = LINE('',#14024,#14025);
#14024 = CARTESIAN_POINT('',(0.,-1.5));
#14025 = VECTOR('',#14026,1.);
#14026 = DIRECTION('',(1.,0.));
#14027 = ( GEOMETRIC_REPRESENTATION_CONTEXT(2) 
PARAMETRIC_REPRESENTATION_CONTEXT() REPRESENTATION_CONTEXT('2D SPACE',''
  ) );
#14028 = PCURVE('',#12773,#14029);
#14029 = DEFINITIONAL_REPRESENTATION('',(#14030),#14034);
#14030 = LINE('',#14031,#14032);
#14031 = CARTESIAN_POINT('',(0.,15.));
#14032 = VECTOR('',#14033,1.);
#14033 = DIRECTION('',(1.,0.));
#14034 = ( GEOMETRIC_REPRESENTATION_CONTEXT(2) 
PARAMETRIC_REPRESENTATION_CONTEXT() REPRESENTATION_CONTEXT('2D SPACE',''
  ) );
#14035 = ORIENTED_EDGE('',*,*,#12784,.F.);
#14036 = ORIENTED_EDGE('',*,*,#12233,.T.);
#14037 = ADVANCED_FACE('',(#14038),#12222,.F.);
#14038 = FACE_BOUND('',#14039,.F.);
#14039 = EDGE_LOOP('',(#14040,#14041,#14069,#14090));
#14040 = ORIENTED_EDGE('',*,*,#13964,.F.);
#14041 = ORIENTED_EDGE('',*,*,#14042,.F.);
#14042 = EDGE_CURVE('',#14043,#13965,#14045,.T.);
#14043 = VERTEX_POINT('',#14044);
#14044 = CARTESIAN_POINT('',(9.7,-70.2,9.));
#14045 = SURFACE_CURVE('',#14046,(#14050,#14057),.PCURVE_S1.);
#14046 = LINE('',#14047,#14048);
#14047 = CARTESIAN_POINT('',(9.7,-70.2,9.));
#14048 = VECTOR('',#14049,1.);
#14049 = DIRECTION('',(1.,0.,0.));
#14050 = PCURVE('',#12222,#14051);
#14051 = DEFINITIONAL_REPRESENTATION('',(#14052),#14056);
#14052 = LINE('',#14053,#14054);
#14053 = CARTESIAN_POINT('',(0.5,0.));
#14054 = VECTOR('',#14055,1.);
#14055 = DIRECTION('',(0.,1.));
#14056 = ( GEOMETRIC_REPRESENTATION_CONTEXT(2) 
PARAMETRIC_REPRESENTATION_CONTEXT() REPRESENTATION_CONTEXT('2D SPACE',''
  ) );
#14057 = PCURVE('',#14058,#14063);
#14058 = PLANE('',#14059);
#14059 = AXIS2_PLACEMENT_3D('',#14060,#14061,#14062);
#14060 = CARTESIAN_POINT('',(9.7,-69.95,8.75));
#14061 = DIRECTION('',(0.,-0.707106781187,-0.707106781187));
#14062 = DIRECTION('',(-1.,-0.,-0.));
#14063 = DEFINITIONAL_REPRESENTATION('',(#14064),#14068);
#14064 = LINE('',#14065,#14066);
#14065 = CARTESIAN_POINT('',(-0.,-0.353553390593));
#14066 = VECTOR('',#14067,1.);
#14067 = DIRECTION('',(-1.,0.));
#14068 = ( GEOMETRIC_REPRESENTATION_CONTEXT(2) 
PARAMETRIC_REPRESENTATION_CONTEXT() REPRESENTATION_CONTEXT('2D SPACE',''
  ) );
#14069 = ORIENTED_EDGE('',*,*,#14070,.T.);
#14070 = EDGE_CURVE('',#14043,#12179,#14071,.T.);
#14071 = SURFACE_CURVE('',#14072,(#14076,#14083),.PCURVE_S1.);
#14072 = LINE('',#14073,#14074);
#14073 = CARTESIAN_POINT('',(9.7,-70.2,8.5));
#14074 = VECTOR('',#14075,1.);
#14075 = DIRECTION('',(0.,0.,1.));
#14076 = PCURVE('',#12222,#14077);
#14077 = DEFINITIONAL_REPRESENTATION('',(#14078),#14082);
#14078 = LINE('',#14079,#14080);
#14079 = CARTESIAN_POINT('',(0.,0.));
#14080 = VECTOR('',#14081,1.);
#14081 = DIRECTION('',(1.,0.));
#14082 = ( GEOMETRIC_REPRESENTATION_CONTEXT(2) 
PARAMETRIC_REPRESENTATION_CONTEXT() REPRESENTATION_CONTEXT('2D SPACE',''
  ) );
#14083 = PCURVE('',#12195,#14084);
#14084 = DEFINITIONAL_REPRESENTATION('',(#14085),#14089);
#14085 = LINE('',#14086,#14087);
#14086 = CARTESIAN_POINT('',(0.,0.));
#14087 = VECTOR('',#14088,1.);
#14088 = DIRECTION('',(1.,0.));
#14089 = ( GEOMETRIC_REPRESENTATION_CONTEXT(2) 
PARAMETRIC_REPRESENTATION_CONTEXT() REPRESENTATION_CONTEXT('2D SPACE',''
  ) );
#14090 = ORIENTED_EDGE('',*,*,#12207,.T.);
#14091 = ADVANCED_FACE('',(#14092),#12195,.F.);
#14092 = FACE_BOUND('',#14093,.F.);
#14093 = EDGE_LOOP('',(#14094,#14095,#14123,#14144,#14145));
#14094 = ORIENTED_EDGE('',*,*,#14070,.F.);
#14095 = ORIENTED_EDGE('',*,*,#14096,.T.);
#14096 = EDGE_CURVE('',#14043,#14097,#14099,.T.);
#14097 = VERTEX_POINT('',#14098);
#14098 = CARTESIAN_POINT('',(9.7,-68.7,9.));
#14099 = SURFACE_CURVE('',#14100,(#14104,#14111),.PCURVE_S1.);
#14100 = LINE('',#14101,#14102);
#14101 = CARTESIAN_POINT('',(9.7,-70.2,9.));
#14102 = VECTOR('',#14103,1.);
#14103 = DIRECTION('',(0.,1.,0.));
#14104 = PCURVE('',#12195,#14105);
#14105 = DEFINITIONAL_REPRESENTATION('',(#14106),#14110);
#14106 = LINE('',#14107,#14108);
#14107 = CARTESIAN_POINT('',(0.5,0.));
#14108 = VECTOR('',#14109,1.);
#14109 = DIRECTION('',(0.,-1.));
#14110 = ( GEOMETRIC_REPRESENTATION_CONTEXT(2) 
PARAMETRIC_REPRESENTATION_CONTEXT() REPRESENTATION_CONTEXT('2D SPACE',''
  ) );
#14111 = PCURVE('',#14112,#14117);
#14112 = PLANE('',#14113);
#14113 = AXIS2_PLACEMENT_3D('',#14114,#14115,#14116);
#14114 = CARTESIAN_POINT('',(9.95,-70.2,8.75));
#14115 = DIRECTION('',(-0.707106781187,0.,-0.707106781187));
#14116 = DIRECTION('',(0.,1.,0.));
#14117 = DEFINITIONAL_REPRESENTATION('',(#14118),#14122);
#14118 = LINE('',#14119,#14120);
#14119 = CARTESIAN_POINT('',(0.,-0.353553390593));
#14120 = VECTOR('',#14121,1.);
#14121 = DIRECTION('',(1.,0.));
#14122 = ( GEOMETRIC_REPRESENTATION_CONTEXT(2) 
PARAMETRIC_REPRESENTATION_CONTEXT() REPRESENTATION_CONTEXT('2D SPACE',''
  ) );
#14123 = ORIENTED_EDGE('',*,*,#14124,.T.);
#14124 = EDGE_CURVE('',#14097,#12738,#14125,.T.);
#14125 = SURFACE_CURVE('',#14126,(#14130,#14137),.PCURVE_S1.);
#14126 = LINE('',#14127,#14128);
#14127 = CARTESIAN_POINT('',(9.7,-68.7,8.5));
#14128 = VECTOR('',#14129,1.);
#14129 = DIRECTION('',(0.,0.,1.));
#14130 = PCURVE('',#12195,#14131);
#14131 = DEFINITIONAL_REPRESENTATION('',(#14132),#14136);
#14132 = LINE('',#14133,#14134);
#14133 = CARTESIAN_POINT('',(0.,-1.5));
#14134 = VECTOR('',#14135,1.);
#14135 = DIRECTION('',(1.,0.));
#14136 = ( GEOMETRIC_REPRESENTATION_CONTEXT(2) 
PARAMETRIC_REPRESENTATION_CONTEXT() REPRESENTATION_CONTEXT('2D SPACE',''
  ) );
#14137 = PCURVE('',#12773,#14138);
#14138 = DEFINITIONAL_REPRESENTATION('',(#14139),#14143);
#14139 = LINE('',#14140,#14141);
#14140 = CARTESIAN_POINT('',(0.,0.));
#14141 = VECTOR('',#14142,1.);
#14142 = DIRECTION('',(1.,0.));
#14143 = ( GEOMETRIC_REPRESENTATION_CONTEXT(2) 
PARAMETRIC_REPRESENTATION_CONTEXT() REPRESENTATION_CONTEXT('2D SPACE',''
  ) );
#14144 = ORIENTED_EDGE('',*,*,#12737,.F.);
#14145 = ORIENTED_EDGE('',*,*,#12178,.T.);
#14146 = ADVANCED_FACE('',(#14147),#12143,.T.);
#14147 = FACE_BOUND('',#14148,.T.);
#14148 = EDGE_LOOP('',(#14149,#14172,#14200,#14221,#14222));
#14149 = ORIENTED_EDGE('',*,*,#14150,.F.);
#14150 = EDGE_CURVE('',#14151,#12101,#14153,.T.);
#14151 = VERTEX_POINT('',#14152);
#14152 = CARTESIAN_POINT('',(-9.7,-70.2,9.));
#14153 = SURFACE_CURVE('',#14154,(#14158,#14165),.PCURVE_S1.);
#14154 = LINE('',#14155,#14156);
#14155 = CARTESIAN_POINT('',(-9.7,-70.2,8.5));
#14156 = VECTOR('',#14157,1.);
#14157 = DIRECTION('',(0.,0.,1.));
#14158 = PCURVE('',#12143,#14159);
#14159 = DEFINITIONAL_REPRESENTATION('',(#14160),#14164);
#14160 = LINE('',#14161,#14162);
#14161 = CARTESIAN_POINT('',(0.,0.));
#14162 = VECTOR('',#14163,1.);
#14163 = DIRECTION('',(1.,0.));
#14164 = ( GEOMETRIC_REPRESENTATION_CONTEXT(2) 
PARAMETRIC_REPRESENTATION_CONTEXT() REPRESENTATION_CONTEXT('2D SPACE',''
  ) );
#14165 = PCURVE('',#12115,#14166);
#14166 = DEFINITIONAL_REPRESENTATION('',(#14167),#14171);
#14167 = LINE('',#14168,#14169);
#14168 = CARTESIAN_POINT('',(0.,15.));
#14169 = VECTOR('',#14170,1.);
#14170 = DIRECTION('',(1.,0.));
#14171 = ( GEOMETRIC_REPRESENTATION_CONTEXT(2) 
PARAMETRIC_REPRESENTATION_CONTEXT() REPRESENTATION_CONTEXT('2D SPACE',''
  ) );
#14172 = ORIENTED_EDGE('',*,*,#14173,.T.);
#14173 = EDGE_CURVE('',#14151,#14174,#14176,.T.);
#14174 = VERTEX_POINT('',#14175);
#14175 = CARTESIAN_POINT('',(-9.7,-68.7,9.));
#14176 = SURFACE_CURVE('',#14177,(#14181,#14188),.PCURVE_S1.);
#14177 = LINE('',#14178,#14179);
#14178 = CARTESIAN_POINT('',(-9.7,-70.2,9.));
#14179 = VECTOR('',#14180,1.);
#14180 = DIRECTION('',(0.,1.,0.));
#14181 = PCURVE('',#12143,#14182);
#14182 = DEFINITIONAL_REPRESENTATION('',(#14183),#14187);
#14183 = LINE('',#14184,#14185);
#14184 = CARTESIAN_POINT('',(0.5,0.));
#14185 = VECTOR('',#14186,1.);
#14186 = DIRECTION('',(0.,-1.));
#14187 = ( GEOMETRIC_REPRESENTATION_CONTEXT(2) 
PARAMETRIC_REPRESENTATION_CONTEXT() REPRESENTATION_CONTEXT('2D SPACE',''
  ) );
#14188 = PCURVE('',#14189,#14194);
#14189 = PLANE('',#14190);
#14190 = AXIS2_PLACEMENT_3D('',#14191,#14192,#14193);
#14191 = CARTESIAN_POINT('',(-9.95,-70.2,8.75));
#14192 = DIRECTION('',(-0.707106781187,0.,0.707106781187));
#14193 = DIRECTION('',(0.,1.,0.));
#14194 = DEFINITIONAL_REPRESENTATION('',(#14195),#14199);
#14195 = LINE('',#14196,#14197);
#14196 = CARTESIAN_POINT('',(0.,-0.353553390593));
#14197 = VECTOR('',#14198,1.);
#14198 = DIRECTION('',(1.,0.));
#14199 = ( GEOMETRIC_REPRESENTATION_CONTEXT(2) 
PARAMETRIC_REPRESENTATION_CONTEXT() REPRESENTATION_CONTEXT('2D SPACE',''
  ) );
#14200 = ORIENTED_EDGE('',*,*,#14201,.T.);
#14201 = EDGE_CURVE('',#14174,#12692,#14202,.T.);
#14202 = SURFACE_CURVE('',#14203,(#14207,#14214),.PCURVE_S1.);
#14203 = LINE('',#14204,#14205);
#14204 = CARTESIAN_POINT('',(-9.7,-68.7,8.5));
#14205 = VECTOR('',#14206,1.);
#14206 = DIRECTION('',(0.,0.,1.));
#14207 = PCURVE('',#12143,#14208);
#14208 = DEFINITIONAL_REPRESENTATION('',(#14209),#14213);
#14209 = LINE('',#14210,#14211);
#14210 = CARTESIAN_POINT('',(0.,-1.5));
#14211 = VECTOR('',#14212,1.);
#14212 = DIRECTION('',(1.,0.));
#14213 = ( GEOMETRIC_REPRESENTATION_CONTEXT(2) 
PARAMETRIC_REPRESENTATION_CONTEXT() REPRESENTATION_CONTEXT('2D SPACE',''
  ) );
#14214 = PCURVE('',#12706,#14215);
#14215 = DEFINITIONAL_REPRESENTATION('',(#14216),#14220);
#14216 = LINE('',#14217,#14218);
#14217 = CARTESIAN_POINT('',(0.,15.));
#14218 = VECTOR('',#14219,1.);
#14219 = DIRECTION('',(1.,0.));
#14220 = ( GEOMETRIC_REPRESENTATION_CONTEXT(2) 
PARAMETRIC_REPRESENTATION_CONTEXT() REPRESENTATION_CONTEXT('2D SPACE',''
  ) );
#14221 = ORIENTED_EDGE('',*,*,#12717,.F.);
#14222 = ORIENTED_EDGE('',*,*,#12126,.T.);
#14223 = ADVANCED_FACE('',(#14224),#12115,.F.);
#14224 = FACE_BOUND('',#14225,.F.);
#14225 = EDGE_LOOP('',(#14226,#14227,#14255,#14276));
#14226 = ORIENTED_EDGE('',*,*,#14150,.F.);
#14227 = ORIENTED_EDGE('',*,*,#14228,.F.);
#14228 = EDGE_CURVE('',#14229,#14151,#14231,.T.);
#14229 = VERTEX_POINT('',#14230);
#14230 = CARTESIAN_POINT('',(-24.7,-70.2,9.));
#14231 = SURFACE_CURVE('',#14232,(#14236,#14243),.PCURVE_S1.);
#14232 = LINE('',#14233,#14234);
#14233 = CARTESIAN_POINT('',(-24.7,-70.2,9.));
#14234 = VECTOR('',#14235,1.);
#14235 = DIRECTION('',(1.,0.,0.));
#14236 = PCURVE('',#12115,#14237);
#14237 = DEFINITIONAL_REPRESENTATION('',(#14238),#14242);
#14238 = LINE('',#14239,#14240);
#14239 = CARTESIAN_POINT('',(0.5,0.));
#14240 = VECTOR('',#14241,1.);
#14241 = DIRECTION('',(0.,1.));
#14242 = ( GEOMETRIC_REPRESENTATION_CONTEXT(2) 
PARAMETRIC_REPRESENTATION_CONTEXT() REPRESENTATION_CONTEXT('2D SPACE',''
  ) );
#14243 = PCURVE('',#14244,#14249);
#14244 = PLANE('',#14245);
#14245 = AXIS2_PLACEMENT_3D('',#14246,#14247,#14248);
#14246 = CARTESIAN_POINT('',(-24.7,-69.95,8.75));
#14247 = DIRECTION('',(0.,-0.707106781187,-0.707106781187));
#14248 = DIRECTION('',(-1.,-0.,-0.));
#14249 = DEFINITIONAL_REPRESENTATION('',(#14250),#14254);
#14250 = LINE('',#14251,#14252);
#14251 = CARTESIAN_POINT('',(-0.,-0.353553390593));
#14252 = VECTOR('',#14253,1.);
#14253 = DIRECTION('',(-1.,0.));
#14254 = ( GEOMETRIC_REPRESENTATION_CONTEXT(2) 
PARAMETRIC_REPRESENTATION_CONTEXT() REPRESENTATION_CONTEXT('2D SPACE',''
  ) );
#14255 = ORIENTED_EDGE('',*,*,#14256,.T.);
#14256 = EDGE_CURVE('',#14229,#12072,#14257,.T.);
#14257 = SURFACE_CURVE('',#14258,(#14262,#14269),.PCURVE_S1.);
#14258 = LINE('',#14259,#14260);
#14259 = CARTESIAN_POINT('',(-24.7,-70.2,8.5));
#14260 = VECTOR('',#14261,1.);
#14261 = DIRECTION('',(0.,0.,1.));
#14262 = PCURVE('',#12115,#14263);
#14263 = DEFINITIONAL_REPRESENTATION('',(#14264),#14268);
#14264 = LINE('',#14265,#14266);
#14265 = CARTESIAN_POINT('',(0.,0.));
#14266 = VECTOR('',#14267,1.);
#14267 = DIRECTION('',(1.,0.));
#14268 = ( GEOMETRIC_REPRESENTATION_CONTEXT(2) 
PARAMETRIC_REPRESENTATION_CONTEXT() REPRESENTATION_CONTEXT('2D SPACE',''
  ) );
#14269 = PCURVE('',#12088,#14270);
#14270 = DEFINITIONAL_REPRESENTATION('',(#14271),#14275);
#14271 = LINE('',#14272,#14273);
#14272 = CARTESIAN_POINT('',(0.,0.));
#14273 = VECTOR('',#14274,1.);
#14274 = DIRECTION('',(1.,0.));
#14275 = ( GEOMETRIC_REPRESENTATION_CONTEXT(2) 
PARAMETRIC_REPRESENTATION_CONTEXT() REPRESENTATION_CONTEXT('2D SPACE',''
  ) );
#14276 = ORIENTED_EDGE('',*,*,#12100,.T.);
#14277 = ADVANCED_FACE('',(#14278),#12088,.F.);
#14278 = FACE_BOUND('',#14279,.F.);
#14279 = EDGE_LOOP('',(#14280,#14281,#14309,#14330,#14331));
#14280 = ORIENTED_EDGE('',*,*,#14256,.F.);
#14281 = ORIENTED_EDGE('',*,*,#14282,.T.);
#14282 = EDGE_CURVE('',#14229,#14283,#14285,.T.);
#14283 = VERTEX_POINT('',#14284);
#14284 = CARTESIAN_POINT('',(-24.7,-68.7,9.));
#14285 = SURFACE_CURVE('',#14286,(#14290,#14297),.PCURVE_S1.);
#14286 = LINE('',#14287,#14288);
#14287 = CARTESIAN_POINT('',(-24.7,-70.2,9.));
#14288 = VECTOR('',#14289,1.);
#14289 = DIRECTION('',(0.,1.,0.));
#14290 = PCURVE('',#12088,#14291);
#14291 = DEFINITIONAL_REPRESENTATION('',(#14292),#14296);
#14292 = LINE('',#14293,#14294);
#14293 = CARTESIAN_POINT('',(0.5,0.));
#14294 = VECTOR('',#14295,1.);
#14295 = DIRECTION('',(0.,-1.));
#14296 = ( GEOMETRIC_REPRESENTATION_CONTEXT(2) 
PARAMETRIC_REPRESENTATION_CONTEXT() REPRESENTATION_CONTEXT('2D SPACE',''
  ) );
#14297 = PCURVE('',#14298,#14303);
#14298 = PLANE('',#14299);
#14299 = AXIS2_PLACEMENT_3D('',#14300,#14301,#14302);
#14300 = CARTESIAN_POINT('',(-24.45,-70.2,8.75));
#14301 = DIRECTION('',(-0.707106781187,0.,-0.707106781187));
#14302 = DIRECTION('',(0.,1.,0.));
#14303 = DEFINITIONAL_REPRESENTATION('',(#14304),#14308);
#14304 = LINE('',#14305,#14306);
#14305 = CARTESIAN_POINT('',(0.,-0.353553390593));
#14306 = VECTOR('',#14307,1.);
#14307 = DIRECTION('',(1.,0.));
#14308 = ( GEOMETRIC_REPRESENTATION_CONTEXT(2) 
PARAMETRIC_REPRESENTATION_CONTEXT() REPRESENTATION_CONTEXT('2D SPACE',''
  ) );
#14309 = ORIENTED_EDGE('',*,*,#14310,.T.);
#14310 = EDGE_CURVE('',#14283,#12671,#14311,.T.);
#14311 = SURFACE_CURVE('',#14312,(#14316,#14323),.PCURVE_S1.);
#14312 = LINE('',#14313,#14314);
#14313 = CARTESIAN_POINT('',(-24.7,-68.7,8.5));
#14314 = VECTOR('',#14315,1.);
#14315 = DIRECTION('',(0.,0.,1.));
#14316 = PCURVE('',#12088,#14317);
#14317 = DEFINITIONAL_REPRESENTATION('',(#14318),#14322);
#14318 = LINE('',#14319,#14320);
#14319 = CARTESIAN_POINT('',(0.,-1.5));
#14320 = VECTOR('',#14321,1.);
#14321 = DIRECTION('',(1.,0.));
#14322 = ( GEOMETRIC_REPRESENTATION_CONTEXT(2) 
PARAMETRIC_REPRESENTATION_CONTEXT() REPRESENTATION_CONTEXT('2D SPACE',''
  ) );
#14323 = PCURVE('',#12706,#14324);
#14324 = DEFINITIONAL_REPRESENTATION('',(#14325),#14329);
#14325 = LINE('',#14326,#14327);
#14326 = CARTESIAN_POINT('',(0.,0.));
#14327 = VECTOR('',#14328,1.);
#14328 = DIRECTION('',(1.,0.));
#14329 = ( GEOMETRIC_REPRESENTATION_CONTEXT(2) 
PARAMETRIC_REPRESENTATION_CONTEXT() REPRESENTATION_CONTEXT('2D SPACE',''
  ) );
#14330 = ORIENTED_EDGE('',*,*,#12670,.F.);
#14331 = ORIENTED_EDGE('',*,*,#12071,.T.);
#14332 = ADVANCED_FACE('',(#14333),#12518,.T.);
#14333 = FACE_BOUND('',#14334,.T.);
#14334 = EDGE_LOOP('',(#14335,#14358,#14386,#14407,#14408));
#14335 = ORIENTED_EDGE('',*,*,#14336,.F.);
#14336 = EDGE_CURVE('',#14337,#13076,#14339,.T.);
#14337 = VERTEX_POINT('',#14338);
#14338 = CARTESIAN_POINT('',(-36.2,57.2,9.));
#14339 = SURFACE_CURVE('',#14340,(#14344,#14351),.PCURVE_S1.);
#14340 = LINE('',#14341,#14342);
#14341 = CARTESIAN_POINT('',(-36.2,57.2,8.5));
#14342 = VECTOR('',#14343,1.);
#14343 = DIRECTION('',(0.,0.,1.));
#14344 = PCURVE('',#12518,#14345);
#14345 = DEFINITIONAL_REPRESENTATION('',(#14346),#14350);
#14346 = LINE('',#14347,#14348);
#14347 = CARTESIAN_POINT('',(0.,1.5));
#14348 = VECTOR('',#14349,1.);
#14349 = DIRECTION('',(1.,0.));
#14350 = ( GEOMETRIC_REPRESENTATION_CONTEXT(2) 
PARAMETRIC_REPRESENTATION_CONTEXT() REPRESENTATION_CONTEXT('2D SPACE',''
  ) );
#14351 = PCURVE('',#13111,#14352);
#14352 = DEFINITIONAL_REPRESENTATION('',(#14353),#14357);
#14353 = LINE('',#14354,#14355);
#14354 = CARTESIAN_POINT('',(0.,-15.));
#14355 = VECTOR('',#14356,1.);
#14356 = DIRECTION('',(1.,0.));
#14357 = ( GEOMETRIC_REPRESENTATION_CONTEXT(2) 
PARAMETRIC_REPRESENTATION_CONTEXT() REPRESENTATION_CONTEXT('2D SPACE',''
  ) );
#14358 = ORIENTED_EDGE('',*,*,#14359,.F.);
#14359 = EDGE_CURVE('',#14360,#14337,#14362,.T.);
#14360 = VERTEX_POINT('',#14361);
#14361 = CARTESIAN_POINT('',(-37.7,57.2,9.));
#14362 = SURFACE_CURVE('',#14363,(#14367,#14374),.PCURVE_S1.);
#14363 = LINE('',#14364,#14365);
#14364 = CARTESIAN_POINT('',(-37.7,57.2,9.));
#14365 = VECTOR('',#14366,1.);
#14366 = DIRECTION('',(1.,0.,0.));
#14367 = PCURVE('',#12518,#14368);
#14368 = DEFINITIONAL_REPRESENTATION('',(#14369),#14373);
#14369 = LINE('',#14370,#14371);
#14370 = CARTESIAN_POINT('',(0.5,0.));
#14371 = VECTOR('',#14372,1.);
#14372 = DIRECTION('',(0.,1.));
#14373 = ( GEOMETRIC_REPRESENTATION_CONTEXT(2) 
PARAMETRIC_REPRESENTATION_CONTEXT() REPRESENTATION_CONTEXT('2D SPACE',''
  ) );
#14374 = PCURVE('',#14375,#14380);
#14375 = PLANE('',#14376);
#14376 = AXIS2_PLACEMENT_3D('',#14377,#14378,#14379);
#14377 = CARTESIAN_POINT('',(-37.7,56.95,8.75));
#14378 = DIRECTION('',(0.,-0.707106781187,0.707106781187));
#14379 = DIRECTION('',(-1.,-0.,-0.));
#14380 = DEFINITIONAL_REPRESENTATION('',(#14381),#14385);
#14381 = LINE('',#14382,#14383);
#14382 = CARTESIAN_POINT('',(-0.,-0.353553390593));
#14383 = VECTOR('',#14384,1.);
#14384 = DIRECTION('',(-1.,0.));
#14385 = ( GEOMETRIC_REPRESENTATION_CONTEXT(2) 
PARAMETRIC_REPRESENTATION_CONTEXT() REPRESENTATION_CONTEXT('2D SPACE',''
  ) );
#14386 = ORIENTED_EDGE('',*,*,#14387,.T.);
#14387 = EDGE_CURVE('',#14360,#12476,#14388,.T.);
#14388 = SURFACE_CURVE('',#14389,(#14393,#14400),.PCURVE_S1.);
#14389 = LINE('',#14390,#14391);
#14390 = CARTESIAN_POINT('',(-37.7,57.2,8.5));
#14391 = VECTOR('',#14392,1.);
#14392 = DIRECTION('',(0.,0.,1.));
#14393 = PCURVE('',#12518,#14394);
#14394 = DEFINITIONAL_REPRESENTATION('',(#14395),#14399);
#14395 = LINE('',#14396,#14397);
#14396 = CARTESIAN_POINT('',(0.,0.));
#14397 = VECTOR('',#14398,1.);
#14398 = DIRECTION('',(1.,0.));
#14399 = ( GEOMETRIC_REPRESENTATION_CONTEXT(2) 
PARAMETRIC_REPRESENTATION_CONTEXT() REPRESENTATION_CONTEXT('2D SPACE',''
  ) );
#14400 = PCURVE('',#12490,#14401);
#14401 = DEFINITIONAL_REPRESENTATION('',(#14402),#14406);
#14402 = LINE('',#14403,#14404);
#14403 = CARTESIAN_POINT('',(0.,-15.));
#14404 = VECTOR('',#14405,1.);
#14405 = DIRECTION('',(1.,0.));
#14406 = ( GEOMETRIC_REPRESENTATION_CONTEXT(2) 
PARAMETRIC_REPRESENTATION_CONTEXT() REPRESENTATION_CONTEXT('2D SPACE',''
  ) );
#14407 = ORIENTED_EDGE('',*,*,#12501,.T.);
#14408 = ORIENTED_EDGE('',*,*,#13075,.F.);
#14409 = ADVANCED_FACE('',(#14410),#12490,.F.);
#14410 = FACE_BOUND('',#14411,.F.);
#14411 = EDGE_LOOP('',(#14412,#14435,#14461,#14462));
#14412 = ORIENTED_EDGE('',*,*,#14413,.F.);
#14413 = EDGE_CURVE('',#14414,#12447,#14416,.T.);
#14414 = VERTEX_POINT('',#14415);
#14415 = CARTESIAN_POINT('',(-37.7,42.2,9.));
#14416 = SURFACE_CURVE('',#14417,(#14421,#14428),.PCURVE_S1.);
#14417 = LINE('',#14418,#14419);
#14418 = CARTESIAN_POINT('',(-37.7,42.2,8.5));
#14419 = VECTOR('',#14420,1.);
#14420 = DIRECTION('',(0.,0.,1.));
#14421 = PCURVE('',#12490,#14422);
#14422 = DEFINITIONAL_REPRESENTATION('',(#14423),#14427);
#14423 = LINE('',#14424,#14425);
#14424 = CARTESIAN_POINT('',(0.,0.));
#14425 = VECTOR('',#14426,1.);
#14426 = DIRECTION('',(1.,0.));
#14427 = ( GEOMETRIC_REPRESENTATION_CONTEXT(2) 
PARAMETRIC_REPRESENTATION_CONTEXT() REPRESENTATION_CONTEXT('2D SPACE',''
  ) );
#14428 = PCURVE('',#12463,#14429);
#14429 = DEFINITIONAL_REPRESENTATION('',(#14430),#14434);
#14430 = LINE('',#14431,#14432);
#14431 = CARTESIAN_POINT('',(0.,0.));
#14432 = VECTOR('',#14433,1.);
#14433 = DIRECTION('',(1.,0.));
#14434 = ( GEOMETRIC_REPRESENTATION_CONTEXT(2) 
PARAMETRIC_REPRESENTATION_CONTEXT() REPRESENTATION_CONTEXT('2D SPACE',''
  ) );
#14435 = ORIENTED_EDGE('',*,*,#14436,.T.);
#14436 = EDGE_CURVE('',#14414,#14360,#14437,.T.);
#14437 = SURFACE_CURVE('',#14438,(#14442,#14449),.PCURVE_S1.);
#14438 = LINE('',#14439,#14440);
#14439 = CARTESIAN_POINT('',(-37.7,42.2,9.));
#14440 = VECTOR('',#14441,1.);
#14441 = DIRECTION('',(0.,1.,0.));
#14442 = PCURVE('',#12490,#14443);
#14443 = DEFINITIONAL_REPRESENTATION('',(#14444),#14448);
#14444 = LINE('',#14445,#14446);
#14445 = CARTESIAN_POINT('',(0.5,0.));
#14446 = VECTOR('',#14447,1.);
#14447 = DIRECTION('',(0.,-1.));
#14448 = ( GEOMETRIC_REPRESENTATION_CONTEXT(2) 
PARAMETRIC_REPRESENTATION_CONTEXT() REPRESENTATION_CONTEXT('2D SPACE',''
  ) );
#14449 = PCURVE('',#14450,#14455);
#14450 = PLANE('',#14451);
#14451 = AXIS2_PLACEMENT_3D('',#14452,#14453,#14454);
#14452 = CARTESIAN_POINT('',(-37.45,42.2,8.75));
#14453 = DIRECTION('',(-0.707106781187,0.,-0.707106781187));
#14454 = DIRECTION('',(0.,1.,0.));
#14455 = DEFINITIONAL_REPRESENTATION('',(#14456),#14460);
#14456 = LINE('',#14457,#14458);
#14457 = CARTESIAN_POINT('',(0.,-0.353553390593));
#14458 = VECTOR('',#14459,1.);
#14459 = DIRECTION('',(1.,0.));
#14460 = ( GEOMETRIC_REPRESENTATION_CONTEXT(2) 
PARAMETRIC_REPRESENTATION_CONTEXT() REPRESENTATION_CONTEXT('2D SPACE',''
  ) );
#14461 = ORIENTED_EDGE('',*,*,#14387,.T.);
#14462 = ORIENTED_EDGE('',*,*,#12475,.F.);
#14463 = ADVANCED_FACE('',(#14464),#12463,.F.);
#14464 = FACE_BOUND('',#14465,.F.);
#14465 = EDGE_LOOP('',(#14466,#14489,#14515,#14516,#14517));
#14466 = ORIENTED_EDGE('',*,*,#14467,.F.);
#14467 = EDGE_CURVE('',#14468,#13097,#14470,.T.);
#14468 = VERTEX_POINT('',#14469);
#14469 = CARTESIAN_POINT('',(-36.2,42.2,9.));
#14470 = SURFACE_CURVE('',#14471,(#14475,#14482),.PCURVE_S1.);
#14471 = LINE('',#14472,#14473);
#14472 = CARTESIAN_POINT('',(-36.2,42.2,8.5));
#14473 = VECTOR('',#14474,1.);
#14474 = DIRECTION('',(0.,0.,1.));
#14475 = PCURVE('',#12463,#14476);
#14476 = DEFINITIONAL_REPRESENTATION('',(#14477),#14481);
#14477 = LINE('',#14478,#14479);
#14478 = CARTESIAN_POINT('',(0.,1.5));
#14479 = VECTOR('',#14480,1.);
#14480 = DIRECTION('',(1.,0.));
#14481 = ( GEOMETRIC_REPRESENTATION_CONTEXT(2) 
PARAMETRIC_REPRESENTATION_CONTEXT() REPRESENTATION_CONTEXT('2D SPACE',''
  ) );
#14482 = PCURVE('',#13111,#14483);
#14483 = DEFINITIONAL_REPRESENTATION('',(#14484),#14488);
#14484 = LINE('',#14485,#14486);
#14485 = CARTESIAN_POINT('',(0.,0.));
#14486 = VECTOR('',#14487,1.);
#14487 = DIRECTION('',(1.,0.));
#14488 = ( GEOMETRIC_REPRESENTATION_CONTEXT(2) 
PARAMETRIC_REPRESENTATION_CONTEXT() REPRESENTATION_CONTEXT('2D SPACE',''
  ) );
#14489 = ORIENTED_EDGE('',*,*,#14490,.F.);
#14490 = EDGE_CURVE('',#14414,#14468,#14491,.T.);
#14491 = SURFACE_CURVE('',#14492,(#14496,#14503),.PCURVE_S1.);
#14492 = LINE('',#14493,#14494);
#14493 = CARTESIAN_POINT('',(-37.7,42.2,9.));
#14494 = VECTOR('',#14495,1.);
#14495 = DIRECTION('',(1.,0.,0.));
#14496 = PCURVE('',#12463,#14497);
#14497 = DEFINITIONAL_REPRESENTATION('',(#14498),#14502);
#14498 = LINE('',#14499,#14500);
#14499 = CARTESIAN_POINT('',(0.5,0.));
#14500 = VECTOR('',#14501,1.);
#14501 = DIRECTION('',(0.,1.));
#14502 = ( GEOMETRIC_REPRESENTATION_CONTEXT(2) 
PARAMETRIC_REPRESENTATION_CONTEXT() REPRESENTATION_CONTEXT('2D SPACE',''
  ) );
#14503 = PCURVE('',#14504,#14509);
#14504 = PLANE('',#14505);
#14505 = AXIS2_PLACEMENT_3D('',#14506,#14507,#14508);
#14506 = CARTESIAN_POINT('',(-37.7,42.45,8.75));
#14507 = DIRECTION('',(0.,-0.707106781187,-0.707106781187));
#14508 = DIRECTION('',(-1.,-0.,-0.));
#14509 = DEFINITIONAL_REPRESENTATION('',(#14510),#14514);
#14510 = LINE('',#14511,#14512);
#14511 = CARTESIAN_POINT('',(-0.,-0.353553390593));
#14512 = VECTOR('',#14513,1.);
#14513 = DIRECTION('',(-1.,0.));
#14514 = ( GEOMETRIC_REPRESENTATION_CONTEXT(2) 
PARAMETRIC_REPRESENTATION_CONTEXT() REPRESENTATION_CONTEXT('2D SPACE',''
  ) );
#14515 = ORIENTED_EDGE('',*,*,#14413,.T.);
#14516 = ORIENTED_EDGE('',*,*,#12446,.T.);
#14517 = ORIENTED_EDGE('',*,*,#13122,.F.);
#14518 = ADVANCED_FACE('',(#14519),#12411,.T.);
#14519 = FACE_BOUND('',#14520,.T.);
#14520 = EDGE_LOOP('',(#14521,#14544,#14572,#14593,#14594));
#14521 = ORIENTED_EDGE('',*,*,#14522,.F.);
#14522 = EDGE_CURVE('',#14523,#13143,#14525,.T.);
#14523 = VERTEX_POINT('',#14524);
#14524 = CARTESIAN_POINT('',(-36.2,-42.2,9.));
#14525 = SURFACE_CURVE('',#14526,(#14530,#14537),.PCURVE_S1.);
#14526 = LINE('',#14527,#14528);
#14527 = CARTESIAN_POINT('',(-36.2,-42.2,8.5));
#14528 = VECTOR('',#14529,1.);
#14529 = DIRECTION('',(0.,0.,1.));
#14530 = PCURVE('',#12411,#14531);
#14531 = DEFINITIONAL_REPRESENTATION('',(#14532),#14536);
#14532 = LINE('',#14533,#14534);
#14533 = CARTESIAN_POINT('',(0.,1.5));
#14534 = VECTOR('',#14535,1.);
#14535 = DIRECTION('',(1.,0.));
#14536 = ( GEOMETRIC_REPRESENTATION_CONTEXT(2) 
PARAMETRIC_REPRESENTATION_CONTEXT() REPRESENTATION_CONTEXT('2D SPACE',''
  ) );
#14537 = PCURVE('',#13178,#14538);
#14538 = DEFINITIONAL_REPRESENTATION('',(#14539),#14543);
#14539 = LINE('',#14540,#14541);
#14540 = CARTESIAN_POINT('',(0.,-15.));
#14541 = VECTOR('',#14542,1.);
#14542 = DIRECTION('',(1.,0.));
#14543 = ( GEOMETRIC_REPRESENTATION_CONTEXT(2) 
PARAMETRIC_REPRESENTATION_CONTEXT() REPRESENTATION_CONTEXT('2D SPACE',''
  ) );
#14544 = ORIENTED_EDGE('',*,*,#14545,.F.);
#14545 = EDGE_CURVE('',#14546,#14523,#14548,.T.);
#14546 = VERTEX_POINT('',#14547);
#14547 = CARTESIAN_POINT('',(-37.7,-42.2,9.));
#14548 = SURFACE_CURVE('',#14549,(#14553,#14560),.PCURVE_S1.);
#14549 = LINE('',#14550,#14551);
#14550 = CARTESIAN_POINT('',(-37.7,-42.2,9.));
#14551 = VECTOR('',#14552,1.);
#14552 = DIRECTION('',(1.,0.,0.));
#14553 = PCURVE('',#12411,#14554);
#14554 = DEFINITIONAL_REPRESENTATION('',(#14555),#14559);
#14555 = LINE('',#14556,#14557);
#14556 = CARTESIAN_POINT('',(0.5,0.));
#14557 = VECTOR('',#14558,1.);
#14558 = DIRECTION('',(0.,1.));
#14559 = ( GEOMETRIC_REPRESENTATION_CONTEXT(2) 
PARAMETRIC_REPRESENTATION_CONTEXT() REPRESENTATION_CONTEXT('2D SPACE',''
  ) );
#14560 = PCURVE('',#14561,#14566);
#14561 = PLANE('',#14562);
#14562 = AXIS2_PLACEMENT_3D('',#14563,#14564,#14565);
#14563 = CARTESIAN_POINT('',(-37.7,-42.45,8.75));
#14564 = DIRECTION('',(0.,-0.707106781187,0.707106781187));
#14565 = DIRECTION('',(-1.,-0.,-0.));
#14566 = DEFINITIONAL_REPRESENTATION('',(#14567),#14571);
#14567 = LINE('',#14568,#14569);
#14568 = CARTESIAN_POINT('',(-0.,-0.353553390593));
#14569 = VECTOR('',#14570,1.);
#14570 = DIRECTION('',(-1.,0.));
#14571 = ( GEOMETRIC_REPRESENTATION_CONTEXT(2) 
PARAMETRIC_REPRESENTATION_CONTEXT() REPRESENTATION_CONTEXT('2D SPACE',''
  ) );
#14572 = ORIENTED_EDGE('',*,*,#14573,.T.);
#14573 = EDGE_CURVE('',#14546,#12369,#14574,.T.);
#14574 = SURFACE_CURVE('',#14575,(#14579,#14586),.PCURVE_S1.);
#14575 = LINE('',#14576,#14577);
#14576 = CARTESIAN_POINT('',(-37.7,-42.2,8.5));
#14577 = VECTOR('',#14578,1.);
#14578 = DIRECTION('',(0.,0.,1.));
#14579 = PCURVE('',#12411,#14580);
#14580 = DEFINITIONAL_REPRESENTATION('',(#14581),#14585);
#14581 = LINE('',#14582,#14583);
#14582 = CARTESIAN_POINT('',(0.,0.));
#14583 = VECTOR('',#14584,1.);
#14584 = DIRECTION('',(1.,0.));
#14585 = ( GEOMETRIC_REPRESENTATION_CONTEXT(2) 
PARAMETRIC_REPRESENTATION_CONTEXT() REPRESENTATION_CONTEXT('2D SPACE',''
  ) );
#14586 = PCURVE('',#12383,#14587);
#14587 = DEFINITIONAL_REPRESENTATION('',(#14588),#14592);
#14588 = LINE('',#14589,#14590);
#14589 = CARTESIAN_POINT('',(0.,-15.));
#14590 = VECTOR('',#14591,1.);
#14591 = DIRECTION('',(1.,0.));
#14592 = ( GEOMETRIC_REPRESENTATION_CONTEXT(2) 
PARAMETRIC_REPRESENTATION_CONTEXT() REPRESENTATION_CONTEXT('2D SPACE',''
  ) );
#14593 = ORIENTED_EDGE('',*,*,#12394,.T.);
#14594 = ORIENTED_EDGE('',*,*,#13142,.F.);
#14595 = ADVANCED_FACE('',(#14596),#12383,.F.);
#14596 = FACE_BOUND('',#14597,.F.);
#14597 = EDGE_LOOP('',(#14598,#14621,#14647,#14648));
#14598 = ORIENTED_EDGE('',*,*,#14599,.F.);
#14599 = EDGE_CURVE('',#14600,#12340,#14602,.T.);
#14600 = VERTEX_POINT('',#14601);
#14601 = CARTESIAN_POINT('',(-37.7,-57.2,9.));
#14602 = SURFACE_CURVE('',#14603,(#14607,#14614),.PCURVE_S1.);
#14603 = LINE('',#14604,#14605);
#14604 = CARTESIAN_POINT('',(-37.7,-57.2,8.5));
#14605 = VECTOR('',#14606,1.);
#14606 = DIRECTION('',(0.,0.,1.));
#14607 = PCURVE('',#12383,#14608);
#14608 = DEFINITIONAL_REPRESENTATION('',(#14609),#14613);
#14609 = LINE('',#14610,#14611);
#14610 = CARTESIAN_POINT('',(0.,0.));
#14611 = VECTOR('',#14612,1.);
#14612 = DIRECTION('',(1.,0.));
#14613 = ( GEOMETRIC_REPRESENTATION_CONTEXT(2) 
PARAMETRIC_REPRESENTATION_CONTEXT() REPRESENTATION_CONTEXT('2D SPACE',''
  ) );
#14614 = PCURVE('',#12356,#14615);
#14615 = DEFINITIONAL_REPRESENTATION('',(#14616),#14620);
#14616 = LINE('',#14617,#14618);
#14617 = CARTESIAN_POINT('',(0.,0.));
#14618 = VECTOR('',#14619,1.);
#14619 = DIRECTION('',(1.,0.));
#14620 = ( GEOMETRIC_REPRESENTATION_CONTEXT(2) 
PARAMETRIC_REPRESENTATION_CONTEXT() REPRESENTATION_CONTEXT('2D SPACE',''
  ) );
#14621 = ORIENTED_EDGE('',*,*,#14622,.T.);
#14622 = EDGE_CURVE('',#14600,#14546,#14623,.T.);
#14623 = SURFACE_CURVE('',#14624,(#14628,#14635),.PCURVE_S1.);
#14624 = LINE('',#14625,#14626);
#14625 = CARTESIAN_POINT('',(-37.7,-57.2,9.));
#14626 = VECTOR('',#14627,1.);
#14627 = DIRECTION('',(0.,1.,0.));
#14628 = PCURVE('',#12383,#14629);
#14629 = DEFINITIONAL_REPRESENTATION('',(#14630),#14634);
#14630 = LINE('',#14631,#14632);
#14631 = CARTESIAN_POINT('',(0.5,0.));
#14632 = VECTOR('',#14633,1.);
#14633 = DIRECTION('',(0.,-1.));
#14634 = ( GEOMETRIC_REPRESENTATION_CONTEXT(2) 
PARAMETRIC_REPRESENTATION_CONTEXT() REPRESENTATION_CONTEXT('2D SPACE',''
  ) );
#14635 = PCURVE('',#14636,#14641);
#14636 = PLANE('',#14637);
#14637 = AXIS2_PLACEMENT_3D('',#14638,#14639,#14640);
#14638 = CARTESIAN_POINT('',(-37.45,-57.2,8.75));
#14639 = DIRECTION('',(-0.707106781187,0.,-0.707106781187));
#14640 = DIRECTION('',(0.,1.,0.));
#14641 = DEFINITIONAL_REPRESENTATION('',(#14642),#14646);
#14642 = LINE('',#14643,#14644);
#14643 = CARTESIAN_POINT('',(0.,-0.353553390593));
#14644 = VECTOR('',#14645,1.);
#14645 = DIRECTION('',(1.,0.));
#14646 = ( GEOMETRIC_REPRESENTATION_CONTEXT(2) 
PARAMETRIC_REPRESENTATION_CONTEXT() REPRESENTATION_CONTEXT('2D SPACE',''
  ) );
#14647 = ORIENTED_EDGE('',*,*,#14573,.T.);
#14648 = ORIENTED_EDGE('',*,*,#12368,.F.);
#14649 = ADVANCED_FACE('',(#14650),#12356,.F.);
#14650 = FACE_BOUND('',#14651,.F.);
#14651 = EDGE_LOOP('',(#14652,#14675,#14701,#14702,#14703));
#14652 = ORIENTED_EDGE('',*,*,#14653,.F.);
#14653 = EDGE_CURVE('',#14654,#13164,#14656,.T.);
#14654 = VERTEX_POINT('',#14655);
#14655 = CARTESIAN_POINT('',(-36.2,-57.2,9.));
#14656 = SURFACE_CURVE('',#14657,(#14661,#14668),.PCURVE_S1.);
#14657 = LINE('',#14658,#14659);
#14658 = CARTESIAN_POINT('',(-36.2,-57.2,8.5));
#14659 = VECTOR('',#14660,1.);
#14660 = DIRECTION('',(0.,0.,1.));
#14661 = PCURVE('',#12356,#14662);
#14662 = DEFINITIONAL_REPRESENTATION('',(#14663),#14667);
#14663 = LINE('',#14664,#14665);
#14664 = CARTESIAN_POINT('',(0.,1.5));
#14665 = VECTOR('',#14666,1.);
#14666 = DIRECTION('',(1.,0.));
#14667 = ( GEOMETRIC_REPRESENTATION_CONTEXT(2) 
PARAMETRIC_REPRESENTATION_CONTEXT() REPRESENTATION_CONTEXT('2D SPACE',''
  ) );
#14668 = PCURVE('',#13178,#14669);
#14669 = DEFINITIONAL_REPRESENTATION('',(#14670),#14674);
#14670 = LINE('',#14671,#14672);
#14671 = CARTESIAN_POINT('',(0.,0.));
#14672 = VECTOR('',#14673,1.);
#14673 = DIRECTION('',(1.,0.));
#14674 = ( GEOMETRIC_REPRESENTATION_CONTEXT(2) 
PARAMETRIC_REPRESENTATION_CONTEXT() REPRESENTATION_CONTEXT('2D SPACE',''
  ) );
#14675 = ORIENTED_EDGE('',*,*,#14676,.F.);
#14676 = EDGE_CURVE('',#14600,#14654,#14677,.T.);
#14677 = SURFACE_CURVE('',#14678,(#14682,#14689),.PCURVE_S1.);
#14678 = LINE('',#14679,#14680);
#14679 = CARTESIAN_POINT('',(-37.7,-57.2,9.));
#14680 = VECTOR('',#14681,1.);
#14681 = DIRECTION('',(1.,0.,0.));
#14682 = PCURVE('',#12356,#14683);
#14683 = DEFINITIONAL_REPRESENTATION('',(#14684),#14688);
#14684 = LINE('',#14685,#14686);
#14685 = CARTESIAN_POINT('',(0.5,0.));
#14686 = VECTOR('',#14687,1.);
#14687 = DIRECTION('',(0.,1.));
#14688 = ( GEOMETRIC_REPRESENTATION_CONTEXT(2) 
PARAMETRIC_REPRESENTATION_CONTEXT() REPRESENTATION_CONTEXT('2D SPACE',''
  ) );
#14689 = PCURVE('',#14690,#14695);
#14690 = PLANE('',#14691);
#14691 = AXIS2_PLACEMENT_3D('',#14692,#14693,#14694);
#14692 = CARTESIAN_POINT('',(-37.7,-56.95,8.75));
#14693 = DIRECTION('',(0.,-0.707106781187,-0.707106781187));
#14694 = DIRECTION('',(-1.,-0.,-0.));
#14695 = DEFINITIONAL_REPRESENTATION('',(#14696),#14700);
#14696 = LINE('',#14697,#14698);
#14697 = CARTESIAN_POINT('',(-0.,-0.353553390593));
#14698 = VECTOR('',#14699,1.);
#14699 = DIRECTION('',(-1.,0.));
#14700 = ( GEOMETRIC_REPRESENTATION_CONTEXT(2) 
PARAMETRIC_REPRESENTATION_CONTEXT() REPRESENTATION_CONTEXT('2D SPACE',''
  ) );
#14701 = ORIENTED_EDGE('',*,*,#14599,.T.);
#14702 = ORIENTED_EDGE('',*,*,#12339,.T.);
#14703 = ORIENTED_EDGE('',*,*,#13189,.F.);
#14704 = ADVANCED_FACE('',(#14705),#13178,.T.);
#14705 = FACE_BOUND('',#14706,.T.);
#14706 = EDGE_LOOP('',(#14707,#14708,#14734,#14735));
#14707 = ORIENTED_EDGE('',*,*,#14653,.F.);
#14708 = ORIENTED_EDGE('',*,*,#14709,.T.);
#14709 = EDGE_CURVE('',#14654,#14523,#14710,.T.);
#14710 = SURFACE_CURVE('',#14711,(#14715,#14722),.PCURVE_S1.);
#14711 = LINE('',#14712,#14713);
#14712 = CARTESIAN_POINT('',(-36.2,-57.2,9.));
#14713 = VECTOR('',#14714,1.);
#14714 = DIRECTION('',(0.,1.,0.));
#14715 = PCURVE('',#13178,#14716);
#14716 = DEFINITIONAL_REPRESENTATION('',(#14717),#14721);
#14717 = LINE('',#14718,#14719);
#14718 = CARTESIAN_POINT('',(0.5,0.));
#14719 = VECTOR('',#14720,1.);
#14720 = DIRECTION('',(0.,-1.));
#14721 = ( GEOMETRIC_REPRESENTATION_CONTEXT(2) 
PARAMETRIC_REPRESENTATION_CONTEXT() REPRESENTATION_CONTEXT('2D SPACE',''
  ) );
#14722 = PCURVE('',#14723,#14728);
#14723 = PLANE('',#14724);
#14724 = AXIS2_PLACEMENT_3D('',#14725,#14726,#14727);
#14725 = CARTESIAN_POINT('',(-36.45,-57.2,8.75));
#14726 = DIRECTION('',(-0.707106781187,0.,0.707106781187));
#14727 = DIRECTION('',(0.,1.,0.));
#14728 = DEFINITIONAL_REPRESENTATION('',(#14729),#14733);
#14729 = LINE('',#14730,#14731);
#14730 = CARTESIAN_POINT('',(0.,-0.353553390593));
#14731 = VECTOR('',#14732,1.);
#14732 = DIRECTION('',(1.,0.));
#14733 = ( GEOMETRIC_REPRESENTATION_CONTEXT(2) 
PARAMETRIC_REPRESENTATION_CONTEXT() REPRESENTATION_CONTEXT('2D SPACE',''
  ) );
#14734 = ORIENTED_EDGE('',*,*,#14522,.T.);
#14735 = ORIENTED_EDGE('',*,*,#13163,.F.);
#14736 = ADVANCED_FACE('',(#14737),#13111,.T.);
#14737 = FACE_BOUND('',#14738,.T.);
#14738 = EDGE_LOOP('',(#14739,#14740,#14766,#14767));
#14739 = ORIENTED_EDGE('',*,*,#14467,.F.);
#14740 = ORIENTED_EDGE('',*,*,#14741,.T.);
#14741 = EDGE_CURVE('',#14468,#14337,#14742,.T.);
#14742 = SURFACE_CURVE('',#14743,(#14747,#14754),.PCURVE_S1.);
#14743 = LINE('',#14744,#14745);
#14744 = CARTESIAN_POINT('',(-36.2,42.2,9.));
#14745 = VECTOR('',#14746,1.);
#14746 = DIRECTION('',(0.,1.,0.));
#14747 = PCURVE('',#13111,#14748);
#14748 = DEFINITIONAL_REPRESENTATION('',(#14749),#14753);
#14749 = LINE('',#14750,#14751);
#14750 = CARTESIAN_POINT('',(0.5,0.));
#14751 = VECTOR('',#14752,1.);
#14752 = DIRECTION('',(0.,-1.));
#14753 = ( GEOMETRIC_REPRESENTATION_CONTEXT(2) 
PARAMETRIC_REPRESENTATION_CONTEXT() REPRESENTATION_CONTEXT('2D SPACE',''
  ) );
#14754 = PCURVE('',#14755,#14760);
#14755 = PLANE('',#14756);
#14756 = AXIS2_PLACEMENT_3D('',#14757,#14758,#14759);
#14757 = CARTESIAN_POINT('',(-36.45,42.2,8.75));
#14758 = DIRECTION('',(-0.707106781187,0.,0.707106781187));
#14759 = DIRECTION('',(0.,1.,0.));
#14760 = DEFINITIONAL_REPRESENTATION('',(#14761),#14765);
#14761 = LINE('',#14762,#14763);
#14762 = CARTESIAN_POINT('',(0.,-0.353553390593));
#14763 = VECTOR('',#14764,1.);
#14764 = DIRECTION('',(1.,0.));
#14765 = ( GEOMETRIC_REPRESENTATION_CONTEXT(2) 
PARAMETRIC_REPRESENTATION_CONTEXT() REPRESENTATION_CONTEXT('2D SPACE',''
  ) );
#14766 = ORIENTED_EDGE('',*,*,#14336,.T.);
#14767 = ORIENTED_EDGE('',*,*,#13096,.F.);
#14768 = ADVANCED_FACE('',(#14769),#13043,.F.);
#14769 = FACE_BOUND('',#14770,.F.);
#14770 = EDGE_LOOP('',(#14771,#14772,#14798,#14799));
#14771 = ORIENTED_EDGE('',*,*,#13406,.F.);
#14772 = ORIENTED_EDGE('',*,*,#14773,.F.);
#14773 = EDGE_CURVE('',#13538,#13407,#14774,.T.);
#14774 = SURFACE_CURVE('',#14775,(#14779,#14786),.PCURVE_S1.);
#14775 = LINE('',#14776,#14777);
#14776 = CARTESIAN_POINT('',(-24.7,68.7,9.));
#14777 = VECTOR('',#14778,1.);
#14778 = DIRECTION('',(1.,0.,0.));
#14779 = PCURVE('',#13043,#14780);
#14780 = DEFINITIONAL_REPRESENTATION('',(#14781),#14785);
#14781 = LINE('',#14782,#14783);
#14782 = CARTESIAN_POINT('',(0.5,0.));
#14783 = VECTOR('',#14784,1.);
#14784 = DIRECTION('',(0.,1.));
#14785 = ( GEOMETRIC_REPRESENTATION_CONTEXT(2) 
PARAMETRIC_REPRESENTATION_CONTEXT() REPRESENTATION_CONTEXT('2D SPACE',''
  ) );
#14786 = PCURVE('',#14787,#14792);
#14787 = PLANE('',#14788);
#14788 = AXIS2_PLACEMENT_3D('',#14789,#14790,#14791);
#14789 = CARTESIAN_POINT('',(-24.7,68.95,8.75));
#14790 = DIRECTION('',(0.,-0.707106781187,-0.707106781187));
#14791 = DIRECTION('',(-1.,-0.,-0.));
#14792 = DEFINITIONAL_REPRESENTATION('',(#14793),#14797);
#14793 = LINE('',#14794,#14795);
#14794 = CARTESIAN_POINT('',(-0.,-0.353553390593));
#14795 = VECTOR('',#14796,1.);
#14796 = DIRECTION('',(-1.,0.));
#14797 = ( GEOMETRIC_REPRESENTATION_CONTEXT(2) 
PARAMETRIC_REPRESENTATION_CONTEXT() REPRESENTATION_CONTEXT('2D SPACE',''
  ) );
#14798 = ORIENTED_EDGE('',*,*,#13537,.T.);
#14799 = ORIENTED_EDGE('',*,*,#13028,.F.);
#14800 = ADVANCED_FACE('',(#14801),#12976,.F.);
#14801 = FACE_BOUND('',#14802,.F.);
#14802 = EDGE_LOOP('',(#14803,#14804,#14830,#14831));
#14803 = ORIENTED_EDGE('',*,*,#13220,.F.);
#14804 = ORIENTED_EDGE('',*,*,#14805,.F.);
#14805 = EDGE_CURVE('',#13352,#13221,#14806,.T.);
#14806 = SURFACE_CURVE('',#14807,(#14811,#14818),.PCURVE_S1.);
#14807 = LINE('',#14808,#14809);
#14808 = CARTESIAN_POINT('',(9.7,68.7,9.));
#14809 = VECTOR('',#14810,1.);
#14810 = DIRECTION('',(1.,0.,0.));
#14811 = PCURVE('',#12976,#14812);
#14812 = DEFINITIONAL_REPRESENTATION('',(#14813),#14817);
#14813 = LINE('',#14814,#14815);
#14814 = CARTESIAN_POINT('',(0.5,0.));
#14815 = VECTOR('',#14816,1.);
#14816 = DIRECTION('',(0.,1.));
#14817 = ( GEOMETRIC_REPRESENTATION_CONTEXT(2) 
PARAMETRIC_REPRESENTATION_CONTEXT() REPRESENTATION_CONTEXT('2D SPACE',''
  ) );
#14818 = PCURVE('',#14819,#14824);
#14819 = PLANE('',#14820);
#14820 = AXIS2_PLACEMENT_3D('',#14821,#14822,#14823);
#14821 = CARTESIAN_POINT('',(9.7,68.95,8.75));
#14822 = DIRECTION('',(0.,-0.707106781187,-0.707106781187));
#14823 = DIRECTION('',(-1.,-0.,-0.));
#14824 = DEFINITIONAL_REPRESENTATION('',(#14825),#14829);
#14825 = LINE('',#14826,#14827);
#14826 = CARTESIAN_POINT('',(-0.,-0.353553390593));
#14827 = VECTOR('',#14828,1.);
#14828 = DIRECTION('',(-1.,0.));
#14829 = ( GEOMETRIC_REPRESENTATION_CONTEXT(2) 
PARAMETRIC_REPRESENTATION_CONTEXT() REPRESENTATION_CONTEXT('2D SPACE',''
  ) );
#14830 = ORIENTED_EDGE('',*,*,#13351,.T.);
#14831 = ORIENTED_EDGE('',*,*,#12961,.F.);
#14832 = ADVANCED_FACE('',(#14833),#12908,.F.);
#14833 = FACE_BOUND('',#14834,.F.);
#14834 = EDGE_LOOP('',(#14835,#14836,#14862,#14863));
#14835 = ORIENTED_EDGE('',*,*,#13752,.F.);
#14836 = ORIENTED_EDGE('',*,*,#14837,.T.);
#14837 = EDGE_CURVE('',#13725,#13616,#14838,.T.);
#14838 = SURFACE_CURVE('',#14839,(#14843,#14850),.PCURVE_S1.);
#14839 = LINE('',#14840,#14841);
#14840 = CARTESIAN_POINT('',(36.2,42.2,9.));
#14841 = VECTOR('',#14842,1.);
#14842 = DIRECTION('',(0.,1.,0.));
#14843 = PCURVE('',#12908,#14844);
#14844 = DEFINITIONAL_REPRESENTATION('',(#14845),#14849);
#14845 = LINE('',#14846,#14847);
#14846 = CARTESIAN_POINT('',(0.5,0.));
#14847 = VECTOR('',#14848,1.);
#14848 = DIRECTION('',(0.,-1.));
#14849 = ( GEOMETRIC_REPRESENTATION_CONTEXT(2) 
PARAMETRIC_REPRESENTATION_CONTEXT() REPRESENTATION_CONTEXT('2D SPACE',''
  ) );
#14850 = PCURVE('',#14851,#14856);
#14851 = PLANE('',#14852);
#14852 = AXIS2_PLACEMENT_3D('',#14853,#14854,#14855);
#14853 = CARTESIAN_POINT('',(36.45,42.2,8.75));
#14854 = DIRECTION('',(-0.707106781187,0.,-0.707106781187));
#14855 = DIRECTION('',(0.,1.,0.));
#14856 = DEFINITIONAL_REPRESENTATION('',(#14857),#14861);
#14857 = LINE('',#14858,#14859);
#14858 = CARTESIAN_POINT('',(0.,-0.353553390593));
#14859 = VECTOR('',#14860,1.);
#14860 = DIRECTION('',(1.,0.));
#14861 = ( GEOMETRIC_REPRESENTATION_CONTEXT(2) 
PARAMETRIC_REPRESENTATION_CONTEXT() REPRESENTATION_CONTEXT('2D SPACE',''
  ) );
#14862 = ORIENTED_EDGE('',*,*,#13643,.T.);
#14863 = ORIENTED_EDGE('',*,*,#12893,.F.);
#14864 = ADVANCED_FACE('',(#14865),#12841,.F.);
#14865 = FACE_BOUND('',#14866,.F.);
#14866 = EDGE_LOOP('',(#14867,#14868,#14894,#14895));
#14867 = ORIENTED_EDGE('',*,*,#13938,.F.);
#14868 = ORIENTED_EDGE('',*,*,#14869,.T.);
#14869 = EDGE_CURVE('',#13911,#13802,#14870,.T.);
#14870 = SURFACE_CURVE('',#14871,(#14875,#14882),.PCURVE_S1.);
#14871 = LINE('',#14872,#14873);
#14872 = CARTESIAN_POINT('',(36.2,-57.2,9.));
#14873 = VECTOR('',#14874,1.);
#14874 = DIRECTION('',(0.,1.,0.));
#14875 = PCURVE('',#12841,#14876);
#14876 = DEFINITIONAL_REPRESENTATION('',(#14877),#14881);
#14877 = LINE('',#14878,#14879);
#14878 = CARTESIAN_POINT('',(0.5,0.));
#14879 = VECTOR('',#14880,1.);
#14880 = DIRECTION('',(0.,-1.));
#14881 = ( GEOMETRIC_REPRESENTATION_CONTEXT(2) 
PARAMETRIC_REPRESENTATION_CONTEXT() REPRESENTATION_CONTEXT('2D SPACE',''
  ) );
#14882 = PCURVE('',#14883,#14888);
#14883 = PLANE('',#14884);
#14884 = AXIS2_PLACEMENT_3D('',#14885,#14886,#14887);
#14885 = CARTESIAN_POINT('',(36.45,-57.2,8.75));
#14886 = DIRECTION('',(-0.707106781187,0.,-0.707106781187));
#14887 = DIRECTION('',(0.,1.,0.));
#14888 = DEFINITIONAL_REPRESENTATION('',(#14889),#14893);
#14889 = LINE('',#14890,#14891);
#14890 = CARTESIAN_POINT('',(0.,-0.353553390593));
#14891 = VECTOR('',#14892,1.);
#14892 = DIRECTION('',(1.,0.));
#14893 = ( GEOMETRIC_REPRESENTATION_CONTEXT(2) 
PARAMETRIC_REPRESENTATION_CONTEXT() REPRESENTATION_CONTEXT('2D SPACE',''
  ) );
#14894 = ORIENTED_EDGE('',*,*,#13829,.T.);
#14895 = ORIENTED_EDGE('',*,*,#12826,.F.);
#14896 = ADVANCED_FACE('',(#14897),#12773,.T.);
#14897 = FACE_BOUND('',#14898,.T.);
#14898 = EDGE_LOOP('',(#14899,#14900,#14926,#14927));
#14899 = ORIENTED_EDGE('',*,*,#14015,.F.);
#14900 = ORIENTED_EDGE('',*,*,#14901,.F.);
#14901 = EDGE_CURVE('',#14097,#13988,#14902,.T.);
#14902 = SURFACE_CURVE('',#14903,(#14907,#14914),.PCURVE_S1.);
#14903 = LINE('',#14904,#14905);
#14904 = CARTESIAN_POINT('',(9.7,-68.7,9.));
#14905 = VECTOR('',#14906,1.);
#14906 = DIRECTION('',(1.,0.,0.));
#14907 = PCURVE('',#12773,#14908);
#14908 = DEFINITIONAL_REPRESENTATION('',(#14909),#14913);
#14909 = LINE('',#14910,#14911);
#14910 = CARTESIAN_POINT('',(0.5,0.));
#14911 = VECTOR('',#14912,1.);
#14912 = DIRECTION('',(0.,1.));
#14913 = ( GEOMETRIC_REPRESENTATION_CONTEXT(2) 
PARAMETRIC_REPRESENTATION_CONTEXT() REPRESENTATION_CONTEXT('2D SPACE',''
  ) );
#14914 = PCURVE('',#14915,#14920);
#14915 = PLANE('',#14916);
#14916 = AXIS2_PLACEMENT_3D('',#14917,#14918,#14919);
#14917 = CARTESIAN_POINT('',(9.7,-68.95,8.75));
#14918 = DIRECTION('',(0.,-0.707106781187,0.707106781187));
#14919 = DIRECTION('',(-1.,-0.,-0.));
#14920 = DEFINITIONAL_REPRESENTATION('',(#14921),#14925);
#14921 = LINE('',#14922,#14923);
#14922 = CARTESIAN_POINT('',(-0.,-0.353553390593));
#14923 = VECTOR('',#14924,1.);
#14924 = DIRECTION('',(-1.,0.));
#14925 = ( GEOMETRIC_REPRESENTATION_CONTEXT(2) 
PARAMETRIC_REPRESENTATION_CONTEXT() REPRESENTATION_CONTEXT('2D SPACE',''
  ) );
#14926 = ORIENTED_EDGE('',*,*,#14124,.T.);
#14927 = ORIENTED_EDGE('',*,*,#12758,.F.);
#14928 = ADVANCED_FACE('',(#14929),#12706,.T.);
#14929 = FACE_BOUND('',#14930,.T.);
#14930 = EDGE_LOOP('',(#14931,#14932,#14958,#14959));
#14931 = ORIENTED_EDGE('',*,*,#14201,.F.);
#14932 = ORIENTED_EDGE('',*,*,#14933,.F.);
#14933 = EDGE_CURVE('',#14283,#14174,#14934,.T.);
#14934 = SURFACE_CURVE('',#14935,(#14939,#14946),.PCURVE_S1.);
#14935 = LINE('',#14936,#14937);
#14936 = CARTESIAN_POINT('',(-24.7,-68.7,9.));
#14937 = VECTOR('',#14938,1.);
#14938 = DIRECTION('',(1.,0.,0.));
#14939 = PCURVE('',#12706,#14940);
#14940 = DEFINITIONAL_REPRESENTATION('',(#14941),#14945);
#14941 = LINE('',#14942,#14943);
#14942 = CARTESIAN_POINT('',(0.5,0.));
#14943 = VECTOR('',#14944,1.);
#14944 = DIRECTION('',(0.,1.));
#14945 = ( GEOMETRIC_REPRESENTATION_CONTEXT(2) 
PARAMETRIC_REPRESENTATION_CONTEXT() REPRESENTATION_CONTEXT('2D SPACE',''
  ) );
#14946 = PCURVE('',#14947,#14952);
#14947 = PLANE('',#14948);
#14948 = AXIS2_PLACEMENT_3D('',#14949,#14950,#14951);
#14949 = CARTESIAN_POINT('',(-24.7,-68.95,8.75));
#14950 = DIRECTION('',(0.,-0.707106781187,0.707106781187));
#14951 = DIRECTION('',(-1.,-0.,-0.));
#14952 = DEFINITIONAL_REPRESENTATION('',(#14953),#14957);
#14953 = LINE('',#14954,#14955);
#14954 = CARTESIAN_POINT('',(-0.,-0.353553390593));
#14955 = VECTOR('',#14956,1.);
#14956 = DIRECTION('',(-1.,0.));
#14957 = ( GEOMETRIC_REPRESENTATION_CONTEXT(2) 
PARAMETRIC_REPRESENTATION_CONTEXT() REPRESENTATION_CONTEXT('2D SPACE',''
  ) );
#14958 = ORIENTED_EDGE('',*,*,#14310,.T.);
#14959 = ORIENTED_EDGE('',*,*,#12691,.F.);
#14960 = ADVANCED_FACE('',(#14961),#13259,.F.);
#14961 = FACE_BOUND('',#14962,.F.);
#14962 = EDGE_LOOP('',(#14963,#14986,#14987,#15010));
#14963 = ORIENTED_EDGE('',*,*,#14964,.F.);
#14964 = EDGE_CURVE('',#13221,#14965,#14967,.T.);
#14965 = VERTEX_POINT('',#14966);
#14966 = CARTESIAN_POINT('',(24.2,69.2,8.5));
#14967 = SURFACE_CURVE('',#14968,(#14972,#14979),.PCURVE_S1.);
#14968 = LINE('',#14969,#14970);
#14969 = CARTESIAN_POINT('',(22.033333333333,71.366666666667,
    6.333333333333));
#14970 = VECTOR('',#14971,1.);
#14971 = DIRECTION('',(-0.57735026919,0.57735026919,-0.57735026919));
#14972 = PCURVE('',#13259,#14973);
#14973 = DEFINITIONAL_REPRESENTATION('',(#14974),#14978);
#14974 = LINE('',#14975,#14976);
#14975 = CARTESIAN_POINT('',(2.666666666667,3.417682775735));
#14976 = VECTOR('',#14977,1.);
#14977 = DIRECTION('',(0.57735026919,0.816496580928));
#14978 = ( GEOMETRIC_REPRESENTATION_CONTEXT(2) 
PARAMETRIC_REPRESENTATION_CONTEXT() REPRESENTATION_CONTEXT('2D SPACE',''
  ) );
#14979 = PCURVE('',#14819,#14980);
#14980 = DEFINITIONAL_REPRESENTATION('',(#14981),#14985);
#14981 = LINE('',#14982,#14983);
#14982 = CARTESIAN_POINT('',(-12.33333333333,3.417682775735));
#14983 = VECTOR('',#14984,1.);
#14984 = DIRECTION('',(0.57735026919,0.816496580928));
#14985 = ( GEOMETRIC_REPRESENTATION_CONTEXT(2) 
PARAMETRIC_REPRESENTATION_CONTEXT() REPRESENTATION_CONTEXT('2D SPACE',''
  ) );
#14986 = ORIENTED_EDGE('',*,*,#13243,.T.);
#14987 = ORIENTED_EDGE('',*,*,#14988,.T.);
#14988 = EDGE_CURVE('',#13244,#14989,#14991,.T.);
#14989 = VERTEX_POINT('',#14990);
#14990 = CARTESIAN_POINT('',(24.2,69.7,8.5));
#14991 = SURFACE_CURVE('',#14992,(#14996,#15003),.PCURVE_S1.);
#14992 = LINE('',#14993,#14994);
#14993 = CARTESIAN_POINT('',(21.783333333333,67.283333333333,
    6.083333333333));
#14994 = VECTOR('',#14995,1.);
#14995 = DIRECTION('',(-0.57735026919,-0.57735026919,-0.57735026919));
#14996 = PCURVE('',#13259,#14997);
#14997 = DEFINITIONAL_REPRESENTATION('',(#14998),#15002);
#14998 = LINE('',#14999,#15000);
#14999 = CARTESIAN_POINT('',(-1.416666666667,3.771236166328));
#15000 = VECTOR('',#15001,1.);
#15001 = DIRECTION('',(-0.57735026919,0.816496580928));
#15002 = ( GEOMETRIC_REPRESENTATION_CONTEXT(2) 
PARAMETRIC_REPRESENTATION_CONTEXT() REPRESENTATION_CONTEXT('2D SPACE',''
  ) );
#15003 = PCURVE('',#13314,#15004);
#15004 = DEFINITIONAL_REPRESENTATION('',(#15005),#15009);
#15005 = LINE('',#15006,#15007);
#15006 = CARTESIAN_POINT('',(-12.08333333333,3.771236166328));
#15007 = VECTOR('',#15008,1.);
#15008 = DIRECTION('',(0.57735026919,0.816496580928));
#15009 = ( GEOMETRIC_REPRESENTATION_CONTEXT(2) 
PARAMETRIC_REPRESENTATION_CONTEXT() REPRESENTATION_CONTEXT('2D SPACE',''
  ) );
#15010 = ORIENTED_EDGE('',*,*,#15011,.F.);
#15011 = EDGE_CURVE('',#14965,#14989,#15012,.T.);
#15012 = SURFACE_CURVE('',#15013,(#15017,#15024),.PCURVE_S1.);
#15013 = LINE('',#15014,#15015);
#15014 = CARTESIAN_POINT('',(24.2,68.7,8.5));
#15015 = VECTOR('',#15016,1.);
#15016 = DIRECTION('',(0.,1.,0.));
#15017 = PCURVE('',#13259,#15018);
#15018 = DEFINITIONAL_REPRESENTATION('',(#15019),#15023);
#15019 = LINE('',#15020,#15021);
#15020 = CARTESIAN_POINT('',(0.,0.353553390593));
#15021 = VECTOR('',#15022,1.);
#15022 = DIRECTION('',(1.,0.));
#15023 = ( GEOMETRIC_REPRESENTATION_CONTEXT(2) 
PARAMETRIC_REPRESENTATION_CONTEXT() REPRESENTATION_CONTEXT('2D SPACE',''
  ) );
#15024 = PCURVE('',#15025,#15030);
#15025 = PLANE('',#15026);
#15026 = AXIS2_PLACEMENT_3D('',#15027,#15028,#15029);
#15027 = CARTESIAN_POINT('',(9.7,68.7,8.5));
#15028 = DIRECTION('',(0.,0.,1.));
#15029 = DIRECTION('',(1.,0.,0.));
#15030 = DEFINITIONAL_REPRESENTATION('',(#15031),#15035);
#15031 = LINE('',#15032,#15033);
#15032 = CARTESIAN_POINT('',(14.5,0.));
#15033 = VECTOR('',#15034,1.);
#15034 = DIRECTION('',(0.,1.));
#15035 = ( GEOMETRIC_REPRESENTATION_CONTEXT(2) 
PARAMETRIC_REPRESENTATION_CONTEXT() REPRESENTATION_CONTEXT('2D SPACE',''
  ) );
#15036 = ADVANCED_FACE('',(#15037),#13314,.F.);
#15037 = FACE_BOUND('',#15038,.T.);
#15038 = EDGE_LOOP('',(#15039,#15062,#15063,#15064));
#15039 = ORIENTED_EDGE('',*,*,#15040,.F.);
#15040 = EDGE_CURVE('',#13299,#15041,#15043,.T.);
#15041 = VERTEX_POINT('',#15042);
#15042 = CARTESIAN_POINT('',(10.2,69.7,8.5));
#15043 = SURFACE_CURVE('',#15044,(#15048,#15055),.PCURVE_S1.);
#15044 = LINE('',#15045,#15046);
#15045 = CARTESIAN_POINT('',(10.116666666667,69.783333333333,
    8.583333333333));
#15046 = VECTOR('',#15047,1.);
#15047 = DIRECTION('',(0.57735026919,-0.57735026919,-0.57735026919));
#15048 = PCURVE('',#13314,#15049);
#15049 = DEFINITIONAL_REPRESENTATION('',(#15050),#15054);
#15050 = LINE('',#15051,#15052);
#15051 = CARTESIAN_POINT('',(-0.416666666667,0.235702260396));
#15052 = VECTOR('',#15053,1.);
#15053 = DIRECTION('',(-0.57735026919,0.816496580928));
#15054 = ( GEOMETRIC_REPRESENTATION_CONTEXT(2) 
PARAMETRIC_REPRESENTATION_CONTEXT() REPRESENTATION_CONTEXT('2D SPACE',''
  ) );
#15055 = PCURVE('',#13388,#15056);
#15056 = DEFINITIONAL_REPRESENTATION('',(#15057),#15061);
#15057 = LINE('',#15058,#15059);
#15058 = CARTESIAN_POINT('',(1.083333333333,0.235702260396));
#15059 = VECTOR('',#15060,1.);
#15060 = DIRECTION('',(-0.57735026919,0.816496580928));
#15061 = ( GEOMETRIC_REPRESENTATION_CONTEXT(2) 
PARAMETRIC_REPRESENTATION_CONTEXT() REPRESENTATION_CONTEXT('2D SPACE',''
  ) );
#15062 = ORIENTED_EDGE('',*,*,#13298,.T.);
#15063 = ORIENTED_EDGE('',*,*,#14988,.T.);
#15064 = ORIENTED_EDGE('',*,*,#15065,.F.);
#15065 = EDGE_CURVE('',#15041,#14989,#15066,.T.);
#15066 = SURFACE_CURVE('',#15067,(#15071,#15078),.PCURVE_S1.);
#15067 = LINE('',#15068,#15069);
#15068 = CARTESIAN_POINT('',(9.7,69.7,8.5));
#15069 = VECTOR('',#15070,1.);
#15070 = DIRECTION('',(1.,0.,0.));
#15071 = PCURVE('',#13314,#15072);
#15072 = DEFINITIONAL_REPRESENTATION('',(#15073),#15077);
#15073 = LINE('',#15074,#15075);
#15074 = CARTESIAN_POINT('',(-0.,0.353553390593));
#15075 = VECTOR('',#15076,1.);
#15076 = DIRECTION('',(-1.,0.));
#15077 = ( GEOMETRIC_REPRESENTATION_CONTEXT(2) 
PARAMETRIC_REPRESENTATION_CONTEXT() REPRESENTATION_CONTEXT('2D SPACE',''
  ) );
#15078 = PCURVE('',#15025,#15079);
#15079 = DEFINITIONAL_REPRESENTATION('',(#15080),#15084);
#15080 = LINE('',#15081,#15082);
#15081 = CARTESIAN_POINT('',(0.,1.));
#15082 = VECTOR('',#15083,1.);
#15083 = DIRECTION('',(1.,0.));
#15084 = ( GEOMETRIC_REPRESENTATION_CONTEXT(2) 
PARAMETRIC_REPRESENTATION_CONTEXT() REPRESENTATION_CONTEXT('2D SPACE',''
  ) );
#15085 = ADVANCED_FACE('',(#15086),#13388,.T.);
#15086 = FACE_BOUND('',#15087,.T.);
#15087 = EDGE_LOOP('',(#15088,#15111,#15112,#15113));
#15088 = ORIENTED_EDGE('',*,*,#15089,.F.);
#15089 = EDGE_CURVE('',#13352,#15090,#15092,.T.);
#15090 = VERTEX_POINT('',#15091);
#15091 = CARTESIAN_POINT('',(10.2,69.2,8.5));
#15092 = SURFACE_CURVE('',#15093,(#15097,#15104),.PCURVE_S1.);
#15093 = LINE('',#15094,#15095);
#15094 = CARTESIAN_POINT('',(9.866666666667,68.866666666667,
    8.833333333333));
#15095 = VECTOR('',#15096,1.);
#15096 = DIRECTION('',(0.57735026919,0.57735026919,-0.57735026919));
#15097 = PCURVE('',#13388,#15098);
#15098 = DEFINITIONAL_REPRESENTATION('',(#15099),#15103);
#15099 = LINE('',#15100,#15101);
#15100 = CARTESIAN_POINT('',(0.166666666667,-0.117851130198));
#15101 = VECTOR('',#15102,1.);
#15102 = DIRECTION('',(0.57735026919,0.816496580928));
#15103 = ( GEOMETRIC_REPRESENTATION_CONTEXT(2) 
PARAMETRIC_REPRESENTATION_CONTEXT() REPRESENTATION_CONTEXT('2D SPACE',''
  ) );
#15104 = PCURVE('',#14819,#15105);
#15105 = DEFINITIONAL_REPRESENTATION('',(#15106),#15110);
#15106 = LINE('',#15107,#15108);
#15107 = CARTESIAN_POINT('',(-0.166666666667,-0.117851130198));
#15108 = VECTOR('',#15109,1.);
#15109 = DIRECTION('',(-0.57735026919,0.816496580928));
#15110 = ( GEOMETRIC_REPRESENTATION_CONTEXT(2) 
PARAMETRIC_REPRESENTATION_CONTEXT() REPRESENTATION_CONTEXT('2D SPACE',''
  ) );
#15111 = ORIENTED_EDGE('',*,*,#13374,.T.);
#15112 = ORIENTED_EDGE('',*,*,#15040,.T.);
#15113 = ORIENTED_EDGE('',*,*,#15114,.F.);
#15114 = EDGE_CURVE('',#15090,#15041,#15115,.T.);
#15115 = SURFACE_CURVE('',#15116,(#15120,#15127),.PCURVE_S1.);
#15116 = LINE('',#15117,#15118);
#15117 = CARTESIAN_POINT('',(10.2,68.7,8.5));
#15118 = VECTOR('',#15119,1.);
#15119 = DIRECTION('',(0.,1.,0.));
#15120 = PCURVE('',#13388,#15121);
#15121 = DEFINITIONAL_REPRESENTATION('',(#15122),#15126);
#15122 = LINE('',#15123,#15124);
#15123 = CARTESIAN_POINT('',(0.,0.353553390593));
#15124 = VECTOR('',#15125,1.);
#15125 = DIRECTION('',(1.,0.));
#15126 = ( GEOMETRIC_REPRESENTATION_CONTEXT(2) 
PARAMETRIC_REPRESENTATION_CONTEXT() REPRESENTATION_CONTEXT('2D SPACE',''
  ) );
#15127 = PCURVE('',#15025,#15128);
#15128 = DEFINITIONAL_REPRESENTATION('',(#15129),#15133);
#15129 = LINE('',#15130,#15131);
#15130 = CARTESIAN_POINT('',(0.5,0.));
#15131 = VECTOR('',#15132,1.);
#15132 = DIRECTION('',(0.,1.));
#15133 = ( GEOMETRIC_REPRESENTATION_CONTEXT(2) 
PARAMETRIC_REPRESENTATION_CONTEXT() REPRESENTATION_CONTEXT('2D SPACE',''
  ) );
#15134 = ADVANCED_FACE('',(#15135),#13445,.F.);
#15135 = FACE_BOUND('',#15136,.F.);
#15136 = EDGE_LOOP('',(#15137,#15160,#15161,#15184));
#15137 = ORIENTED_EDGE('',*,*,#15138,.F.);
#15138 = EDGE_CURVE('',#13407,#15139,#15141,.T.);
#15139 = VERTEX_POINT('',#15140);
#15140 = CARTESIAN_POINT('',(-10.2,69.2,8.5));
#15141 = SURFACE_CURVE('',#15142,(#15146,#15153),.PCURVE_S1.);
#15142 = LINE('',#15143,#15144);
#15143 = CARTESIAN_POINT('',(-12.36666666666,71.366666666667,
    6.333333333333));
#15144 = VECTOR('',#15145,1.);
#15145 = DIRECTION('',(-0.57735026919,0.57735026919,-0.57735026919));
#15146 = PCURVE('',#13445,#15147);
#15147 = DEFINITIONAL_REPRESENTATION('',(#15148),#15152);
#15148 = LINE('',#15149,#15150);
#15149 = CARTESIAN_POINT('',(2.666666666667,3.417682775735));
#15150 = VECTOR('',#15151,1.);
#15151 = DIRECTION('',(0.57735026919,0.816496580928));
#15152 = ( GEOMETRIC_REPRESENTATION_CONTEXT(2) 
PARAMETRIC_REPRESENTATION_CONTEXT() REPRESENTATION_CONTEXT('2D SPACE',''
  ) );
#15153 = PCURVE('',#14787,#15154);
#15154 = DEFINITIONAL_REPRESENTATION('',(#15155),#15159);
#15155 = LINE('',#15156,#15157);
#15156 = CARTESIAN_POINT('',(-12.33333333333,3.417682775735));
#15157 = VECTOR('',#15158,1.);
#15158 = DIRECTION('',(0.57735026919,0.816496580928));
#15159 = ( GEOMETRIC_REPRESENTATION_CONTEXT(2) 
PARAMETRIC_REPRESENTATION_CONTEXT() REPRESENTATION_CONTEXT('2D SPACE',''
  ) );
#15160 = ORIENTED_EDGE('',*,*,#13429,.T.);
#15161 = ORIENTED_EDGE('',*,*,#15162,.T.);
#15162 = EDGE_CURVE('',#13430,#15163,#15165,.T.);
#15163 = VERTEX_POINT('',#15164);
#15164 = CARTESIAN_POINT('',(-10.2,69.7,8.5));
#15165 = SURFACE_CURVE('',#15166,(#15170,#15177),.PCURVE_S1.);
#15166 = LINE('',#15167,#15168);
#15167 = CARTESIAN_POINT('',(-12.61666666666,67.283333333333,
    6.083333333333));
#15168 = VECTOR('',#15169,1.);
#15169 = DIRECTION('',(-0.57735026919,-0.57735026919,-0.57735026919));
#15170 = PCURVE('',#13445,#15171);
#15171 = DEFINITIONAL_REPRESENTATION('',(#15172),#15176);
#15172 = LINE('',#15173,#15174);
#15173 = CARTESIAN_POINT('',(-1.416666666667,3.771236166328));
#15174 = VECTOR('',#15175,1.);
#15175 = DIRECTION('',(-0.57735026919,0.816496580928));
#15176 = ( GEOMETRIC_REPRESENTATION_CONTEXT(2) 
PARAMETRIC_REPRESENTATION_CONTEXT() REPRESENTATION_CONTEXT('2D SPACE',''
  ) );
#15177 = PCURVE('',#13500,#15178);
#15178 = DEFINITIONAL_REPRESENTATION('',(#15179),#15183);
#15179 = LINE('',#15180,#15181);
#15180 = CARTESIAN_POINT('',(-12.08333333333,3.771236166328));
#15181 = VECTOR('',#15182,1.);
#15182 = DIRECTION('',(0.57735026919,0.816496580928));
#15183 = ( GEOMETRIC_REPRESENTATION_CONTEXT(2) 
PARAMETRIC_REPRESENTATION_CONTEXT() REPRESENTATION_CONTEXT('2D SPACE',''
  ) );
#15184 = ORIENTED_EDGE('',*,*,#15185,.F.);
#15185 = EDGE_CURVE('',#15139,#15163,#15186,.T.);
#15186 = SURFACE_CURVE('',#15187,(#15191,#15198),.PCURVE_S1.);
#15187 = LINE('',#15188,#15189);
#15188 = CARTESIAN_POINT('',(-10.2,68.7,8.5));
#15189 = VECTOR('',#15190,1.);
#15190 = DIRECTION('',(0.,1.,0.));
#15191 = PCURVE('',#13445,#15192);
#15192 = DEFINITIONAL_REPRESENTATION('',(#15193),#15197);
#15193 = LINE('',#15194,#15195);
#15194 = CARTESIAN_POINT('',(0.,0.353553390593));
#15195 = VECTOR('',#15196,1.);
#15196 = DIRECTION('',(1.,0.));
#15197 = ( GEOMETRIC_REPRESENTATION_CONTEXT(2) 
PARAMETRIC_REPRESENTATION_CONTEXT() REPRESENTATION_CONTEXT('2D SPACE',''
  ) );
#15198 = PCURVE('',#15199,#15204);
#15199 = PLANE('',#15200);
#15200 = AXIS2_PLACEMENT_3D('',#15201,#15202,#15203);
#15201 = CARTESIAN_POINT('',(-24.7,68.7,8.5));
#15202 = DIRECTION('',(0.,0.,1.));
#15203 = DIRECTION('',(1.,0.,0.));
#15204 = DEFINITIONAL_REPRESENTATION('',(#15205),#15209);
#15205 = LINE('',#15206,#15207);
#15206 = CARTESIAN_POINT('',(14.5,0.));
#15207 = VECTOR('',#15208,1.);
#15208 = DIRECTION('',(0.,1.));
#15209 = ( GEOMETRIC_REPRESENTATION_CONTEXT(2) 
PARAMETRIC_REPRESENTATION_CONTEXT() REPRESENTATION_CONTEXT('2D SPACE',''
  ) );
#15210 = ADVANCED_FACE('',(#15211),#13500,.F.);
#15211 = FACE_BOUND('',#15212,.T.);
#15212 = EDGE_LOOP('',(#15213,#15236,#15237,#15238));
#15213 = ORIENTED_EDGE('',*,*,#15214,.F.);
#15214 = EDGE_CURVE('',#13485,#15215,#15217,.T.);
#15215 = VERTEX_POINT('',#15216);
#15216 = CARTESIAN_POINT('',(-24.2,69.7,8.5));
#15217 = SURFACE_CURVE('',#15218,(#15222,#15229),.PCURVE_S1.);
#15218 = LINE('',#15219,#15220);
#15219 = CARTESIAN_POINT('',(-24.28333333333,69.783333333333,
    8.583333333333));
#15220 = VECTOR('',#15221,1.);
#15221 = DIRECTION('',(0.57735026919,-0.57735026919,-0.57735026919));
#15222 = PCURVE('',#13500,#15223);
#15223 = DEFINITIONAL_REPRESENTATION('',(#15224),#15228);
#15224 = LINE('',#15225,#15226);
#15225 = CARTESIAN_POINT('',(-0.416666666667,0.235702260396));
#15226 = VECTOR('',#15227,1.);
#15227 = DIRECTION('',(-0.57735026919,0.816496580928));
#15228 = ( GEOMETRIC_REPRESENTATION_CONTEXT(2) 
PARAMETRIC_REPRESENTATION_CONTEXT() REPRESENTATION_CONTEXT('2D SPACE',''
  ) );
#15229 = PCURVE('',#13574,#15230);
#15230 = DEFINITIONAL_REPRESENTATION('',(#15231),#15235);
#15231 = LINE('',#15232,#15233);
#15232 = CARTESIAN_POINT('',(1.083333333333,0.235702260396));
#15233 = VECTOR('',#15234,1.);
#15234 = DIRECTION('',(-0.57735026919,0.816496580928));
#15235 = ( GEOMETRIC_REPRESENTATION_CONTEXT(2) 
PARAMETRIC_REPRESENTATION_CONTEXT() REPRESENTATION_CONTEXT('2D SPACE',''
  ) );
#15236 = ORIENTED_EDGE('',*,*,#13484,.T.);
#15237 = ORIENTED_EDGE('',*,*,#15162,.T.);
#15238 = ORIENTED_EDGE('',*,*,#15239,.F.);
#15239 = EDGE_CURVE('',#15215,#15163,#15240,.T.);
#15240 = SURFACE_CURVE('',#15241,(#15245,#15252),.PCURVE_S1.);
#15241 = LINE('',#15242,#15243);
#15242 = CARTESIAN_POINT('',(-24.7,69.7,8.5));
#15243 = VECTOR('',#15244,1.);
#15244 = DIRECTION('',(1.,0.,0.));
#15245 = PCURVE('',#13500,#15246);
#15246 = DEFINITIONAL_REPRESENTATION('',(#15247),#15251);
#15247 = LINE('',#15248,#15249);
#15248 = CARTESIAN_POINT('',(-0.,0.353553390593));
#15249 = VECTOR('',#15250,1.);
#15250 = DIRECTION('',(-1.,0.));
#15251 = ( GEOMETRIC_REPRESENTATION_CONTEXT(2) 
PARAMETRIC_REPRESENTATION_CONTEXT() REPRESENTATION_CONTEXT('2D SPACE',''
  ) );
#15252 = PCURVE('',#15199,#15253);
#15253 = DEFINITIONAL_REPRESENTATION('',(#15254),#15258);
#15254 = LINE('',#15255,#15256);
#15255 = CARTESIAN_POINT('',(0.,1.));
#15256 = VECTOR('',#15257,1.);
#15257 = DIRECTION('',(1.,0.));
#15258 = ( GEOMETRIC_REPRESENTATION_CONTEXT(2) 
PARAMETRIC_REPRESENTATION_CONTEXT() REPRESENTATION_CONTEXT('2D SPACE',''
  ) );
#15259 = ADVANCED_FACE('',(#15260),#13574,.T.);
#15260 = FACE_BOUND('',#15261,.T.);
#15261 = EDGE_LOOP('',(#15262,#15285,#15286,#15287));
#15262 = ORIENTED_EDGE('',*,*,#15263,.F.);
#15263 = EDGE_CURVE('',#13538,#15264,#15266,.T.);
#15264 = VERTEX_POINT('',#15265);
#15265 = CARTESIAN_POINT('',(-24.2,69.2,8.5));
#15266 = SURFACE_CURVE('',#15267,(#15271,#15278),.PCURVE_S1.);
#15267 = LINE('',#15268,#15269);
#15268 = CARTESIAN_POINT('',(-24.53333333333,68.866666666667,
    8.833333333333));
#15269 = VECTOR('',#15270,1.);
#15270 = DIRECTION('',(0.57735026919,0.57735026919,-0.57735026919));
#15271 = PCURVE('',#13574,#15272);
#15272 = DEFINITIONAL_REPRESENTATION('',(#15273),#15277);
#15273 = LINE('',#15274,#15275);
#15274 = CARTESIAN_POINT('',(0.166666666667,-0.117851130198));
#15275 = VECTOR('',#15276,1.);
#15276 = DIRECTION('',(0.57735026919,0.816496580928));
#15277 = ( GEOMETRIC_REPRESENTATION_CONTEXT(2) 
PARAMETRIC_REPRESENTATION_CONTEXT() REPRESENTATION_CONTEXT('2D SPACE',''
  ) );
#15278 = PCURVE('',#14787,#15279);
#15279 = DEFINITIONAL_REPRESENTATION('',(#15280),#15284);
#15280 = LINE('',#15281,#15282);
#15281 = CARTESIAN_POINT('',(-0.166666666667,-0.117851130198));
#15282 = VECTOR('',#15283,1.);
#15283 = DIRECTION('',(-0.57735026919,0.816496580928));
#15284 = ( GEOMETRIC_REPRESENTATION_CONTEXT(2) 
PARAMETRIC_REPRESENTATION_CONTEXT() REPRESENTATION_CONTEXT('2D SPACE',''
  ) );
#15285 = ORIENTED_EDGE('',*,*,#13560,.T.);
#15286 = ORIENTED_EDGE('',*,*,#15214,.T.);
#15287 = ORIENTED_EDGE('',*,*,#15288,.F.);
#15288 = EDGE_CURVE('',#15264,#15215,#15289,.T.);
#15289 = SURFACE_CURVE('',#15290,(#15294,#15301),.PCURVE_S1.);
#15290 = LINE('',#15291,#15292);
#15291 = CARTESIAN_POINT('',(-24.2,68.7,8.5));
#15292 = VECTOR('',#15293,1.);
#15293 = DIRECTION('',(0.,1.,0.));
#15294 = PCURVE('',#13574,#15295);
#15295 = DEFINITIONAL_REPRESENTATION('',(#15296),#15300);
#15296 = LINE('',#15297,#15298);
#15297 = CARTESIAN_POINT('',(0.,0.353553390593));
#15298 = VECTOR('',#15299,1.);
#15299 = DIRECTION('',(1.,0.));
#15300 = ( GEOMETRIC_REPRESENTATION_CONTEXT(2) 
PARAMETRIC_REPRESENTATION_CONTEXT() REPRESENTATION_CONTEXT('2D SPACE',''
  ) );
#15301 = PCURVE('',#15199,#15302);
#15302 = DEFINITIONAL_REPRESENTATION('',(#15303),#15307);
#15303 = LINE('',#15304,#15305);
#15304 = CARTESIAN_POINT('',(0.5,0.));
#15305 = VECTOR('',#15306,1.);
#15306 = DIRECTION('',(0.,1.));
#15307 = ( GEOMETRIC_REPRESENTATION_CONTEXT(2) 
PARAMETRIC_REPRESENTATION_CONTEXT() REPRESENTATION_CONTEXT('2D SPACE',''
  ) );
#15308 = ADVANCED_FACE('',(#15309),#13631,.F.);
#15309 = FACE_BOUND('',#15310,.T.);
#15310 = EDGE_LOOP('',(#15311,#15334,#15335,#15358));
#15311 = ORIENTED_EDGE('',*,*,#15312,.F.);
#15312 = EDGE_CURVE('',#13616,#15313,#15315,.T.);
#15313 = VERTEX_POINT('',#15314);
#15314 = CARTESIAN_POINT('',(36.7,56.7,8.5));
#15315 = SURFACE_CURVE('',#15316,(#15320,#15327),.PCURVE_S1.);
#15316 = LINE('',#15317,#15318);
#15317 = CARTESIAN_POINT('',(38.866666666667,54.533333333333,
    6.333333333333));
#15318 = VECTOR('',#15319,1.);
#15319 = DIRECTION('',(0.57735026919,-0.57735026919,-0.57735026919));
#15320 = PCURVE('',#13631,#15321);
#15321 = DEFINITIONAL_REPRESENTATION('',(#15322),#15326);
#15322 = LINE('',#15323,#15324);
#15323 = CARTESIAN_POINT('',(-2.666666666667,3.417682775735));
#15324 = VECTOR('',#15325,1.);
#15325 = DIRECTION('',(-0.57735026919,0.816496580928));
#15326 = ( GEOMETRIC_REPRESENTATION_CONTEXT(2) 
PARAMETRIC_REPRESENTATION_CONTEXT() REPRESENTATION_CONTEXT('2D SPACE',''
  ) );
#15327 = PCURVE('',#14851,#15328);
#15328 = DEFINITIONAL_REPRESENTATION('',(#15329),#15333);
#15329 = LINE('',#15330,#15331);
#15330 = CARTESIAN_POINT('',(12.333333333333,3.417682775735));
#15331 = VECTOR('',#15332,1.);
#15332 = DIRECTION('',(-0.57735026919,0.816496580928));
#15333 = ( GEOMETRIC_REPRESENTATION_CONTEXT(2) 
PARAMETRIC_REPRESENTATION_CONTEXT() REPRESENTATION_CONTEXT('2D SPACE',''
  ) );
#15334 = ORIENTED_EDGE('',*,*,#13615,.T.);
#15335 = ORIENTED_EDGE('',*,*,#15336,.T.);
#15336 = EDGE_CURVE('',#13593,#15337,#15339,.T.);
#15337 = VERTEX_POINT('',#15338);
#15338 = CARTESIAN_POINT('',(37.2,56.7,8.5));
#15339 = SURFACE_CURVE('',#15340,(#15344,#15351),.PCURVE_S1.);
#15340 = LINE('',#15341,#15342);
#15341 = CARTESIAN_POINT('',(34.783333333333,54.283333333333,
    6.083333333333));
#15342 = VECTOR('',#15343,1.);
#15343 = DIRECTION('',(-0.57735026919,-0.57735026919,-0.57735026919));
#15344 = PCURVE('',#13631,#15345);
#15345 = DEFINITIONAL_REPRESENTATION('',(#15346),#15350);
#15346 = LINE('',#15347,#15348);
#15347 = CARTESIAN_POINT('',(1.416666666667,3.771236166328));
#15348 = VECTOR('',#15349,1.);
#15349 = DIRECTION('',(0.57735026919,0.816496580928));
#15350 = ( GEOMETRIC_REPRESENTATION_CONTEXT(2) 
PARAMETRIC_REPRESENTATION_CONTEXT() REPRESENTATION_CONTEXT('2D SPACE',''
  ) );
#15351 = PCURVE('',#13706,#15352);
#15352 = DEFINITIONAL_REPRESENTATION('',(#15353),#15357);
#15353 = LINE('',#15354,#15355);
#15354 = CARTESIAN_POINT('',(12.083333333333,3.771236166328));
#15355 = VECTOR('',#15356,1.);
#15356 = DIRECTION('',(-0.57735026919,0.816496580928));
#15357 = ( GEOMETRIC_REPRESENTATION_CONTEXT(2) 
PARAMETRIC_REPRESENTATION_CONTEXT() REPRESENTATION_CONTEXT('2D SPACE',''
  ) );
#15358 = ORIENTED_EDGE('',*,*,#15359,.F.);
#15359 = EDGE_CURVE('',#15313,#15337,#15360,.T.);
#15360 = SURFACE_CURVE('',#15361,(#15365,#15372),.PCURVE_S1.);
#15361 = LINE('',#15362,#15363);
#15362 = CARTESIAN_POINT('',(36.2,56.7,8.5));
#15363 = VECTOR('',#15364,1.);
#15364 = DIRECTION('',(1.,0.,0.));
#15365 = PCURVE('',#13631,#15366);
#15366 = DEFINITIONAL_REPRESENTATION('',(#15367),#15371);
#15367 = LINE('',#15368,#15369);
#15368 = CARTESIAN_POINT('',(-0.,0.353553390593));
#15369 = VECTOR('',#15370,1.);
#15370 = DIRECTION('',(-1.,0.));
#15371 = ( GEOMETRIC_REPRESENTATION_CONTEXT(2) 
PARAMETRIC_REPRESENTATION_CONTEXT() REPRESENTATION_CONTEXT('2D SPACE',''
  ) );
#15372 = PCURVE('',#15373,#15378);
#15373 = PLANE('',#15374);
#15374 = AXIS2_PLACEMENT_3D('',#15375,#15376,#15377);
#15375 = CARTESIAN_POINT('',(36.2,42.2,8.5));
#15376 = DIRECTION('',(0.,0.,1.));
#15377 = DIRECTION('',(1.,0.,0.));
#15378 = DEFINITIONAL_REPRESENTATION('',(#15379),#15383);
#15379 = LINE('',#15380,#15381);
#15380 = CARTESIAN_POINT('',(0.,14.5));
#15381 = VECTOR('',#15382,1.);
#15382 = DIRECTION('',(1.,0.));
#15383 = ( GEOMETRIC_REPRESENTATION_CONTEXT(2) 
PARAMETRIC_REPRESENTATION_CONTEXT() REPRESENTATION_CONTEXT('2D SPACE',''
  ) );
#15384 = ADVANCED_FACE('',(#15385),#13706,.F.);
#15385 = FACE_BOUND('',#15386,.F.);
#15386 = EDGE_LOOP('',(#15387,#15410,#15411,#15412));
#15387 = ORIENTED_EDGE('',*,*,#15388,.F.);
#15388 = EDGE_CURVE('',#13670,#15389,#15391,.T.);
#15389 = VERTEX_POINT('',#15390);
#15390 = CARTESIAN_POINT('',(37.2,42.7,8.5));
#15391 = SURFACE_CURVE('',#15392,(#15396,#15403),.PCURVE_S1.);
#15392 = LINE('',#15393,#15394);
#15393 = CARTESIAN_POINT('',(37.283333333333,42.616666666667,
    8.583333333333));
#15394 = VECTOR('',#15395,1.);
#15395 = DIRECTION('',(-0.57735026919,0.57735026919,-0.57735026919));
#15396 = PCURVE('',#13706,#15397);
#15397 = DEFINITIONAL_REPRESENTATION('',(#15398),#15402);
#15398 = LINE('',#15399,#15400);
#15399 = CARTESIAN_POINT('',(0.416666666667,0.235702260396));
#15400 = VECTOR('',#15401,1.);
#15401 = DIRECTION('',(0.57735026919,0.816496580928));
#15402 = ( GEOMETRIC_REPRESENTATION_CONTEXT(2) 
PARAMETRIC_REPRESENTATION_CONTEXT() REPRESENTATION_CONTEXT('2D SPACE',''
  ) );
#15403 = PCURVE('',#13740,#15404);
#15404 = DEFINITIONAL_REPRESENTATION('',(#15405),#15409);
#15405 = LINE('',#15406,#15407);
#15406 = CARTESIAN_POINT('',(-1.083333333333,0.235702260396));
#15407 = VECTOR('',#15408,1.);
#15408 = DIRECTION('',(0.57735026919,0.816496580928));
#15409 = ( GEOMETRIC_REPRESENTATION_CONTEXT(2) 
PARAMETRIC_REPRESENTATION_CONTEXT() REPRESENTATION_CONTEXT('2D SPACE',''
  ) );
#15410 = ORIENTED_EDGE('',*,*,#13692,.T.);
#15411 = ORIENTED_EDGE('',*,*,#15336,.T.);
#15412 = ORIENTED_EDGE('',*,*,#15413,.F.);
#15413 = EDGE_CURVE('',#15389,#15337,#15414,.T.);
#15414 = SURFACE_CURVE('',#15415,(#15419,#15426),.PCURVE_S1.);
#15415 = LINE('',#15416,#15417);
#15416 = CARTESIAN_POINT('',(37.2,42.2,8.5));
#15417 = VECTOR('',#15418,1.);
#15418 = DIRECTION('',(0.,1.,0.));
#15419 = PCURVE('',#13706,#15420);
#15420 = DEFINITIONAL_REPRESENTATION('',(#15421),#15425);
#15421 = LINE('',#15422,#15423);
#15422 = CARTESIAN_POINT('',(0.,0.353553390593));
#15423 = VECTOR('',#15424,1.);
#15424 = DIRECTION('',(1.,0.));
#15425 = ( GEOMETRIC_REPRESENTATION_CONTEXT(2) 
PARAMETRIC_REPRESENTATION_CONTEXT() REPRESENTATION_CONTEXT('2D SPACE',''
  ) );
#15426 = PCURVE('',#15373,#15427);
#15427 = DEFINITIONAL_REPRESENTATION('',(#15428),#15432);
#15428 = LINE('',#15429,#15430);
#15429 = CARTESIAN_POINT('',(1.,0.));
#15430 = VECTOR('',#15431,1.);
#15431 = DIRECTION('',(0.,1.));
#15432 = ( GEOMETRIC_REPRESENTATION_CONTEXT(2) 
PARAMETRIC_REPRESENTATION_CONTEXT() REPRESENTATION_CONTEXT('2D SPACE',''
  ) );
#15433 = ADVANCED_FACE('',(#15434),#13740,.T.);
#15434 = FACE_BOUND('',#15435,.F.);
#15435 = EDGE_LOOP('',(#15436,#15459,#15460,#15461));
#15436 = ORIENTED_EDGE('',*,*,#15437,.F.);
#15437 = EDGE_CURVE('',#13725,#15438,#15440,.T.);
#15438 = VERTEX_POINT('',#15439);
#15439 = CARTESIAN_POINT('',(36.7,42.7,8.5));
#15440 = SURFACE_CURVE('',#15441,(#15445,#15452),.PCURVE_S1.);
#15441 = LINE('',#15442,#15443);
#15442 = CARTESIAN_POINT('',(36.366666666667,42.366666666667,
    8.833333333333));
#15443 = VECTOR('',#15444,1.);
#15444 = DIRECTION('',(0.57735026919,0.57735026919,-0.57735026919));
#15445 = PCURVE('',#13740,#15446);
#15446 = DEFINITIONAL_REPRESENTATION('',(#15447),#15451);
#15447 = LINE('',#15448,#15449);
#15448 = CARTESIAN_POINT('',(-0.166666666667,-0.117851130198));
#15449 = VECTOR('',#15450,1.);
#15450 = DIRECTION('',(-0.57735026919,0.816496580928));
#15451 = ( GEOMETRIC_REPRESENTATION_CONTEXT(2) 
PARAMETRIC_REPRESENTATION_CONTEXT() REPRESENTATION_CONTEXT('2D SPACE',''
  ) );
#15452 = PCURVE('',#14851,#15453);
#15453 = DEFINITIONAL_REPRESENTATION('',(#15454),#15458);
#15454 = LINE('',#15455,#15456);
#15455 = CARTESIAN_POINT('',(0.166666666667,-0.117851130198));
#15456 = VECTOR('',#15457,1.);
#15457 = DIRECTION('',(0.57735026919,0.816496580928));
#15458 = ( GEOMETRIC_REPRESENTATION_CONTEXT(2) 
PARAMETRIC_REPRESENTATION_CONTEXT() REPRESENTATION_CONTEXT('2D SPACE',''
  ) );
#15459 = ORIENTED_EDGE('',*,*,#13724,.T.);
#15460 = ORIENTED_EDGE('',*,*,#15388,.T.);
#15461 = ORIENTED_EDGE('',*,*,#15462,.F.);
#15462 = EDGE_CURVE('',#15438,#15389,#15463,.T.);
#15463 = SURFACE_CURVE('',#15464,(#15468,#15475),.PCURVE_S1.);
#15464 = LINE('',#15465,#15466);
#15465 = CARTESIAN_POINT('',(36.2,42.7,8.5));
#15466 = VECTOR('',#15467,1.);
#15467 = DIRECTION('',(1.,0.,0.));
#15468 = PCURVE('',#13740,#15469);
#15469 = DEFINITIONAL_REPRESENTATION('',(#15470),#15474);
#15470 = LINE('',#15471,#15472);
#15471 = CARTESIAN_POINT('',(-0.,0.353553390593));
#15472 = VECTOR('',#15473,1.);
#15473 = DIRECTION('',(-1.,0.));
#15474 = ( GEOMETRIC_REPRESENTATION_CONTEXT(2) 
PARAMETRIC_REPRESENTATION_CONTEXT() REPRESENTATION_CONTEXT('2D SPACE',''
  ) );
#15475 = PCURVE('',#15373,#15476);
#15476 = DEFINITIONAL_REPRESENTATION('',(#15477),#15481);
#15477 = LINE('',#15478,#15479);
#15478 = CARTESIAN_POINT('',(0.,0.5));
#15479 = VECTOR('',#15480,1.);
#15480 = DIRECTION('',(1.,0.));
#15481 = ( GEOMETRIC_REPRESENTATION_CONTEXT(2) 
PARAMETRIC_REPRESENTATION_CONTEXT() REPRESENTATION_CONTEXT('2D SPACE',''
  ) );
#15482 = ADVANCED_FACE('',(#15483),#13817,.F.);
#15483 = FACE_BOUND('',#15484,.T.);
#15484 = EDGE_LOOP('',(#15485,#15508,#15509,#15532));
#15485 = ORIENTED_EDGE('',*,*,#15486,.F.);
#15486 = EDGE_CURVE('',#13802,#15487,#15489,.T.);
#15487 = VERTEX_POINT('',#15488);
#15488 = CARTESIAN_POINT('',(36.7,-42.7,8.5));
#15489 = SURFACE_CURVE('',#15490,(#15494,#15501),.PCURVE_S1.);
#15490 = LINE('',#15491,#15492);
#15491 = CARTESIAN_POINT('',(38.866666666667,-44.86666666666,
    6.333333333333));
#15492 = VECTOR('',#15493,1.);
#15493 = DIRECTION('',(0.57735026919,-0.57735026919,-0.57735026919));
#15494 = PCURVE('',#13817,#15495);
#15495 = DEFINITIONAL_REPRESENTATION('',(#15496),#15500);
#15496 = LINE('',#15497,#15498);
#15497 = CARTESIAN_POINT('',(-2.666666666667,3.417682775735));
#15498 = VECTOR('',#15499,1.);
#15499 = DIRECTION('',(-0.57735026919,0.816496580928));
#15500 = ( GEOMETRIC_REPRESENTATION_CONTEXT(2) 
PARAMETRIC_REPRESENTATION_CONTEXT() REPRESENTATION_CONTEXT('2D SPACE',''
  ) );
#15501 = PCURVE('',#14883,#15502);
#15502 = DEFINITIONAL_REPRESENTATION('',(#15503),#15507);
#15503 = LINE('',#15504,#15505);
#15504 = CARTESIAN_POINT('',(12.333333333333,3.417682775735));
#15505 = VECTOR('',#15506,1.);
#15506 = DIRECTION('',(-0.57735026919,0.816496580928));
#15507 = ( GEOMETRIC_REPRESENTATION_CONTEXT(2) 
PARAMETRIC_REPRESENTATION_CONTEXT() REPRESENTATION_CONTEXT('2D SPACE',''
  ) );
#15508 = ORIENTED_EDGE('',*,*,#13801,.T.);
#15509 = ORIENTED_EDGE('',*,*,#15510,.T.);
#15510 = EDGE_CURVE('',#13779,#15511,#15513,.T.);
#15511 = VERTEX_POINT('',#15512);
#15512 = CARTESIAN_POINT('',(37.2,-42.7,8.5));
#15513 = SURFACE_CURVE('',#15514,(#15518,#15525),.PCURVE_S1.);
#15514 = LINE('',#15515,#15516);
#15515 = CARTESIAN_POINT('',(34.783333333333,-45.11666666666,
    6.083333333333));
#15516 = VECTOR('',#15517,1.);
#15517 = DIRECTION('',(-0.57735026919,-0.57735026919,-0.57735026919));
#15518 = PCURVE('',#13817,#15519);
#15519 = DEFINITIONAL_REPRESENTATION('',(#15520),#15524);
#15520 = LINE('',#15521,#15522);
#15521 = CARTESIAN_POINT('',(1.416666666667,3.771236166328));
#15522 = VECTOR('',#15523,1.);
#15523 = DIRECTION('',(0.57735026919,0.816496580928));
#15524 = ( GEOMETRIC_REPRESENTATION_CONTEXT(2) 
PARAMETRIC_REPRESENTATION_CONTEXT() REPRESENTATION_CONTEXT('2D SPACE',''
  ) );
#15525 = PCURVE('',#13892,#15526);
#15526 = DEFINITIONAL_REPRESENTATION('',(#15527),#15531);
#15527 = LINE('',#15528,#15529);
#15528 = CARTESIAN_POINT('',(12.083333333333,3.771236166328));
#15529 = VECTOR('',#15530,1.);
#15530 = DIRECTION('',(-0.57735026919,0.816496580928));
#15531 = ( GEOMETRIC_REPRESENTATION_CONTEXT(2) 
PARAMETRIC_REPRESENTATION_CONTEXT() REPRESENTATION_CONTEXT('2D SPACE',''
  ) );
#15532 = ORIENTED_EDGE('',*,*,#15533,.F.);
#15533 = EDGE_CURVE('',#15487,#15511,#15534,.T.);
#15534 = SURFACE_CURVE('',#15535,(#15539,#15546),.PCURVE_S1.);
#15535 = LINE('',#15536,#15537);
#15536 = CARTESIAN_POINT('',(36.2,-42.7,8.5));
#15537 = VECTOR('',#15538,1.);
#15538 = DIRECTION('',(1.,0.,0.));
#15539 = PCURVE('',#13817,#15540);
#15540 = DEFINITIONAL_REPRESENTATION('',(#15541),#15545);
#15541 = LINE('',#15542,#15543);
#15542 = CARTESIAN_POINT('',(-0.,0.353553390593));
#15543 = VECTOR('',#15544,1.);
#15544 = DIRECTION('',(-1.,0.));
#15545 = ( GEOMETRIC_REPRESENTATION_CONTEXT(2) 
PARAMETRIC_REPRESENTATION_CONTEXT() REPRESENTATION_CONTEXT('2D SPACE',''
  ) );
#15546 = PCURVE('',#15547,#15552);
#15547 = PLANE('',#15548);
#15548 = AXIS2_PLACEMENT_3D('',#15549,#15550,#15551);
#15549 = CARTESIAN_POINT('',(36.2,-57.2,8.5));
#15550 = DIRECTION('',(0.,0.,1.));
#15551 = DIRECTION('',(1.,0.,0.));
#15552 = DEFINITIONAL_REPRESENTATION('',(#15553),#15557);
#15553 = LINE('',#15554,#15555);
#15554 = CARTESIAN_POINT('',(0.,14.5));
#15555 = VECTOR('',#15556,1.);
#15556 = DIRECTION('',(1.,0.));
#15557 = ( GEOMETRIC_REPRESENTATION_CONTEXT(2) 
PARAMETRIC_REPRESENTATION_CONTEXT() REPRESENTATION_CONTEXT('2D SPACE',''
  ) );
#15558 = ADVANCED_FACE('',(#15559),#13892,.F.);
#15559 = FACE_BOUND('',#15560,.F.);
#15560 = EDGE_LOOP('',(#15561,#15584,#15585,#15586));
#15561 = ORIENTED_EDGE('',*,*,#15562,.F.);
#15562 = EDGE_CURVE('',#13856,#15563,#15565,.T.);
#15563 = VERTEX_POINT('',#15564);
#15564 = CARTESIAN_POINT('',(37.2,-56.7,8.5));
#15565 = SURFACE_CURVE('',#15566,(#15570,#15577),.PCURVE_S1.);
#15566 = LINE('',#15567,#15568);
#15567 = CARTESIAN_POINT('',(37.283333333333,-56.78333333333,
    8.583333333333));
#15568 = VECTOR('',#15569,1.);
#15569 = DIRECTION('',(-0.57735026919,0.57735026919,-0.57735026919));
#15570 = PCURVE('',#13892,#15571);
#15571 = DEFINITIONAL_REPRESENTATION('',(#15572),#15576);
#15572 = LINE('',#15573,#15574);
#15573 = CARTESIAN_POINT('',(0.416666666667,0.235702260396));
#15574 = VECTOR('',#15575,1.);
#15575 = DIRECTION('',(0.57735026919,0.816496580928));
#15576 = ( GEOMETRIC_REPRESENTATION_CONTEXT(2) 
PARAMETRIC_REPRESENTATION_CONTEXT() REPRESENTATION_CONTEXT('2D SPACE',''
  ) );
#15577 = PCURVE('',#13926,#15578);
#15578 = DEFINITIONAL_REPRESENTATION('',(#15579),#15583);
#15579 = LINE('',#15580,#15581);
#15580 = CARTESIAN_POINT('',(-1.083333333333,0.235702260396));
#15581 = VECTOR('',#15582,1.);
#15582 = DIRECTION('',(0.57735026919,0.816496580928));
#15583 = ( GEOMETRIC_REPRESENTATION_CONTEXT(2) 
PARAMETRIC_REPRESENTATION_CONTEXT() REPRESENTATION_CONTEXT('2D SPACE',''
  ) );
#15584 = ORIENTED_EDGE('',*,*,#13878,.T.);
#15585 = ORIENTED_EDGE('',*,*,#15510,.T.);
#15586 = ORIENTED_EDGE('',*,*,#15587,.F.);
#15587 = EDGE_CURVE('',#15563,#15511,#15588,.T.);
#15588 = SURFACE_CURVE('',#15589,(#15593,#15600),.PCURVE_S1.);
#15589 = LINE('',#15590,#15591);
#15590 = CARTESIAN_POINT('',(37.2,-57.2,8.5));
#15591 = VECTOR('',#15592,1.);
#15592 = DIRECTION('',(0.,1.,0.));
#15593 = PCURVE('',#13892,#15594);
#15594 = DEFINITIONAL_REPRESENTATION('',(#15595),#15599);
#15595 = LINE('',#15596,#15597);
#15596 = CARTESIAN_POINT('',(0.,0.353553390593));
#15597 = VECTOR('',#15598,1.);
#15598 = DIRECTION('',(1.,0.));
#15599 = ( GEOMETRIC_REPRESENTATION_CONTEXT(2) 
PARAMETRIC_REPRESENTATION_CONTEXT() REPRESENTATION_CONTEXT('2D SPACE',''
  ) );
#15600 = PCURVE('',#15547,#15601);
#15601 = DEFINITIONAL_REPRESENTATION('',(#15602),#15606);
#15602 = LINE('',#15603,#15604);
#15603 = CARTESIAN_POINT('',(1.,0.));
#15604 = VECTOR('',#15605,1.);
#15605 = DIRECTION('',(0.,1.));
#15606 = ( GEOMETRIC_REPRESENTATION_CONTEXT(2) 
PARAMETRIC_REPRESENTATION_CONTEXT() REPRESENTATION_CONTEXT('2D SPACE',''
  ) );
#15607 = ADVANCED_FACE('',(#15608),#13926,.T.);
#15608 = FACE_BOUND('',#15609,.F.);
#15609 = EDGE_LOOP('',(#15610,#15633,#15634,#15635));
#15610 = ORIENTED_EDGE('',*,*,#15611,.F.);
#15611 = EDGE_CURVE('',#13911,#15612,#15614,.T.);
#15612 = VERTEX_POINT('',#15613);
#15613 = CARTESIAN_POINT('',(36.7,-56.7,8.5));
#15614 = SURFACE_CURVE('',#15615,(#15619,#15626),.PCURVE_S1.);
#15615 = LINE('',#15616,#15617);
#15616 = CARTESIAN_POINT('',(36.366666666667,-57.03333333333,
    8.833333333333));
#15617 = VECTOR('',#15618,1.);
#15618 = DIRECTION('',(0.57735026919,0.57735026919,-0.57735026919));
#15619 = PCURVE('',#13926,#15620);
#15620 = DEFINITIONAL_REPRESENTATION('',(#15621),#15625);
#15621 = LINE('',#15622,#15623);
#15622 = CARTESIAN_POINT('',(-0.166666666667,-0.117851130198));
#15623 = VECTOR('',#15624,1.);
#15624 = DIRECTION('',(-0.57735026919,0.816496580928));
#15625 = ( GEOMETRIC_REPRESENTATION_CONTEXT(2) 
PARAMETRIC_REPRESENTATION_CONTEXT() REPRESENTATION_CONTEXT('2D SPACE',''
  ) );
#15626 = PCURVE('',#14883,#15627);
#15627 = DEFINITIONAL_REPRESENTATION('',(#15628),#15632);
#15628 = LINE('',#15629,#15630);
#15629 = CARTESIAN_POINT('',(0.166666666667,-0.117851130198));
#15630 = VECTOR('',#15631,1.);
#15631 = DIRECTION('',(0.57735026919,0.816496580928));
#15632 = ( GEOMETRIC_REPRESENTATION_CONTEXT(2) 
PARAMETRIC_REPRESENTATION_CONTEXT() REPRESENTATION_CONTEXT('2D SPACE',''
  ) );
#15633 = ORIENTED_EDGE('',*,*,#13910,.T.);
#15634 = ORIENTED_EDGE('',*,*,#15562,.T.);
#15635 = ORIENTED_EDGE('',*,*,#15636,.F.);
#15636 = EDGE_CURVE('',#15612,#15563,#15637,.T.);
#15637 = SURFACE_CURVE('',#15638,(#15642,#15649),.PCURVE_S1.);
#15638 = LINE('',#15639,#15640);
#15639 = CARTESIAN_POINT('',(36.2,-56.7,8.5));
#15640 = VECTOR('',#15641,1.);
#15641 = DIRECTION('',(1.,0.,0.));
#15642 = PCURVE('',#13926,#15643);
#15643 = DEFINITIONAL_REPRESENTATION('',(#15644),#15648);
#15644 = LINE('',#15645,#15646);
#15645 = CARTESIAN_POINT('',(-0.,0.353553390593));
#15646 = VECTOR('',#15647,1.);
#15647 = DIRECTION('',(-1.,0.));
#15648 = ( GEOMETRIC_REPRESENTATION_CONTEXT(2) 
PARAMETRIC_REPRESENTATION_CONTEXT() REPRESENTATION_CONTEXT('2D SPACE',''
  ) );
#15649 = PCURVE('',#15547,#15650);
#15650 = DEFINITIONAL_REPRESENTATION('',(#15651),#15655);
#15651 = LINE('',#15652,#15653);
#15652 = CARTESIAN_POINT('',(0.,0.5));
#15653 = VECTOR('',#15654,1.);
#15654 = DIRECTION('',(1.,0.));
#15655 = ( GEOMETRIC_REPRESENTATION_CONTEXT(2) 
PARAMETRIC_REPRESENTATION_CONTEXT() REPRESENTATION_CONTEXT('2D SPACE',''
  ) );
#15656 = ADVANCED_FACE('',(#15657),#14003,.F.);
#15657 = FACE_BOUND('',#15658,.F.);
#15658 = EDGE_LOOP('',(#15659,#15682,#15683,#15706));
#15659 = ORIENTED_EDGE('',*,*,#15660,.F.);
#15660 = EDGE_CURVE('',#13965,#15661,#15663,.T.);
#15661 = VERTEX_POINT('',#15662);
#15662 = CARTESIAN_POINT('',(24.2,-69.7,8.5));
#15663 = SURFACE_CURVE('',#15664,(#15668,#15675),.PCURVE_S1.);
#15664 = LINE('',#15665,#15666);
#15665 = CARTESIAN_POINT('',(22.033333333333,-67.53333333333,
    6.333333333333));
#15666 = VECTOR('',#15667,1.);
#15667 = DIRECTION('',(-0.57735026919,0.57735026919,-0.57735026919));
#15668 = PCURVE('',#14003,#15669);
#15669 = DEFINITIONAL_REPRESENTATION('',(#15670),#15674);
#15670 = LINE('',#15671,#15672);
#15671 = CARTESIAN_POINT('',(2.666666666667,3.417682775735));
#15672 = VECTOR('',#15673,1.);
#15673 = DIRECTION('',(0.57735026919,0.816496580928));
#15674 = ( GEOMETRIC_REPRESENTATION_CONTEXT(2) 
PARAMETRIC_REPRESENTATION_CONTEXT() REPRESENTATION_CONTEXT('2D SPACE',''
  ) );
#15675 = PCURVE('',#14058,#15676);
#15676 = DEFINITIONAL_REPRESENTATION('',(#15677),#15681);
#15677 = LINE('',#15678,#15679);
#15678 = CARTESIAN_POINT('',(-12.33333333333,3.417682775735));
#15679 = VECTOR('',#15680,1.);
#15680 = DIRECTION('',(0.57735026919,0.816496580928));
#15681 = ( GEOMETRIC_REPRESENTATION_CONTEXT(2) 
PARAMETRIC_REPRESENTATION_CONTEXT() REPRESENTATION_CONTEXT('2D SPACE',''
  ) );
#15682 = ORIENTED_EDGE('',*,*,#13987,.T.);
#15683 = ORIENTED_EDGE('',*,*,#15684,.T.);
#15684 = EDGE_CURVE('',#13988,#15685,#15687,.T.);
#15685 = VERTEX_POINT('',#15686);
#15686 = CARTESIAN_POINT('',(24.2,-69.2,8.5));
#15687 = SURFACE_CURVE('',#15688,(#15692,#15699),.PCURVE_S1.);
#15688 = LINE('',#15689,#15690);
#15689 = CARTESIAN_POINT('',(21.783333333333,-71.61666666666,
    6.083333333333));
#15690 = VECTOR('',#15691,1.);
#15691 = DIRECTION('',(-0.57735026919,-0.57735026919,-0.57735026919));
#15692 = PCURVE('',#14003,#15693);
#15693 = DEFINITIONAL_REPRESENTATION('',(#15694),#15698);
#15694 = LINE('',#15695,#15696);
#15695 = CARTESIAN_POINT('',(-1.416666666667,3.771236166328));
#15696 = VECTOR('',#15697,1.);
#15697 = DIRECTION('',(-0.57735026919,0.816496580928));
#15698 = ( GEOMETRIC_REPRESENTATION_CONTEXT(2) 
PARAMETRIC_REPRESENTATION_CONTEXT() REPRESENTATION_CONTEXT('2D SPACE',''
  ) );
#15699 = PCURVE('',#14915,#15700);
#15700 = DEFINITIONAL_REPRESENTATION('',(#15701),#15705);
#15701 = LINE('',#15702,#15703);
#15702 = CARTESIAN_POINT('',(-12.08333333333,3.771236166328));
#15703 = VECTOR('',#15704,1.);
#15704 = DIRECTION('',(0.57735026919,0.816496580928));
#15705 = ( GEOMETRIC_REPRESENTATION_CONTEXT(2) 
PARAMETRIC_REPRESENTATION_CONTEXT() REPRESENTATION_CONTEXT('2D SPACE',''
  ) );
#15706 = ORIENTED_EDGE('',*,*,#15707,.F.);
#15707 = EDGE_CURVE('',#15661,#15685,#15708,.T.);
#15708 = SURFACE_CURVE('',#15709,(#15713,#15720),.PCURVE_S1.);
#15709 = LINE('',#15710,#15711);
#15710 = CARTESIAN_POINT('',(24.2,-70.2,8.5));
#15711 = VECTOR('',#15712,1.);
#15712 = DIRECTION('',(0.,1.,0.));
#15713 = PCURVE('',#14003,#15714);
#15714 = DEFINITIONAL_REPRESENTATION('',(#15715),#15719);
#15715 = LINE('',#15716,#15717);
#15716 = CARTESIAN_POINT('',(0.,0.353553390593));
#15717 = VECTOR('',#15718,1.);
#15718 = DIRECTION('',(1.,0.));
#15719 = ( GEOMETRIC_REPRESENTATION_CONTEXT(2) 
PARAMETRIC_REPRESENTATION_CONTEXT() REPRESENTATION_CONTEXT('2D SPACE',''
  ) );
#15720 = PCURVE('',#15721,#15726);
#15721 = PLANE('',#15722);
#15722 = AXIS2_PLACEMENT_3D('',#15723,#15724,#15725);
#15723 = CARTESIAN_POINT('',(9.7,-70.2,8.5));
#15724 = DIRECTION('',(0.,0.,1.));
#15725 = DIRECTION('',(1.,0.,0.));
#15726 = DEFINITIONAL_REPRESENTATION('',(#15727),#15731);
#15727 = LINE('',#15728,#15729);
#15728 = CARTESIAN_POINT('',(14.5,0.));
#15729 = VECTOR('',#15730,1.);
#15730 = DIRECTION('',(0.,1.));
#15731 = ( GEOMETRIC_REPRESENTATION_CONTEXT(2) 
PARAMETRIC_REPRESENTATION_CONTEXT() REPRESENTATION_CONTEXT('2D SPACE',''
  ) );
#15732 = ADVANCED_FACE('',(#15733),#14058,.T.);
#15733 = FACE_BOUND('',#15734,.F.);
#15734 = EDGE_LOOP('',(#15735,#15758,#15759,#15760));
#15735 = ORIENTED_EDGE('',*,*,#15736,.F.);
#15736 = EDGE_CURVE('',#14043,#15737,#15739,.T.);
#15737 = VERTEX_POINT('',#15738);
#15738 = CARTESIAN_POINT('',(10.2,-69.7,8.5));
#15739 = SURFACE_CURVE('',#15740,(#15744,#15751),.PCURVE_S1.);
#15740 = LINE('',#15741,#15742);
#15741 = CARTESIAN_POINT('',(9.866666666667,-70.03333333333,
    8.833333333333));
#15742 = VECTOR('',#15743,1.);
#15743 = DIRECTION('',(0.57735026919,0.57735026919,-0.57735026919));
#15744 = PCURVE('',#14058,#15745);
#15745 = DEFINITIONAL_REPRESENTATION('',(#15746),#15750);
#15746 = LINE('',#15747,#15748);
#15747 = CARTESIAN_POINT('',(-0.166666666667,-0.117851130198));
#15748 = VECTOR('',#15749,1.);
#15749 = DIRECTION('',(-0.57735026919,0.816496580928));
#15750 = ( GEOMETRIC_REPRESENTATION_CONTEXT(2) 
PARAMETRIC_REPRESENTATION_CONTEXT() REPRESENTATION_CONTEXT('2D SPACE',''
  ) );
#15751 = PCURVE('',#14112,#15752);
#15752 = DEFINITIONAL_REPRESENTATION('',(#15753),#15757);
#15753 = LINE('',#15754,#15755);
#15754 = CARTESIAN_POINT('',(0.166666666667,-0.117851130198));
#15755 = VECTOR('',#15756,1.);
#15756 = DIRECTION('',(0.57735026919,0.816496580928));
#15757 = ( GEOMETRIC_REPRESENTATION_CONTEXT(2) 
PARAMETRIC_REPRESENTATION_CONTEXT() REPRESENTATION_CONTEXT('2D SPACE',''
  ) );
#15758 = ORIENTED_EDGE('',*,*,#14042,.T.);
#15759 = ORIENTED_EDGE('',*,*,#15660,.T.);
#15760 = ORIENTED_EDGE('',*,*,#15761,.F.);
#15761 = EDGE_CURVE('',#15737,#15661,#15762,.T.);
#15762 = SURFACE_CURVE('',#15763,(#15767,#15774),.PCURVE_S1.);
#15763 = LINE('',#15764,#15765);
#15764 = CARTESIAN_POINT('',(9.7,-69.7,8.5));
#15765 = VECTOR('',#15766,1.);
#15766 = DIRECTION('',(1.,0.,0.));
#15767 = PCURVE('',#14058,#15768);
#15768 = DEFINITIONAL_REPRESENTATION('',(#15769),#15773);
#15769 = LINE('',#15770,#15771);
#15770 = CARTESIAN_POINT('',(-0.,0.353553390593));
#15771 = VECTOR('',#15772,1.);
#15772 = DIRECTION('',(-1.,0.));
#15773 = ( GEOMETRIC_REPRESENTATION_CONTEXT(2) 
PARAMETRIC_REPRESENTATION_CONTEXT() REPRESENTATION_CONTEXT('2D SPACE',''
  ) );
#15774 = PCURVE('',#15721,#15775);
#15775 = DEFINITIONAL_REPRESENTATION('',(#15776),#15780);
#15776 = LINE('',#15777,#15778);
#15777 = CARTESIAN_POINT('',(0.,0.5));
#15778 = VECTOR('',#15779,1.);
#15779 = DIRECTION('',(1.,0.));
#15780 = ( GEOMETRIC_REPRESENTATION_CONTEXT(2) 
PARAMETRIC_REPRESENTATION_CONTEXT() REPRESENTATION_CONTEXT('2D SPACE',''
  ) );
#15781 = ADVANCED_FACE('',(#15782),#14112,.T.);
#15782 = FACE_BOUND('',#15783,.T.);
#15783 = EDGE_LOOP('',(#15784,#15785,#15786,#15809));
#15784 = ORIENTED_EDGE('',*,*,#15736,.F.);
#15785 = ORIENTED_EDGE('',*,*,#14096,.T.);
#15786 = ORIENTED_EDGE('',*,*,#15787,.T.);
#15787 = EDGE_CURVE('',#14097,#15788,#15790,.T.);
#15788 = VERTEX_POINT('',#15789);
#15789 = CARTESIAN_POINT('',(10.2,-69.2,8.5));
#15790 = SURFACE_CURVE('',#15791,(#15795,#15802),.PCURVE_S1.);
#15791 = LINE('',#15792,#15793);
#15792 = CARTESIAN_POINT('',(10.116666666667,-69.11666666666,
    8.583333333333));
#15793 = VECTOR('',#15794,1.);
#15794 = DIRECTION('',(0.57735026919,-0.57735026919,-0.57735026919));
#15795 = PCURVE('',#14112,#15796);
#15796 = DEFINITIONAL_REPRESENTATION('',(#15797),#15801);
#15797 = LINE('',#15798,#15799);
#15798 = CARTESIAN_POINT('',(1.083333333333,0.235702260396));
#15799 = VECTOR('',#15800,1.);
#15800 = DIRECTION('',(-0.57735026919,0.816496580928));
#15801 = ( GEOMETRIC_REPRESENTATION_CONTEXT(2) 
PARAMETRIC_REPRESENTATION_CONTEXT() REPRESENTATION_CONTEXT('2D SPACE',''
  ) );
#15802 = PCURVE('',#14915,#15803);
#15803 = DEFINITIONAL_REPRESENTATION('',(#15804),#15808);
#15804 = LINE('',#15805,#15806);
#15805 = CARTESIAN_POINT('',(-0.416666666667,0.235702260396));
#15806 = VECTOR('',#15807,1.);
#15807 = DIRECTION('',(-0.57735026919,0.816496580928));
#15808 = ( GEOMETRIC_REPRESENTATION_CONTEXT(2) 
PARAMETRIC_REPRESENTATION_CONTEXT() REPRESENTATION_CONTEXT('2D SPACE',''
  ) );
#15809 = ORIENTED_EDGE('',*,*,#15810,.F.);
#15810 = EDGE_CURVE('',#15737,#15788,#15811,.T.);
#15811 = SURFACE_CURVE('',#15812,(#15816,#15823),.PCURVE_S1.);
#15812 = LINE('',#15813,#15814);
#15813 = CARTESIAN_POINT('',(10.2,-70.2,8.5));
#15814 = VECTOR('',#15815,1.);
#15815 = DIRECTION('',(0.,1.,0.));
#15816 = PCURVE('',#14112,#15817);
#15817 = DEFINITIONAL_REPRESENTATION('',(#15818),#15822);
#15818 = LINE('',#15819,#15820);
#15819 = CARTESIAN_POINT('',(0.,0.353553390593));
#15820 = VECTOR('',#15821,1.);
#15821 = DIRECTION('',(1.,0.));
#15822 = ( GEOMETRIC_REPRESENTATION_CONTEXT(2) 
PARAMETRIC_REPRESENTATION_CONTEXT() REPRESENTATION_CONTEXT('2D SPACE',''
  ) );
#15823 = PCURVE('',#15721,#15824);
#15824 = DEFINITIONAL_REPRESENTATION('',(#15825),#15829);
#15825 = LINE('',#15826,#15827);
#15826 = CARTESIAN_POINT('',(0.5,0.));
#15827 = VECTOR('',#15828,1.);
#15828 = DIRECTION('',(0.,1.));
#15829 = ( GEOMETRIC_REPRESENTATION_CONTEXT(2) 
PARAMETRIC_REPRESENTATION_CONTEXT() REPRESENTATION_CONTEXT('2D SPACE',''
  ) );
#15830 = ADVANCED_FACE('',(#15831),#14189,.F.);
#15831 = FACE_BOUND('',#15832,.F.);
#15832 = EDGE_LOOP('',(#15833,#15856,#15857,#15880));
#15833 = ORIENTED_EDGE('',*,*,#15834,.F.);
#15834 = EDGE_CURVE('',#14151,#15835,#15837,.T.);
#15835 = VERTEX_POINT('',#15836);
#15836 = CARTESIAN_POINT('',(-10.2,-69.7,8.5));
#15837 = SURFACE_CURVE('',#15838,(#15842,#15849),.PCURVE_S1.);
#15838 = LINE('',#15839,#15840);
#15839 = CARTESIAN_POINT('',(-12.36666666666,-67.53333333333,
    6.333333333333));
#15840 = VECTOR('',#15841,1.);
#15841 = DIRECTION('',(-0.57735026919,0.57735026919,-0.57735026919));
#15842 = PCURVE('',#14189,#15843);
#15843 = DEFINITIONAL_REPRESENTATION('',(#15844),#15848);
#15844 = LINE('',#15845,#15846);
#15845 = CARTESIAN_POINT('',(2.666666666667,3.417682775735));
#15846 = VECTOR('',#15847,1.);
#15847 = DIRECTION('',(0.57735026919,0.816496580928));
#15848 = ( GEOMETRIC_REPRESENTATION_CONTEXT(2) 
PARAMETRIC_REPRESENTATION_CONTEXT() REPRESENTATION_CONTEXT('2D SPACE',''
  ) );
#15849 = PCURVE('',#14244,#15850);
#15850 = DEFINITIONAL_REPRESENTATION('',(#15851),#15855);
#15851 = LINE('',#15852,#15853);
#15852 = CARTESIAN_POINT('',(-12.33333333333,3.417682775735));
#15853 = VECTOR('',#15854,1.);
#15854 = DIRECTION('',(0.57735026919,0.816496580928));
#15855 = ( GEOMETRIC_REPRESENTATION_CONTEXT(2) 
PARAMETRIC_REPRESENTATION_CONTEXT() REPRESENTATION_CONTEXT('2D SPACE',''
  ) );
#15856 = ORIENTED_EDGE('',*,*,#14173,.T.);
#15857 = ORIENTED_EDGE('',*,*,#15858,.T.);
#15858 = EDGE_CURVE('',#14174,#15859,#15861,.T.);
#15859 = VERTEX_POINT('',#15860);
#15860 = CARTESIAN_POINT('',(-10.2,-69.2,8.5));
#15861 = SURFACE_CURVE('',#15862,(#15866,#15873),.PCURVE_S1.);
#15862 = LINE('',#15863,#15864);
#15863 = CARTESIAN_POINT('',(-12.61666666666,-71.61666666666,
    6.083333333333));
#15864 = VECTOR('',#15865,1.);
#15865 = DIRECTION('',(-0.57735026919,-0.57735026919,-0.57735026919));
#15866 = PCURVE('',#14189,#15867);
#15867 = DEFINITIONAL_REPRESENTATION('',(#15868),#15872);
#15868 = LINE('',#15869,#15870);
#15869 = CARTESIAN_POINT('',(-1.416666666667,3.771236166328));
#15870 = VECTOR('',#15871,1.);
#15871 = DIRECTION('',(-0.57735026919,0.816496580928));
#15872 = ( GEOMETRIC_REPRESENTATION_CONTEXT(2) 
PARAMETRIC_REPRESENTATION_CONTEXT() REPRESENTATION_CONTEXT('2D SPACE',''
  ) );
#15873 = PCURVE('',#14947,#15874);
#15874 = DEFINITIONAL_REPRESENTATION('',(#15875),#15879);
#15875 = LINE('',#15876,#15877);
#15876 = CARTESIAN_POINT('',(-12.08333333333,3.771236166328));
#15877 = VECTOR('',#15878,1.);
#15878 = DIRECTION('',(0.57735026919,0.816496580928));
#15879 = ( GEOMETRIC_REPRESENTATION_CONTEXT(2) 
PARAMETRIC_REPRESENTATION_CONTEXT() REPRESENTATION_CONTEXT('2D SPACE',''
  ) );
#15880 = ORIENTED_EDGE('',*,*,#15881,.F.);
#15881 = EDGE_CURVE('',#15835,#15859,#15882,.T.);
#15882 = SURFACE_CURVE('',#15883,(#15887,#15894),.PCURVE_S1.);
#15883 = LINE('',#15884,#15885);
#15884 = CARTESIAN_POINT('',(-10.2,-70.2,8.5));
#15885 = VECTOR('',#15886,1.);
#15886 = DIRECTION('',(0.,1.,0.));
#15887 = PCURVE('',#14189,#15888);
#15888 = DEFINITIONAL_REPRESENTATION('',(#15889),#15893);
#15889 = LINE('',#15890,#15891);
#15890 = CARTESIAN_POINT('',(0.,0.353553390593));
#15891 = VECTOR('',#15892,1.);
#15892 = DIRECTION('',(1.,0.));
#15893 = ( GEOMETRIC_REPRESENTATION_CONTEXT(2) 
PARAMETRIC_REPRESENTATION_CONTEXT() REPRESENTATION_CONTEXT('2D SPACE',''
  ) );
#15894 = PCURVE('',#15895,#15900);
#15895 = PLANE('',#15896);
#15896 = AXIS2_PLACEMENT_3D('',#15897,#15898,#15899);
#15897 = CARTESIAN_POINT('',(-24.7,-70.2,8.5));
#15898 = DIRECTION('',(0.,0.,1.));
#15899 = DIRECTION('',(1.,0.,0.));
#15900 = DEFINITIONAL_REPRESENTATION('',(#15901),#15905);
#15901 = LINE('',#15902,#15903);
#15902 = CARTESIAN_POINT('',(14.5,0.));
#15903 = VECTOR('',#15904,1.);
#15904 = DIRECTION('',(0.,1.));
#15905 = ( GEOMETRIC_REPRESENTATION_CONTEXT(2) 
PARAMETRIC_REPRESENTATION_CONTEXT() REPRESENTATION_CONTEXT('2D SPACE',''
  ) );
#15906 = ADVANCED_FACE('',(#15907),#14244,.T.);
#15907 = FACE_BOUND('',#15908,.F.);
#15908 = EDGE_LOOP('',(#15909,#15932,#15933,#15934));
#15909 = ORIENTED_EDGE('',*,*,#15910,.F.);
#15910 = EDGE_CURVE('',#14229,#15911,#15913,.T.);
#15911 = VERTEX_POINT('',#15912);
#15912 = CARTESIAN_POINT('',(-24.2,-69.7,8.5));
#15913 = SURFACE_CURVE('',#15914,(#15918,#15925),.PCURVE_S1.);
#15914 = LINE('',#15915,#15916);
#15915 = CARTESIAN_POINT('',(-24.53333333333,-70.03333333333,
    8.833333333333));
#15916 = VECTOR('',#15917,1.);
#15917 = DIRECTION('',(0.57735026919,0.57735026919,-0.57735026919));
#15918 = PCURVE('',#14244,#15919);
#15919 = DEFINITIONAL_REPRESENTATION('',(#15920),#15924);
#15920 = LINE('',#15921,#15922);
#15921 = CARTESIAN_POINT('',(-0.166666666667,-0.117851130198));
#15922 = VECTOR('',#15923,1.);
#15923 = DIRECTION('',(-0.57735026919,0.816496580928));
#15924 = ( GEOMETRIC_REPRESENTATION_CONTEXT(2) 
PARAMETRIC_REPRESENTATION_CONTEXT() REPRESENTATION_CONTEXT('2D SPACE',''
  ) );
#15925 = PCURVE('',#14298,#15926);
#15926 = DEFINITIONAL_REPRESENTATION('',(#15927),#15931);
#15927 = LINE('',#15928,#15929);
#15928 = CARTESIAN_POINT('',(0.166666666667,-0.117851130198));
#15929 = VECTOR('',#15930,1.);
#15930 = DIRECTION('',(0.57735026919,0.816496580928));
#15931 = ( GEOMETRIC_REPRESENTATION_CONTEXT(2) 
PARAMETRIC_REPRESENTATION_CONTEXT() REPRESENTATION_CONTEXT('2D SPACE',''
  ) );
#15932 = ORIENTED_EDGE('',*,*,#14228,.T.);
#15933 = ORIENTED_EDGE('',*,*,#15834,.T.);
#15934 = ORIENTED_EDGE('',*,*,#15935,.F.);
#15935 = EDGE_CURVE('',#15911,#15835,#15936,.T.);
#15936 = SURFACE_CURVE('',#15937,(#15941,#15948),.PCURVE_S1.);
#15937 = LINE('',#15938,#15939);
#15938 = CARTESIAN_POINT('',(-24.7,-69.7,8.5));
#15939 = VECTOR('',#15940,1.);
#15940 = DIRECTION('',(1.,0.,0.));
#15941 = PCURVE('',#14244,#15942);
#15942 = DEFINITIONAL_REPRESENTATION('',(#15943),#15947);
#15943 = LINE('',#15944,#15945);
#15944 = CARTESIAN_POINT('',(-0.,0.353553390593));
#15945 = VECTOR('',#15946,1.);
#15946 = DIRECTION('',(-1.,0.));
#15947 = ( GEOMETRIC_REPRESENTATION_CONTEXT(2) 
PARAMETRIC_REPRESENTATION_CONTEXT() REPRESENTATION_CONTEXT('2D SPACE',''
  ) );
#15948 = PCURVE('',#15895,#15949);
#15949 = DEFINITIONAL_REPRESENTATION('',(#15950),#15954);
#15950 = LINE('',#15951,#15952);
#15951 = CARTESIAN_POINT('',(0.,0.5));
#15952 = VECTOR('',#15953,1.);
#15953 = DIRECTION('',(1.,0.));
#15954 = ( GEOMETRIC_REPRESENTATION_CONTEXT(2) 
PARAMETRIC_REPRESENTATION_CONTEXT() REPRESENTATION_CONTEXT('2D SPACE',''
  ) );
#15955 = ADVANCED_FACE('',(#15956),#14298,.T.);
#15956 = FACE_BOUND('',#15957,.T.);
#15957 = EDGE_LOOP('',(#15958,#15959,#15960,#15983));
#15958 = ORIENTED_EDGE('',*,*,#15910,.F.);
#15959 = ORIENTED_EDGE('',*,*,#14282,.T.);
#15960 = ORIENTED_EDGE('',*,*,#15961,.T.);
#15961 = EDGE_CURVE('',#14283,#15962,#15964,.T.);
#15962 = VERTEX_POINT('',#15963);
#15963 = CARTESIAN_POINT('',(-24.2,-69.2,8.5));
#15964 = SURFACE_CURVE('',#15965,(#15969,#15976),.PCURVE_S1.);
#15965 = LINE('',#15966,#15967);
#15966 = CARTESIAN_POINT('',(-24.28333333333,-69.11666666666,
    8.583333333333));
#15967 = VECTOR('',#15968,1.);
#15968 = DIRECTION('',(0.57735026919,-0.57735026919,-0.57735026919));
#15969 = PCURVE('',#14298,#15970);
#15970 = DEFINITIONAL_REPRESENTATION('',(#15971),#15975);
#15971 = LINE('',#15972,#15973);
#15972 = CARTESIAN_POINT('',(1.083333333333,0.235702260396));
#15973 = VECTOR('',#15974,1.);
#15974 = DIRECTION('',(-0.57735026919,0.816496580928));
#15975 = ( GEOMETRIC_REPRESENTATION_CONTEXT(2) 
PARAMETRIC_REPRESENTATION_CONTEXT() REPRESENTATION_CONTEXT('2D SPACE',''
  ) );
#15976 = PCURVE('',#14947,#15977);
#15977 = DEFINITIONAL_REPRESENTATION('',(#15978),#15982);
#15978 = LINE('',#15979,#15980);
#15979 = CARTESIAN_POINT('',(-0.416666666667,0.235702260396));
#15980 = VECTOR('',#15981,1.);
#15981 = DIRECTION('',(-0.57735026919,0.816496580928));
#15982 = ( GEOMETRIC_REPRESENTATION_CONTEXT(2) 
PARAMETRIC_REPRESENTATION_CONTEXT() REPRESENTATION_CONTEXT('2D SPACE',''
  ) );
#15983 = ORIENTED_EDGE('',*,*,#15984,.F.);
#15984 = EDGE_CURVE('',#15911,#15962,#15985,.T.);
#15985 = SURFACE_CURVE('',#15986,(#15990,#15997),.PCURVE_S1.);
#15986 = LINE('',#15987,#15988);
#15987 = CARTESIAN_POINT('',(-24.2,-70.2,8.5));
#15988 = VECTOR('',#15989,1.);
#15989 = DIRECTION('',(0.,1.,0.));
#15990 = PCURVE('',#14298,#15991);
#15991 = DEFINITIONAL_REPRESENTATION('',(#15992),#15996);
#15992 = LINE('',#15993,#15994);
#15993 = CARTESIAN_POINT('',(0.,0.353553390593));
#15994 = VECTOR('',#15995,1.);
#15995 = DIRECTION('',(1.,0.));
#15996 = ( GEOMETRIC_REPRESENTATION_CONTEXT(2) 
PARAMETRIC_REPRESENTATION_CONTEXT() REPRESENTATION_CONTEXT('2D SPACE',''
  ) );
#15997 = PCURVE('',#15895,#15998);
#15998 = DEFINITIONAL_REPRESENTATION('',(#15999),#16003);
#15999 = LINE('',#16000,#16001);
#16000 = CARTESIAN_POINT('',(0.5,0.));
#16001 = VECTOR('',#16002,1.);
#16002 = DIRECTION('',(0.,1.));
#16003 = ( GEOMETRIC_REPRESENTATION_CONTEXT(2) 
PARAMETRIC_REPRESENTATION_CONTEXT() REPRESENTATION_CONTEXT('2D SPACE',''
  ) );
#16004 = ADVANCED_FACE('',(#16005),#14375,.F.);
#16005 = FACE_BOUND('',#16006,.T.);
#16006 = EDGE_LOOP('',(#16007,#16030,#16031,#16054));
#16007 = ORIENTED_EDGE('',*,*,#16008,.F.);
#16008 = EDGE_CURVE('',#14360,#16009,#16011,.T.);
#16009 = VERTEX_POINT('',#16010);
#16010 = CARTESIAN_POINT('',(-37.2,56.7,8.5));
#16011 = SURFACE_CURVE('',#16012,(#16016,#16023),.PCURVE_S1.);
#16012 = LINE('',#16013,#16014);
#16013 = CARTESIAN_POINT('',(-35.03333333333,54.533333333333,
    6.333333333333));
#16014 = VECTOR('',#16015,1.);
#16015 = DIRECTION('',(0.57735026919,-0.57735026919,-0.57735026919));
#16016 = PCURVE('',#14375,#16017);
#16017 = DEFINITIONAL_REPRESENTATION('',(#16018),#16022);
#16018 = LINE('',#16019,#16020);
#16019 = CARTESIAN_POINT('',(-2.666666666667,3.417682775735));
#16020 = VECTOR('',#16021,1.);
#16021 = DIRECTION('',(-0.57735026919,0.816496580928));
#16022 = ( GEOMETRIC_REPRESENTATION_CONTEXT(2) 
PARAMETRIC_REPRESENTATION_CONTEXT() REPRESENTATION_CONTEXT('2D SPACE',''
  ) );
#16023 = PCURVE('',#14450,#16024);
#16024 = DEFINITIONAL_REPRESENTATION('',(#16025),#16029);
#16025 = LINE('',#16026,#16027);
#16026 = CARTESIAN_POINT('',(12.333333333333,3.417682775735));
#16027 = VECTOR('',#16028,1.);
#16028 = DIRECTION('',(-0.57735026919,0.816496580928));
#16029 = ( GEOMETRIC_REPRESENTATION_CONTEXT(2) 
PARAMETRIC_REPRESENTATION_CONTEXT() REPRESENTATION_CONTEXT('2D SPACE',''
  ) );
#16030 = ORIENTED_EDGE('',*,*,#14359,.T.);
#16031 = ORIENTED_EDGE('',*,*,#16032,.T.);
#16032 = EDGE_CURVE('',#14337,#16033,#16035,.T.);
#16033 = VERTEX_POINT('',#16034);
#16034 = CARTESIAN_POINT('',(-36.7,56.7,8.5));
#16035 = SURFACE_CURVE('',#16036,(#16040,#16047),.PCURVE_S1.);
#16036 = LINE('',#16037,#16038);
#16037 = CARTESIAN_POINT('',(-39.11666666666,54.283333333333,
    6.083333333333));
#16038 = VECTOR('',#16039,1.);
#16039 = DIRECTION('',(-0.57735026919,-0.57735026919,-0.57735026919));
#16040 = PCURVE('',#14375,#16041);
#16041 = DEFINITIONAL_REPRESENTATION('',(#16042),#16046);
#16042 = LINE('',#16043,#16044);
#16043 = CARTESIAN_POINT('',(1.416666666667,3.771236166328));
#16044 = VECTOR('',#16045,1.);
#16045 = DIRECTION('',(0.57735026919,0.816496580928));
#16046 = ( GEOMETRIC_REPRESENTATION_CONTEXT(2) 
PARAMETRIC_REPRESENTATION_CONTEXT() REPRESENTATION_CONTEXT('2D SPACE',''
  ) );
#16047 = PCURVE('',#14755,#16048);
#16048 = DEFINITIONAL_REPRESENTATION('',(#16049),#16053);
#16049 = LINE('',#16050,#16051);
#16050 = CARTESIAN_POINT('',(12.083333333333,3.771236166328));
#16051 = VECTOR('',#16052,1.);
#16052 = DIRECTION('',(-0.57735026919,0.816496580928));
#16053 = ( GEOMETRIC_REPRESENTATION_CONTEXT(2) 
PARAMETRIC_REPRESENTATION_CONTEXT() REPRESENTATION_CONTEXT('2D SPACE',''
  ) );
#16054 = ORIENTED_EDGE('',*,*,#16055,.F.);
#16055 = EDGE_CURVE('',#16009,#16033,#16056,.T.);
#16056 = SURFACE_CURVE('',#16057,(#16061,#16068),.PCURVE_S1.);
#16057 = LINE('',#16058,#16059);
#16058 = CARTESIAN_POINT('',(-37.7,56.7,8.5));
#16059 = VECTOR('',#16060,1.);
#16060 = DIRECTION('',(1.,0.,0.));
#16061 = PCURVE('',#14375,#16062);
#16062 = DEFINITIONAL_REPRESENTATION('',(#16063),#16067);
#16063 = LINE('',#16064,#16065);
#16064 = CARTESIAN_POINT('',(-0.,0.353553390593));
#16065 = VECTOR('',#16066,1.);
#16066 = DIRECTION('',(-1.,0.));
#16067 = ( GEOMETRIC_REPRESENTATION_CONTEXT(2) 
PARAMETRIC_REPRESENTATION_CONTEXT() REPRESENTATION_CONTEXT('2D SPACE',''
  ) );
#16068 = PCURVE('',#16069,#16074);
#16069 = PLANE('',#16070);
#16070 = AXIS2_PLACEMENT_3D('',#16071,#16072,#16073);
#16071 = CARTESIAN_POINT('',(-37.7,42.2,8.5));
#16072 = DIRECTION('',(0.,0.,1.));
#16073 = DIRECTION('',(1.,0.,0.));
#16074 = DEFINITIONAL_REPRESENTATION('',(#16075),#16079);
#16075 = LINE('',#16076,#16077);
#16076 = CARTESIAN_POINT('',(0.,14.5));
#16077 = VECTOR('',#16078,1.);
#16078 = DIRECTION('',(1.,0.));
#16079 = ( GEOMETRIC_REPRESENTATION_CONTEXT(2) 
PARAMETRIC_REPRESENTATION_CONTEXT() REPRESENTATION_CONTEXT('2D SPACE',''
  ) );
#16080 = ADVANCED_FACE('',(#16081),#14450,.T.);
#16081 = FACE_BOUND('',#16082,.T.);
#16082 = EDGE_LOOP('',(#16083,#16106,#16107,#16108));
#16083 = ORIENTED_EDGE('',*,*,#16084,.F.);
#16084 = EDGE_CURVE('',#14414,#16085,#16087,.T.);
#16085 = VERTEX_POINT('',#16086);
#16086 = CARTESIAN_POINT('',(-37.2,42.7,8.5));
#16087 = SURFACE_CURVE('',#16088,(#16092,#16099),.PCURVE_S1.);
#16088 = LINE('',#16089,#16090);
#16089 = CARTESIAN_POINT('',(-37.53333333333,42.366666666667,
    8.833333333333));
#16090 = VECTOR('',#16091,1.);
#16091 = DIRECTION('',(0.57735026919,0.57735026919,-0.57735026919));
#16092 = PCURVE('',#14450,#16093);
#16093 = DEFINITIONAL_REPRESENTATION('',(#16094),#16098);
#16094 = LINE('',#16095,#16096);
#16095 = CARTESIAN_POINT('',(0.166666666667,-0.117851130198));
#16096 = VECTOR('',#16097,1.);
#16097 = DIRECTION('',(0.57735026919,0.816496580928));
#16098 = ( GEOMETRIC_REPRESENTATION_CONTEXT(2) 
PARAMETRIC_REPRESENTATION_CONTEXT() REPRESENTATION_CONTEXT('2D SPACE',''
  ) );
#16099 = PCURVE('',#14504,#16100);
#16100 = DEFINITIONAL_REPRESENTATION('',(#16101),#16105);
#16101 = LINE('',#16102,#16103);
#16102 = CARTESIAN_POINT('',(-0.166666666667,-0.117851130198));
#16103 = VECTOR('',#16104,1.);
#16104 = DIRECTION('',(-0.57735026919,0.816496580928));
#16105 = ( GEOMETRIC_REPRESENTATION_CONTEXT(2) 
PARAMETRIC_REPRESENTATION_CONTEXT() REPRESENTATION_CONTEXT('2D SPACE',''
  ) );
#16106 = ORIENTED_EDGE('',*,*,#14436,.T.);
#16107 = ORIENTED_EDGE('',*,*,#16008,.T.);
#16108 = ORIENTED_EDGE('',*,*,#16109,.F.);
#16109 = EDGE_CURVE('',#16085,#16009,#16110,.T.);
#16110 = SURFACE_CURVE('',#16111,(#16115,#16122),.PCURVE_S1.);
#16111 = LINE('',#16112,#16113);
#16112 = CARTESIAN_POINT('',(-37.2,42.2,8.5));
#16113 = VECTOR('',#16114,1.);
#16114 = DIRECTION('',(0.,1.,0.));
#16115 = PCURVE('',#14450,#16116);
#16116 = DEFINITIONAL_REPRESENTATION('',(#16117),#16121);
#16117 = LINE('',#16118,#16119);
#16118 = CARTESIAN_POINT('',(0.,0.353553390593));
#16119 = VECTOR('',#16120,1.);
#16120 = DIRECTION('',(1.,0.));
#16121 = ( GEOMETRIC_REPRESENTATION_CONTEXT(2) 
PARAMETRIC_REPRESENTATION_CONTEXT() REPRESENTATION_CONTEXT('2D SPACE',''
  ) );
#16122 = PCURVE('',#16069,#16123);
#16123 = DEFINITIONAL_REPRESENTATION('',(#16124),#16128);
#16124 = LINE('',#16125,#16126);
#16125 = CARTESIAN_POINT('',(0.5,0.));
#16126 = VECTOR('',#16127,1.);
#16127 = DIRECTION('',(0.,1.));
#16128 = ( GEOMETRIC_REPRESENTATION_CONTEXT(2) 
PARAMETRIC_REPRESENTATION_CONTEXT() REPRESENTATION_CONTEXT('2D SPACE',''
  ) );
#16129 = ADVANCED_FACE('',(#16130),#14504,.T.);
#16130 = FACE_BOUND('',#16131,.F.);
#16131 = EDGE_LOOP('',(#16132,#16133,#16134,#16157));
#16132 = ORIENTED_EDGE('',*,*,#16084,.F.);
#16133 = ORIENTED_EDGE('',*,*,#14490,.T.);
#16134 = ORIENTED_EDGE('',*,*,#16135,.T.);
#16135 = EDGE_CURVE('',#14468,#16136,#16138,.T.);
#16136 = VERTEX_POINT('',#16137);
#16137 = CARTESIAN_POINT('',(-36.7,42.7,8.5));
#16138 = SURFACE_CURVE('',#16139,(#16143,#16150),.PCURVE_S1.);
#16139 = LINE('',#16140,#16141);
#16140 = CARTESIAN_POINT('',(-36.61666666666,42.616666666667,
    8.583333333333));
#16141 = VECTOR('',#16142,1.);
#16142 = DIRECTION('',(-0.57735026919,0.57735026919,-0.57735026919));
#16143 = PCURVE('',#14504,#16144);
#16144 = DEFINITIONAL_REPRESENTATION('',(#16145),#16149);
#16145 = LINE('',#16146,#16147);
#16146 = CARTESIAN_POINT('',(-1.083333333333,0.235702260396));
#16147 = VECTOR('',#16148,1.);
#16148 = DIRECTION('',(0.57735026919,0.816496580928));
#16149 = ( GEOMETRIC_REPRESENTATION_CONTEXT(2) 
PARAMETRIC_REPRESENTATION_CONTEXT() REPRESENTATION_CONTEXT('2D SPACE',''
  ) );
#16150 = PCURVE('',#14755,#16151);
#16151 = DEFINITIONAL_REPRESENTATION('',(#16152),#16156);
#16152 = LINE('',#16153,#16154);
#16153 = CARTESIAN_POINT('',(0.416666666667,0.235702260396));
#16154 = VECTOR('',#16155,1.);
#16155 = DIRECTION('',(0.57735026919,0.816496580928));
#16156 = ( GEOMETRIC_REPRESENTATION_CONTEXT(2) 
PARAMETRIC_REPRESENTATION_CONTEXT() REPRESENTATION_CONTEXT('2D SPACE',''
  ) );
#16157 = ORIENTED_EDGE('',*,*,#16158,.F.);
#16158 = EDGE_CURVE('',#16085,#16136,#16159,.T.);
#16159 = SURFACE_CURVE('',#16160,(#16164,#16171),.PCURVE_S1.);
#16160 = LINE('',#16161,#16162);
#16161 = CARTESIAN_POINT('',(-37.7,42.7,8.5));
#16162 = VECTOR('',#16163,1.);
#16163 = DIRECTION('',(1.,0.,0.));
#16164 = PCURVE('',#14504,#16165);
#16165 = DEFINITIONAL_REPRESENTATION('',(#16166),#16170);
#16166 = LINE('',#16167,#16168);
#16167 = CARTESIAN_POINT('',(-0.,0.353553390593));
#16168 = VECTOR('',#16169,1.);
#16169 = DIRECTION('',(-1.,0.));
#16170 = ( GEOMETRIC_REPRESENTATION_CONTEXT(2) 
PARAMETRIC_REPRESENTATION_CONTEXT() REPRESENTATION_CONTEXT('2D SPACE',''
  ) );
#16171 = PCURVE('',#16069,#16172);
#16172 = DEFINITIONAL_REPRESENTATION('',(#16173),#16177);
#16173 = LINE('',#16174,#16175);
#16174 = CARTESIAN_POINT('',(0.,0.5));
#16175 = VECTOR('',#16176,1.);
#16176 = DIRECTION('',(1.,0.));
#16177 = ( GEOMETRIC_REPRESENTATION_CONTEXT(2) 
PARAMETRIC_REPRESENTATION_CONTEXT() REPRESENTATION_CONTEXT('2D SPACE',''
  ) );
#16178 = ADVANCED_FACE('',(#16179),#14561,.F.);
#16179 = FACE_BOUND('',#16180,.T.);
#16180 = EDGE_LOOP('',(#16181,#16204,#16205,#16228));
#16181 = ORIENTED_EDGE('',*,*,#16182,.F.);
#16182 = EDGE_CURVE('',#14546,#16183,#16185,.T.);
#16183 = VERTEX_POINT('',#16184);
#16184 = CARTESIAN_POINT('',(-37.2,-42.7,8.5));
#16185 = SURFACE_CURVE('',#16186,(#16190,#16197),.PCURVE_S1.);
#16186 = LINE('',#16187,#16188);
#16187 = CARTESIAN_POINT('',(-35.03333333333,-44.86666666666,
    6.333333333333));
#16188 = VECTOR('',#16189,1.);
#16189 = DIRECTION('',(0.57735026919,-0.57735026919,-0.57735026919));
#16190 = PCURVE('',#14561,#16191);
#16191 = DEFINITIONAL_REPRESENTATION('',(#16192),#16196);
#16192 = LINE('',#16193,#16194);
#16193 = CARTESIAN_POINT('',(-2.666666666667,3.417682775735));
#16194 = VECTOR('',#16195,1.);
#16195 = DIRECTION('',(-0.57735026919,0.816496580928));
#16196 = ( GEOMETRIC_REPRESENTATION_CONTEXT(2) 
PARAMETRIC_REPRESENTATION_CONTEXT() REPRESENTATION_CONTEXT('2D SPACE',''
  ) );
#16197 = PCURVE('',#14636,#16198);
#16198 = DEFINITIONAL_REPRESENTATION('',(#16199),#16203);
#16199 = LINE('',#16200,#16201);
#16200 = CARTESIAN_POINT('',(12.333333333333,3.417682775735));
#16201 = VECTOR('',#16202,1.);
#16202 = DIRECTION('',(-0.57735026919,0.816496580928));
#16203 = ( GEOMETRIC_REPRESENTATION_CONTEXT(2) 
PARAMETRIC_REPRESENTATION_CONTEXT() REPRESENTATION_CONTEXT('2D SPACE',''
  ) );
#16204 = ORIENTED_EDGE('',*,*,#14545,.T.);
#16205 = ORIENTED_EDGE('',*,*,#16206,.T.);
#16206 = EDGE_CURVE('',#14523,#16207,#16209,.T.);
#16207 = VERTEX_POINT('',#16208);
#16208 = CARTESIAN_POINT('',(-36.7,-42.7,8.5));
#16209 = SURFACE_CURVE('',#16210,(#16214,#16221),.PCURVE_S1.);
#16210 = LINE('',#16211,#16212);
#16211 = CARTESIAN_POINT('',(-39.11666666666,-45.11666666666,
    6.083333333333));
#16212 = VECTOR('',#16213,1.);
#16213 = DIRECTION('',(-0.57735026919,-0.57735026919,-0.57735026919));
#16214 = PCURVE('',#14561,#16215);
#16215 = DEFINITIONAL_REPRESENTATION('',(#16216),#16220);
#16216 = LINE('',#16217,#16218);
#16217 = CARTESIAN_POINT('',(1.416666666667,3.771236166328));
#16218 = VECTOR('',#16219,1.);
#16219 = DIRECTION('',(0.57735026919,0.816496580928));
#16220 = ( GEOMETRIC_REPRESENTATION_CONTEXT(2) 
PARAMETRIC_REPRESENTATION_CONTEXT() REPRESENTATION_CONTEXT('2D SPACE',''
  ) );
#16221 = PCURVE('',#14723,#16222);
#16222 = DEFINITIONAL_REPRESENTATION('',(#16223),#16227);
#16223 = LINE('',#16224,#16225);
#16224 = CARTESIAN_POINT('',(12.083333333333,3.771236166328));
#16225 = VECTOR('',#16226,1.);
#16226 = DIRECTION('',(-0.57735026919,0.816496580928));
#16227 = ( GEOMETRIC_REPRESENTATION_CONTEXT(2) 
PARAMETRIC_REPRESENTATION_CONTEXT() REPRESENTATION_CONTEXT('2D SPACE',''
  ) );
#16228 = ORIENTED_EDGE('',*,*,#16229,.F.);
#16229 = EDGE_CURVE('',#16183,#16207,#16230,.T.);
#16230 = SURFACE_CURVE('',#16231,(#16235,#16242),.PCURVE_S1.);
#16231 = LINE('',#16232,#16233);
#16232 = CARTESIAN_POINT('',(-37.7,-42.7,8.5));
#16233 = VECTOR('',#16234,1.);
#16234 = DIRECTION('',(1.,0.,0.));
#16235 = PCURVE('',#14561,#16236);
#16236 = DEFINITIONAL_REPRESENTATION('',(#16237),#16241);
#16237 = LINE('',#16238,#16239);
#16238 = CARTESIAN_POINT('',(-0.,0.353553390593));
#16239 = VECTOR('',#16240,1.);
#16240 = DIRECTION('',(-1.,0.));
#16241 = ( GEOMETRIC_REPRESENTATION_CONTEXT(2) 
PARAMETRIC_REPRESENTATION_CONTEXT() REPRESENTATION_CONTEXT('2D SPACE',''
  ) );
#16242 = PCURVE('',#16243,#16248);
#16243 = PLANE('',#16244);
#16244 = AXIS2_PLACEMENT_3D('',#16245,#16246,#16247);
#16245 = CARTESIAN_POINT('',(-37.7,-57.2,8.5));
#16246 = DIRECTION('',(0.,0.,1.));
#16247 = DIRECTION('',(1.,0.,0.));
#16248 = DEFINITIONAL_REPRESENTATION('',(#16249),#16253);
#16249 = LINE('',#16250,#16251);
#16250 = CARTESIAN_POINT('',(0.,14.5));
#16251 = VECTOR('',#16252,1.);
#16252 = DIRECTION('',(1.,0.));
#16253 = ( GEOMETRIC_REPRESENTATION_CONTEXT(2) 
PARAMETRIC_REPRESENTATION_CONTEXT() REPRESENTATION_CONTEXT('2D SPACE',''
  ) );
#16254 = ADVANCED_FACE('',(#16255),#14636,.T.);
#16255 = FACE_BOUND('',#16256,.T.);
#16256 = EDGE_LOOP('',(#16257,#16280,#16281,#16282));
#16257 = ORIENTED_EDGE('',*,*,#16258,.F.);
#16258 = EDGE_CURVE('',#14600,#16259,#16261,.T.);
#16259 = VERTEX_POINT('',#16260);
#16260 = CARTESIAN_POINT('',(-37.2,-56.7,8.5));
#16261 = SURFACE_CURVE('',#16262,(#16266,#16273),.PCURVE_S1.);
#16262 = LINE('',#16263,#16264);
#16263 = CARTESIAN_POINT('',(-37.53333333333,-57.03333333333,
    8.833333333333));
#16264 = VECTOR('',#16265,1.);
#16265 = DIRECTION('',(0.57735026919,0.57735026919,-0.57735026919));
#16266 = PCURVE('',#14636,#16267);
#16267 = DEFINITIONAL_REPRESENTATION('',(#16268),#16272);
#16268 = LINE('',#16269,#16270);
#16269 = CARTESIAN_POINT('',(0.166666666667,-0.117851130198));
#16270 = VECTOR('',#16271,1.);
#16271 = DIRECTION('',(0.57735026919,0.816496580928));
#16272 = ( GEOMETRIC_REPRESENTATION_CONTEXT(2) 
PARAMETRIC_REPRESENTATION_CONTEXT() REPRESENTATION_CONTEXT('2D SPACE',''
  ) );
#16273 = PCURVE('',#14690,#16274);
#16274 = DEFINITIONAL_REPRESENTATION('',(#16275),#16279);
#16275 = LINE('',#16276,#16277);
#16276 = CARTESIAN_POINT('',(-0.166666666667,-0.117851130198));
#16277 = VECTOR('',#16278,1.);
#16278 = DIRECTION('',(-0.57735026919,0.816496580928));
#16279 = ( GEOMETRIC_REPRESENTATION_CONTEXT(2) 
PARAMETRIC_REPRESENTATION_CONTEXT() REPRESENTATION_CONTEXT('2D SPACE',''
  ) );
#16280 = ORIENTED_EDGE('',*,*,#14622,.T.);
#16281 = ORIENTED_EDGE('',*,*,#16182,.T.);
#16282 = ORIENTED_EDGE('',*,*,#16283,.F.);
#16283 = EDGE_CURVE('',#16259,#16183,#16284,.T.);
#16284 = SURFACE_CURVE('',#16285,(#16289,#16296),.PCURVE_S1.);
#16285 = LINE('',#16286,#16287);
#16286 = CARTESIAN_POINT('',(-37.2,-57.2,8.5));
#16287 = VECTOR('',#16288,1.);
#16288 = DIRECTION('',(0.,1.,0.));
#16289 = PCURVE('',#14636,#16290);
#16290 = DEFINITIONAL_REPRESENTATION('',(#16291),#16295);
#16291 = LINE('',#16292,#16293);
#16292 = CARTESIAN_POINT('',(0.,0.353553390593));
#16293 = VECTOR('',#16294,1.);
#16294 = DIRECTION('',(1.,0.));
#16295 = ( GEOMETRIC_REPRESENTATION_CONTEXT(2) 
PARAMETRIC_REPRESENTATION_CONTEXT() REPRESENTATION_CONTEXT('2D SPACE',''
  ) );
#16296 = PCURVE('',#16243,#16297);
#16297 = DEFINITIONAL_REPRESENTATION('',(#16298),#16302);
#16298 = LINE('',#16299,#16300);
#16299 = CARTESIAN_POINT('',(0.5,0.));
#16300 = VECTOR('',#16301,1.);
#16301 = DIRECTION('',(0.,1.));
#16302 = ( GEOMETRIC_REPRESENTATION_CONTEXT(2) 
PARAMETRIC_REPRESENTATION_CONTEXT() REPRESENTATION_CONTEXT('2D SPACE',''
  ) );
#16303 = ADVANCED_FACE('',(#16304),#14690,.T.);
#16304 = FACE_BOUND('',#16305,.F.);
#16305 = EDGE_LOOP('',(#16306,#16307,#16308,#16331));
#16306 = ORIENTED_EDGE('',*,*,#16258,.F.);
#16307 = ORIENTED_EDGE('',*,*,#14676,.T.);
#16308 = ORIENTED_EDGE('',*,*,#16309,.T.);
#16309 = EDGE_CURVE('',#14654,#16310,#16312,.T.);
#16310 = VERTEX_POINT('',#16311);
#16311 = CARTESIAN_POINT('',(-36.7,-56.7,8.5));
#16312 = SURFACE_CURVE('',#16313,(#16317,#16324),.PCURVE_S1.);
#16313 = LINE('',#16314,#16315);
#16314 = CARTESIAN_POINT('',(-36.61666666666,-56.78333333333,
    8.583333333333));
#16315 = VECTOR('',#16316,1.);
#16316 = DIRECTION('',(-0.57735026919,0.57735026919,-0.57735026919));
#16317 = PCURVE('',#14690,#16318);
#16318 = DEFINITIONAL_REPRESENTATION('',(#16319),#16323);
#16319 = LINE('',#16320,#16321);
#16320 = CARTESIAN_POINT('',(-1.083333333333,0.235702260396));
#16321 = VECTOR('',#16322,1.);
#16322 = DIRECTION('',(0.57735026919,0.816496580928));
#16323 = ( GEOMETRIC_REPRESENTATION_CONTEXT(2) 
PARAMETRIC_REPRESENTATION_CONTEXT() REPRESENTATION_CONTEXT('2D SPACE',''
  ) );
#16324 = PCURVE('',#14723,#16325);
#16325 = DEFINITIONAL_REPRESENTATION('',(#16326),#16330);
#16326 = LINE('',#16327,#16328);
#16327 = CARTESIAN_POINT('',(0.416666666667,0.235702260396));
#16328 = VECTOR('',#16329,1.);
#16329 = DIRECTION('',(0.57735026919,0.816496580928));
#16330 = ( GEOMETRIC_REPRESENTATION_CONTEXT(2) 
PARAMETRIC_REPRESENTATION_CONTEXT() REPRESENTATION_CONTEXT('2D SPACE',''
  ) );
#16331 = ORIENTED_EDGE('',*,*,#16332,.F.);
#16332 = EDGE_CURVE('',#16259,#16310,#16333,.T.);
#16333 = SURFACE_CURVE('',#16334,(#16338,#16345),.PCURVE_S1.);
#16334 = LINE('',#16335,#16336);
#16335 = CARTESIAN_POINT('',(-37.7,-56.7,8.5));
#16336 = VECTOR('',#16337,1.);
#16337 = DIRECTION('',(1.,0.,0.));
#16338 = PCURVE('',#14690,#16339);
#16339 = DEFINITIONAL_REPRESENTATION('',(#16340),#16344);
#16340 = LINE('',#16341,#16342);
#16341 = CARTESIAN_POINT('',(-0.,0.353553390593));
#16342 = VECTOR('',#16343,1.);
#16343 = DIRECTION('',(-1.,0.));
#16344 = ( GEOMETRIC_REPRESENTATION_CONTEXT(2) 
PARAMETRIC_REPRESENTATION_CONTEXT() REPRESENTATION_CONTEXT('2D SPACE',''
  ) );
#16345 = PCURVE('',#16243,#16346);
#16346 = DEFINITIONAL_REPRESENTATION('',(#16347),#16351);
#16347 = LINE('',#16348,#16349);
#16348 = CARTESIAN_POINT('',(0.,0.5));
#16349 = VECTOR('',#16350,1.);
#16350 = DIRECTION('',(1.,0.));
#16351 = ( GEOMETRIC_REPRESENTATION_CONTEXT(2) 
PARAMETRIC_REPRESENTATION_CONTEXT() REPRESENTATION_CONTEXT('2D SPACE',''
  ) );
#16352 = ADVANCED_FACE('',(#16353),#14723,.F.);
#16353 = FACE_BOUND('',#16354,.F.);
#16354 = EDGE_LOOP('',(#16355,#16356,#16357,#16358));
#16355 = ORIENTED_EDGE('',*,*,#16309,.F.);
#16356 = ORIENTED_EDGE('',*,*,#14709,.T.);
#16357 = ORIENTED_EDGE('',*,*,#16206,.T.);
#16358 = ORIENTED_EDGE('',*,*,#16359,.F.);
#16359 = EDGE_CURVE('',#16310,#16207,#16360,.T.);
#16360 = SURFACE_CURVE('',#16361,(#16365,#16372),.PCURVE_S1.);
#16361 = LINE('',#16362,#16363);
#16362 = CARTESIAN_POINT('',(-36.7,-57.2,8.5));
#16363 = VECTOR('',#16364,1.);
#16364 = DIRECTION('',(0.,1.,0.));
#16365 = PCURVE('',#14723,#16366);
#16366 = DEFINITIONAL_REPRESENTATION('',(#16367),#16371);
#16367 = LINE('',#16368,#16369);
#16368 = CARTESIAN_POINT('',(0.,0.353553390593));
#16369 = VECTOR('',#16370,1.);
#16370 = DIRECTION('',(1.,0.));
#16371 = ( GEOMETRIC_REPRESENTATION_CONTEXT(2) 
PARAMETRIC_REPRESENTATION_CONTEXT() REPRESENTATION_CONTEXT('2D SPACE',''
  ) );
#16372 = PCURVE('',#16243,#16373);
#16373 = DEFINITIONAL_REPRESENTATION('',(#16374),#16378);
#16374 = LINE('',#16375,#16376);
#16375 = CARTESIAN_POINT('',(1.,0.));
#16376 = VECTOR('',#16377,1.);
#16377 = DIRECTION('',(0.,1.));
#16378 = ( GEOMETRIC_REPRESENTATION_CONTEXT(2) 
PARAMETRIC_REPRESENTATION_CONTEXT() REPRESENTATION_CONTEXT('2D SPACE',''
  ) );
#16379 = ADVANCED_FACE('',(#16380),#14755,.F.);
#16380 = FACE_BOUND('',#16381,.F.);
#16381 = EDGE_LOOP('',(#16382,#16383,#16384,#16385));
#16382 = ORIENTED_EDGE('',*,*,#16135,.F.);
#16383 = ORIENTED_EDGE('',*,*,#14741,.T.);
#16384 = ORIENTED_EDGE('',*,*,#16032,.T.);
#16385 = ORIENTED_EDGE('',*,*,#16386,.F.);
#16386 = EDGE_CURVE('',#16136,#16033,#16387,.T.);
#16387 = SURFACE_CURVE('',#16388,(#16392,#16399),.PCURVE_S1.);
#16388 = LINE('',#16389,#16390);
#16389 = CARTESIAN_POINT('',(-36.7,42.2,8.5));
#16390 = VECTOR('',#16391,1.);
#16391 = DIRECTION('',(0.,1.,0.));
#16392 = PCURVE('',#14755,#16393);
#16393 = DEFINITIONAL_REPRESENTATION('',(#16394),#16398);
#16394 = LINE('',#16395,#16396);
#16395 = CARTESIAN_POINT('',(0.,0.353553390593));
#16396 = VECTOR('',#16397,1.);
#16397 = DIRECTION('',(1.,0.));
#16398 = ( GEOMETRIC_REPRESENTATION_CONTEXT(2) 
PARAMETRIC_REPRESENTATION_CONTEXT() REPRESENTATION_CONTEXT('2D SPACE',''
  ) );
#16399 = PCURVE('',#16069,#16400);
#16400 = DEFINITIONAL_REPRESENTATION('',(#16401),#16405);
#16401 = LINE('',#16402,#16403);
#16402 = CARTESIAN_POINT('',(1.,0.));
#16403 = VECTOR('',#16404,1.);
#16404 = DIRECTION('',(0.,1.));
#16405 = ( GEOMETRIC_REPRESENTATION_CONTEXT(2) 
PARAMETRIC_REPRESENTATION_CONTEXT() REPRESENTATION_CONTEXT('2D SPACE',''
  ) );
#16406 = ADVANCED_FACE('',(#16407),#14787,.T.);
#16407 = FACE_BOUND('',#16408,.F.);
#16408 = EDGE_LOOP('',(#16409,#16410,#16411,#16412));
#16409 = ORIENTED_EDGE('',*,*,#15263,.F.);
#16410 = ORIENTED_EDGE('',*,*,#14773,.T.);
#16411 = ORIENTED_EDGE('',*,*,#15138,.T.);
#16412 = ORIENTED_EDGE('',*,*,#16413,.F.);
#16413 = EDGE_CURVE('',#15264,#15139,#16414,.T.);
#16414 = SURFACE_CURVE('',#16415,(#16419,#16426),.PCURVE_S1.);
#16415 = LINE('',#16416,#16417);
#16416 = CARTESIAN_POINT('',(-24.7,69.2,8.5));
#16417 = VECTOR('',#16418,1.);
#16418 = DIRECTION('',(1.,0.,0.));
#16419 = PCURVE('',#14787,#16420);
#16420 = DEFINITIONAL_REPRESENTATION('',(#16421),#16425);
#16421 = LINE('',#16422,#16423);
#16422 = CARTESIAN_POINT('',(-0.,0.353553390593));
#16423 = VECTOR('',#16424,1.);
#16424 = DIRECTION('',(-1.,0.));
#16425 = ( GEOMETRIC_REPRESENTATION_CONTEXT(2) 
PARAMETRIC_REPRESENTATION_CONTEXT() REPRESENTATION_CONTEXT('2D SPACE',''
  ) );
#16426 = PCURVE('',#15199,#16427);
#16427 = DEFINITIONAL_REPRESENTATION('',(#16428),#16432);
#16428 = LINE('',#16429,#16430);
#16429 = CARTESIAN_POINT('',(0.,0.5));
#16430 = VECTOR('',#16431,1.);
#16431 = DIRECTION('',(1.,0.));
#16432 = ( GEOMETRIC_REPRESENTATION_CONTEXT(2) 
PARAMETRIC_REPRESENTATION_CONTEXT() REPRESENTATION_CONTEXT('2D SPACE',''
  ) );
#16433 = ADVANCED_FACE('',(#16434),#14819,.T.);
#16434 = FACE_BOUND('',#16435,.F.);
#16435 = EDGE_LOOP('',(#16436,#16437,#16438,#16439));
#16436 = ORIENTED_EDGE('',*,*,#15089,.F.);
#16437 = ORIENTED_EDGE('',*,*,#14805,.T.);
#16438 = ORIENTED_EDGE('',*,*,#14964,.T.);
#16439 = ORIENTED_EDGE('',*,*,#16440,.F.);
#16440 = EDGE_CURVE('',#15090,#14965,#16441,.T.);
#16441 = SURFACE_CURVE('',#16442,(#16446,#16453),.PCURVE_S1.);
#16442 = LINE('',#16443,#16444);
#16443 = CARTESIAN_POINT('',(9.7,69.2,8.5));
#16444 = VECTOR('',#16445,1.);
#16445 = DIRECTION('',(1.,0.,0.));
#16446 = PCURVE('',#14819,#16447);
#16447 = DEFINITIONAL_REPRESENTATION('',(#16448),#16452);
#16448 = LINE('',#16449,#16450);
#16449 = CARTESIAN_POINT('',(-0.,0.353553390593));
#16450 = VECTOR('',#16451,1.);
#16451 = DIRECTION('',(-1.,0.));
#16452 = ( GEOMETRIC_REPRESENTATION_CONTEXT(2) 
PARAMETRIC_REPRESENTATION_CONTEXT() REPRESENTATION_CONTEXT('2D SPACE',''
  ) );
#16453 = PCURVE('',#15025,#16454);
#16454 = DEFINITIONAL_REPRESENTATION('',(#16455),#16459);
#16455 = LINE('',#16456,#16457);
#16456 = CARTESIAN_POINT('',(0.,0.5));
#16457 = VECTOR('',#16458,1.);
#16458 = DIRECTION('',(1.,0.));
#16459 = ( GEOMETRIC_REPRESENTATION_CONTEXT(2) 
PARAMETRIC_REPRESENTATION_CONTEXT() REPRESENTATION_CONTEXT('2D SPACE',''
  ) );
#16460 = ADVANCED_FACE('',(#16461),#14851,.T.);
#16461 = FACE_BOUND('',#16462,.T.);
#16462 = EDGE_LOOP('',(#16463,#16464,#16465,#16466));
#16463 = ORIENTED_EDGE('',*,*,#15437,.F.);
#16464 = ORIENTED_EDGE('',*,*,#14837,.T.);
#16465 = ORIENTED_EDGE('',*,*,#15312,.T.);
#16466 = ORIENTED_EDGE('',*,*,#16467,.F.);
#16467 = EDGE_CURVE('',#15438,#15313,#16468,.T.);
#16468 = SURFACE_CURVE('',#16469,(#16473,#16480),.PCURVE_S1.);
#16469 = LINE('',#16470,#16471);
#16470 = CARTESIAN_POINT('',(36.7,42.2,8.5));
#16471 = VECTOR('',#16472,1.);
#16472 = DIRECTION('',(0.,1.,0.));
#16473 = PCURVE('',#14851,#16474);
#16474 = DEFINITIONAL_REPRESENTATION('',(#16475),#16479);
#16475 = LINE('',#16476,#16477);
#16476 = CARTESIAN_POINT('',(0.,0.353553390593));
#16477 = VECTOR('',#16478,1.);
#16478 = DIRECTION('',(1.,0.));
#16479 = ( GEOMETRIC_REPRESENTATION_CONTEXT(2) 
PARAMETRIC_REPRESENTATION_CONTEXT() REPRESENTATION_CONTEXT('2D SPACE',''
  ) );
#16480 = PCURVE('',#15373,#16481);
#16481 = DEFINITIONAL_REPRESENTATION('',(#16482),#16486);
#16482 = LINE('',#16483,#16484);
#16483 = CARTESIAN_POINT('',(0.5,0.));
#16484 = VECTOR('',#16485,1.);
#16485 = DIRECTION('',(0.,1.));
#16486 = ( GEOMETRIC_REPRESENTATION_CONTEXT(2) 
PARAMETRIC_REPRESENTATION_CONTEXT() REPRESENTATION_CONTEXT('2D SPACE',''
  ) );
#16487 = ADVANCED_FACE('',(#16488),#14883,.T.);
#16488 = FACE_BOUND('',#16489,.T.);
#16489 = EDGE_LOOP('',(#16490,#16491,#16492,#16493));
#16490 = ORIENTED_EDGE('',*,*,#15611,.F.);
#16491 = ORIENTED_EDGE('',*,*,#14869,.T.);
#16492 = ORIENTED_EDGE('',*,*,#15486,.T.);
#16493 = ORIENTED_EDGE('',*,*,#16494,.F.);
#16494 = EDGE_CURVE('',#15612,#15487,#16495,.T.);
#16495 = SURFACE_CURVE('',#16496,(#16500,#16507),.PCURVE_S1.);
#16496 = LINE('',#16497,#16498);
#16497 = CARTESIAN_POINT('',(36.7,-57.2,8.5));
#16498 = VECTOR('',#16499,1.);
#16499 = DIRECTION('',(0.,1.,0.));
#16500 = PCURVE('',#14883,#16501);
#16501 = DEFINITIONAL_REPRESENTATION('',(#16502),#16506);
#16502 = LINE('',#16503,#16504);
#16503 = CARTESIAN_POINT('',(0.,0.353553390593));
#16504 = VECTOR('',#16505,1.);
#16505 = DIRECTION('',(1.,0.));
#16506 = ( GEOMETRIC_REPRESENTATION_CONTEXT(2) 
PARAMETRIC_REPRESENTATION_CONTEXT() REPRESENTATION_CONTEXT('2D SPACE',''
  ) );
#16507 = PCURVE('',#15547,#16508);
#16508 = DEFINITIONAL_REPRESENTATION('',(#16509),#16513);
#16509 = LINE('',#16510,#16511);
#16510 = CARTESIAN_POINT('',(0.5,0.));
#16511 = VECTOR('',#16512,1.);
#16512 = DIRECTION('',(0.,1.));
#16513 = ( GEOMETRIC_REPRESENTATION_CONTEXT(2) 
PARAMETRIC_REPRESENTATION_CONTEXT() REPRESENTATION_CONTEXT('2D SPACE',''
  ) );
#16514 = ADVANCED_FACE('',(#16515),#14915,.F.);
#16515 = FACE_BOUND('',#16516,.T.);
#16516 = EDGE_LOOP('',(#16517,#16518,#16519,#16520));
#16517 = ORIENTED_EDGE('',*,*,#15787,.F.);
#16518 = ORIENTED_EDGE('',*,*,#14901,.T.);
#16519 = ORIENTED_EDGE('',*,*,#15684,.T.);
#16520 = ORIENTED_EDGE('',*,*,#16521,.F.);
#16521 = EDGE_CURVE('',#15788,#15685,#16522,.T.);
#16522 = SURFACE_CURVE('',#16523,(#16527,#16534),.PCURVE_S1.);
#16523 = LINE('',#16524,#16525);
#16524 = CARTESIAN_POINT('',(9.7,-69.2,8.5));
#16525 = VECTOR('',#16526,1.);
#16526 = DIRECTION('',(1.,0.,0.));
#16527 = PCURVE('',#14915,#16528);
#16528 = DEFINITIONAL_REPRESENTATION('',(#16529),#16533);
#16529 = LINE('',#16530,#16531);
#16530 = CARTESIAN_POINT('',(-0.,0.353553390593));
#16531 = VECTOR('',#16532,1.);
#16532 = DIRECTION('',(-1.,0.));
#16533 = ( GEOMETRIC_REPRESENTATION_CONTEXT(2) 
PARAMETRIC_REPRESENTATION_CONTEXT() REPRESENTATION_CONTEXT('2D SPACE',''
  ) );
#16534 = PCURVE('',#15721,#16535);
#16535 = DEFINITIONAL_REPRESENTATION('',(#16536),#16540);
#16536 = LINE('',#16537,#16538);
#16537 = CARTESIAN_POINT('',(0.,1.));
#16538 = VECTOR('',#16539,1.);
#16539 = DIRECTION('',(1.,0.));
#16540 = ( GEOMETRIC_REPRESENTATION_CONTEXT(2) 
PARAMETRIC_REPRESENTATION_CONTEXT() REPRESENTATION_CONTEXT('2D SPACE',''
  ) );
#16541 = ADVANCED_FACE('',(#16542),#14947,.F.);
#16542 = FACE_BOUND('',#16543,.T.);
#16543 = EDGE_LOOP('',(#16544,#16545,#16546,#16547));
#16544 = ORIENTED_EDGE('',*,*,#15961,.F.);
#16545 = ORIENTED_EDGE('',*,*,#14933,.T.);
#16546 = ORIENTED_EDGE('',*,*,#15858,.T.);
#16547 = ORIENTED_EDGE('',*,*,#16548,.F.);
#16548 = EDGE_CURVE('',#15962,#15859,#16549,.T.);
#16549 = SURFACE_CURVE('',#16550,(#16554,#16561),.PCURVE_S1.);
#16550 = LINE('',#16551,#16552);
#16551 = CARTESIAN_POINT('',(-24.7,-69.2,8.5));
#16552 = VECTOR('',#16553,1.);
#16553 = DIRECTION('',(1.,0.,0.));
#16554 = PCURVE('',#14947,#16555);
#16555 = DEFINITIONAL_REPRESENTATION('',(#16556),#16560);
#16556 = LINE('',#16557,#16558);
#16557 = CARTESIAN_POINT('',(-0.,0.353553390593));
#16558 = VECTOR('',#16559,1.);
#16559 = DIRECTION('',(-1.,0.));
#16560 = ( GEOMETRIC_REPRESENTATION_CONTEXT(2) 
PARAMETRIC_REPRESENTATION_CONTEXT() REPRESENTATION_CONTEXT('2D SPACE',''
  ) );
#16561 = PCURVE('',#15895,#16562);
#16562 = DEFINITIONAL_REPRESENTATION('',(#16563),#16567);
#16563 = LINE('',#16564,#16565);
#16564 = CARTESIAN_POINT('',(0.,1.));
#16565 = VECTOR('',#16566,1.);
#16566 = DIRECTION('',(1.,0.));
#16567 = ( GEOMETRIC_REPRESENTATION_CONTEXT(2) 
PARAMETRIC_REPRESENTATION_CONTEXT() REPRESENTATION_CONTEXT('2D SPACE',''
  ) );
#16568 = ADVANCED_FACE('',(#16569),#15025,.F.);
#16569 = FACE_BOUND('',#16570,.F.);
#16570 = EDGE_LOOP('',(#16571,#16572,#16573,#16574));
#16571 = ORIENTED_EDGE('',*,*,#15114,.F.);
#16572 = ORIENTED_EDGE('',*,*,#16440,.T.);
#16573 = ORIENTED_EDGE('',*,*,#15011,.T.);
#16574 = ORIENTED_EDGE('',*,*,#15065,.F.);
#16575 = ADVANCED_FACE('',(#16576),#15199,.F.);
#16576 = FACE_BOUND('',#16577,.F.);
#16577 = EDGE_LOOP('',(#16578,#16579,#16580,#16581));
#16578 = ORIENTED_EDGE('',*,*,#15288,.F.);
#16579 = ORIENTED_EDGE('',*,*,#16413,.T.);
#16580 = ORIENTED_EDGE('',*,*,#15185,.T.);
#16581 = ORIENTED_EDGE('',*,*,#15239,.F.);
#16582 = ADVANCED_FACE('',(#16583),#15373,.F.);
#16583 = FACE_BOUND('',#16584,.F.);
#16584 = EDGE_LOOP('',(#16585,#16586,#16587,#16588));
#16585 = ORIENTED_EDGE('',*,*,#16467,.F.);
#16586 = ORIENTED_EDGE('',*,*,#15462,.T.);
#16587 = ORIENTED_EDGE('',*,*,#15413,.T.);
#16588 = ORIENTED_EDGE('',*,*,#15359,.F.);
#16589 = ADVANCED_FACE('',(#16590),#15547,.F.);
#16590 = FACE_BOUND('',#16591,.F.);
#16591 = EDGE_LOOP('',(#16592,#16593,#16594,#16595));
#16592 = ORIENTED_EDGE('',*,*,#16494,.F.);
#16593 = ORIENTED_EDGE('',*,*,#15636,.T.);
#16594 = ORIENTED_EDGE('',*,*,#15587,.T.);
#16595 = ORIENTED_EDGE('',*,*,#15533,.F.);
#16596 = ADVANCED_FACE('',(#16597),#15721,.F.);
#16597 = FACE_BOUND('',#16598,.F.);
#16598 = EDGE_LOOP('',(#16599,#16600,#16601,#16602));
#16599 = ORIENTED_EDGE('',*,*,#15810,.F.);
#16600 = ORIENTED_EDGE('',*,*,#15761,.T.);
#16601 = ORIENTED_EDGE('',*,*,#15707,.T.);
#16602 = ORIENTED_EDGE('',*,*,#16521,.F.);
#16603 = ADVANCED_FACE('',(#16604),#15895,.F.);
#16604 = FACE_BOUND('',#16605,.F.);
#16605 = EDGE_LOOP('',(#16606,#16607,#16608,#16609));
#16606 = ORIENTED_EDGE('',*,*,#15984,.F.);
#16607 = ORIENTED_EDGE('',*,*,#15935,.T.);
#16608 = ORIENTED_EDGE('',*,*,#15881,.T.);
#16609 = ORIENTED_EDGE('',*,*,#16548,.F.);
#16610 = ADVANCED_FACE('',(#16611),#16069,.F.);
#16611 = FACE_BOUND('',#16612,.F.);
#16612 = EDGE_LOOP('',(#16613,#16614,#16615,#16616));
#16613 = ORIENTED_EDGE('',*,*,#16109,.F.);
#16614 = ORIENTED_EDGE('',*,*,#16158,.T.);
#16615 = ORIENTED_EDGE('',*,*,#16386,.T.);
#16616 = ORIENTED_EDGE('',*,*,#16055,.F.);
#16617 = ADVANCED_FACE('',(#16618),#16243,.F.);
#16618 = FACE_BOUND('',#16619,.F.);
#16619 = EDGE_LOOP('',(#16620,#16621,#16622,#16623));
#16620 = ORIENTED_EDGE('',*,*,#16283,.F.);
#16621 = ORIENTED_EDGE('',*,*,#16332,.T.);
#16622 = ORIENTED_EDGE('',*,*,#16359,.T.);
#16623 = ORIENTED_EDGE('',*,*,#16229,.F.);
#16624 = ( GEOMETRIC_REPRESENTATION_CONTEXT(3) 
GLOBAL_UNCERTAINTY_ASSIGNED_CONTEXT((#16628)) 
GLOBAL_UNIT_ASSIGNED_CONTEXT((#16625,#16626,#16627)) 
REPRESENTATION_CONTEXT('Context #1',
  '3D Context with UNIT and UNCERTAINTY') );
#16625 = ( LENGTH_UNIT() NAMED_UNIT(*) SI_UNIT(.MILLI.,.METRE.) );
#16626 = ( NAMED_UNIT(*) PLANE_ANGLE_UNIT() SI_UNIT($,.RADIAN.) );
#16627 = ( NAMED_UNIT(*) SI_UNIT($,.STERADIAN.) SOLID_ANGLE_UNIT() );
#16628 = UNCERTAINTY_MEASURE_WITH_UNIT(LENGTH_MEASURE(2.E-06),#16625,
  'distance_accuracy_value','confusion accuracy');
#16629 = CONTEXT_DEPENDENT_SHAPE_REPRESENTATION(#16630,#16632);
#16630 = ( REPRESENTATION_RELATIONSHIP('','',#8336,#10) 
REPRESENTATION_RELATIONSHIP_WITH_TRANSFORMATION(#16631) 
SHAPE_REPRESENTATION_RELATIONSHIP() );
#16631 = ITEM_DEFINED_TRANSFORMATION('','',#11,#19);
#16632 = PRODUCT_DEFINITION_SHAPE('Placement','Placement of an item',
  #16633);
#16633 = NEXT_ASSEMBLY_USAGE_OCCURRENCE('2','=>[0:1:1:3]','',#5,#8331,$
  );
#16634 = PRODUCT_RELATED_PRODUCT_CATEGORY('part',$,(#8333));
ENDSEC;
END-ISO-10303-21;
